2025-12-10 12:05:40 - Tables created successfully
2025-12-10 12:05:40 - Form submission started - Array
(
    [fullName] => Dilshan
    [nameWithInitials] => kasun
    [nicNo] => 200130400384
    [telNo] => 0717499981
    [dob] => 2007-12-10
    [email] => dkasun558@gmail.com
    [address] => 368/6 Rathnapura Road Kalawana
    [occupation] => IT
    [employerName] => Kasun Dilshan
    [beneficiaryName] => Array
        (
            [0] => Kassa
        )

    [beneficiaryNIC] => Array
        (
            [0] => 200130400385
        )

    [beneficiaryPercentage] => Array
        (
            [0] => 100
        )

    [years] => 2
    [signingDate] => 2025-12-10
    [accountNo] => 87223146
    [bank] => BOC
    [branch] => Colombo
    [declaration] => accepted
    [declarationDate] => 2025-12-10
)

2025-12-10 12:05:40 - Files received - Array
(
    [signatureUpload] => Array
        (
            [name] => ID_1 (2).pdf
            [type] => application/pdf
            [tmp_name] => C:\xampp\tmp\php5BBA.tmp
            [error] => 0
            [size] => 149739
        )

    [investorId] => Array
        (
            [name] => ID_1 (2).pdf
            [type] => application/pdf
            [tmp_name] => C:\xampp\tmp\php5BBB.tmp
            [error] => 0
            [size] => 149739
        )

    [beneficiaryId] => Array
        (
            [name] => ID_1 (3).pdf
            [type] => application/pdf
            [tmp_name] => C:\xampp\tmp\php5BCB.tmp
            [error] => 0
            [size] => 149739
        )

    [passbook] => Array
        (
            [name] => ID_1.pdf
            [type] => application/pdf
            [tmp_name] => C:\xampp\tmp\php5BCC.tmp
            [error] => 0
            [size] => 149739
        )

    [paymentSlip] => Array
        (
            [name] => Bank_Slip_1.pdf
            [type] => application/pdf
            [tmp_name] => C:\xampp\tmp\php5BCD.tmp
            [error] => 0
            [size] => 150243
        )

    [finalSignature] => Array
        (
            [name] => ID_1 (2).pdf
            [type] => application/pdf
            [tmp_name] => C:\xampp\tmp\php5BCE.tmp
            [error] => 0
            [size] => 149739
        )

)

2025-12-10 12:05:40 - POST request received
2025-12-10 12:05:40 - Processing form data - Array
(
    [fullName] => Dilshan
    [nameWithInitials] => kasun
    [nicNo] => 200130400384
    [telNo] => 0717499981
    [dob] => 2007-12-10
    [email] => dkasun558@gmail.com
    [address] => 368/6 Rathnapura Road Kalawana
    [occupation] => IT
    [employerName] => Kasun Dilshan
    [beneficiaryName] => Array
        (
            [0] => Kassa
        )

    [beneficiaryNIC] => Array
        (
            [0] => 200130400385
        )

    [beneficiaryPercentage] => Array
        (
            [0] => 100
        )

    [years] => 2
    [signingDate] => 2025-12-10
    [accountNo] => 87223146
    [bank] => BOC
    [branch] => Colombo
    [declaration] => accepted
    [declarationDate] => 2025-12-10
)

2025-12-10 12:05:40 - Attempting to upload file - Array
(
    [source] => C:\xampp\tmp\php5BBA.tmp
    [destination] => C:\xampp\htdocs\eco-wealth-portal/uploads/693914bc4280d_1765348540_ID_1__2_.pdf
    [file_size] => 149739
)

2025-12-10 12:05:40 - File uploaded successfully - 693914bc4280d_1765348540_ID_1__2_.pdf
2025-12-10 12:05:40 - Attempting to upload file - Array
(
    [source] => C:\xampp\tmp\php5BBB.tmp
    [destination] => C:\xampp\htdocs\eco-wealth-portal/uploads/693914bc42d7d_1765348540_ID_1__2_.pdf
    [file_size] => 149739
)

2025-12-10 12:05:40 - File uploaded successfully - 693914bc42d7d_1765348540_ID_1__2_.pdf
2025-12-10 12:05:40 - Attempting to upload file - Array
(
    [source] => C:\xampp\tmp\php5BCB.tmp
    [destination] => C:\xampp\htdocs\eco-wealth-portal/uploads/693914bc432c8_1765348540_ID_1__3_.pdf
    [file_size] => 149739
)

2025-12-10 12:05:40 - File uploaded successfully - 693914bc432c8_1765348540_ID_1__3_.pdf
2025-12-10 12:05:40 - Attempting to upload file - Array
(
    [source] => C:\xampp\tmp\php5BCC.tmp
    [destination] => C:\xampp\htdocs\eco-wealth-portal/uploads/693914bc43805_1765348540_ID_1.pdf
    [file_size] => 149739
)

2025-12-10 12:05:40 - File uploaded successfully - 693914bc43805_1765348540_ID_1.pdf
2025-12-10 12:05:40 - Attempting to upload file - Array
(
    [source] => C:\xampp\tmp\php5BCD.tmp
    [destination] => C:\xampp\htdocs\eco-wealth-portal/uploads/693914bc43fbd_1765348540_Bank_Slip_1.pdf
    [file_size] => 150243
)

2025-12-10 12:05:40 - File uploaded successfully - 693914bc43fbd_1765348540_Bank_Slip_1.pdf
2025-12-10 12:05:40 - Attempting to upload file - Array
(
    [source] => C:\xampp\tmp\php5BCE.tmp
    [destination] => C:\xampp\htdocs\eco-wealth-portal/uploads/693914bc44f0d_1765348540_ID_1__2_.pdf
    [file_size] => 149739
)

2025-12-10 12:05:40 - File uploaded successfully - 693914bc44f0d_1765348540_ID_1__2_.pdf
2025-12-10 12:05:40 - Cleaned up file on error - C:\xampp\htdocs\eco-wealth-portal/uploads/693914bc4280d_1765348540_ID_1__2_.pdf
2025-12-10 12:05:40 - Cleaned up file on error - C:\xampp\htdocs\eco-wealth-portal/uploads/693914bc42d7d_1765348540_ID_1__2_.pdf
2025-12-10 12:05:40 - Cleaned up file on error - C:\xampp\htdocs\eco-wealth-portal/uploads/693914bc432c8_1765348540_ID_1__3_.pdf
2025-12-10 12:05:40 - Cleaned up file on error - C:\xampp\htdocs\eco-wealth-portal/uploads/693914bc43805_1765348540_ID_1.pdf
2025-12-10 12:05:40 - Cleaned up file on error - C:\xampp\htdocs\eco-wealth-portal/uploads/693914bc43fbd_1765348540_Bank_Slip_1.pdf
2025-12-10 12:05:40 - Cleaned up file on error - C:\xampp\htdocs\eco-wealth-portal/uploads/693914bc44f0d_1765348540_ID_1__2_.pdf
2025-12-10 12:05:40 - Form processing error - SQLSTATE[23000]: Integrity constraint violation: 1062 Duplicate entry '200130400384' for key 'nic_no'
2025-12-10 12:05:40 - Redirecting back to index with error - Array
(
    [error] => SQLSTATE[23000]: Integrity constraint violation: 1062 Duplicate entry '200130400384' for key 'nic_no'
)

2025-12-10 12:08:09 - Tables created successfully
2025-12-10 12:08:09 - Form submission started - Array
(
    [fullName] => has
    [nameWithInitials] => asd
    [nicNo] => 22122112212
    [telNo] => 21131
    [dob] => 2007-12-10
    [email] => dkasun558@gmail.com
    [address] => 368/6 Rathnapura Road Kalawana
    [occupation] => IT
    [employerName] => Kasun Dilshan
    [beneficiaryName] => Array
        (
            [0] => Kassa
        )

    [beneficiaryNIC] => Array
        (
            [0] => 1211333
        )

    [beneficiaryPercentage] => Array
        (
            [0] => 100
        )

    [years] => 2
    [signingDate] => 2025-12-10
    [accountNo] => 21312312
    [bank] => BOC
    [branch] => Colombo
    [declaration] => accepted
    [declarationDate] => 2025-12-10
)

2025-12-10 12:08:09 - Files received - Array
(
    [signatureUpload] => Array
        (
            [name] => ID_1 (2).pdf
            [type] => application/pdf
            [tmp_name] => C:\xampp\tmp\phpA10C.tmp
            [error] => 0
            [size] => 149739
        )

    [investorId] => Array
        (
            [name] => ID_1 (2).pdf
            [type] => application/pdf
            [tmp_name] => C:\xampp\tmp\phpA12D.tmp
            [error] => 0
            [size] => 149739
        )

    [beneficiaryId] => Array
        (
            [name] => ID_1 (3).pdf
            [type] => application/pdf
            [tmp_name] => C:\xampp\tmp\phpA12E.tmp
            [error] => 0
            [size] => 149739
        )

    [passbook] => Array
        (
            [name] => ID_1.pdf
            [type] => application/pdf
            [tmp_name] => C:\xampp\tmp\phpA12F.tmp
            [error] => 0
            [size] => 149739
        )

    [paymentSlip] => Array
        (
            [name] => Bank_Slip_1.pdf
            [type] => application/pdf
            [tmp_name] => C:\xampp\tmp\phpA13F.tmp
            [error] => 0
            [size] => 150243
        )

    [finalSignature] => Array
        (
            [name] => ID_1 (2).pdf
            [type] => application/pdf
            [tmp_name] => C:\xampp\tmp\phpA150.tmp
            [error] => 0
            [size] => 149739
        )

)

2025-12-10 12:08:09 - POST request received
2025-12-10 12:08:09 - Processing form data - Array
(
    [fullName] => has
    [nameWithInitials] => asd
    [nicNo] => 22122112212
    [telNo] => 21131
    [dob] => 2007-12-10
    [email] => dkasun558@gmail.com
    [address] => 368/6 Rathnapura Road Kalawana
    [occupation] => IT
    [employerName] => Kasun Dilshan
    [beneficiaryName] => Array
        (
            [0] => Kassa
        )

    [beneficiaryNIC] => Array
        (
            [0] => 1211333
        )

    [beneficiaryPercentage] => Array
        (
            [0] => 100
        )

    [years] => 2
    [signingDate] => 2025-12-10
    [accountNo] => 21312312
    [bank] => BOC
    [branch] => Colombo
    [declaration] => accepted
    [declarationDate] => 2025-12-10
)

2025-12-10 12:08:09 - Attempting to upload file - Array
(
    [source] => C:\xampp\tmp\phpA10C.tmp
    [destination] => C:\xampp\htdocs\eco-wealth-portal/uploads/693915511e39c_1765348689_ID_1__2_.pdf
    [file_size] => 149739
)

2025-12-10 12:08:09 - File uploaded successfully - 693915511e39c_1765348689_ID_1__2_.pdf
2025-12-10 12:08:09 - Attempting to upload file - Array
(
    [source] => C:\xampp\tmp\phpA12D.tmp
    [destination] => C:\xampp\htdocs\eco-wealth-portal/uploads/693915511fc44_1765348689_ID_1__2_.pdf
    [file_size] => 149739
)

2025-12-10 12:08:09 - File uploaded successfully - 693915511fc44_1765348689_ID_1__2_.pdf
2025-12-10 12:08:09 - Attempting to upload file - Array
(
    [source] => C:\xampp\tmp\phpA12E.tmp
    [destination] => C:\xampp\htdocs\eco-wealth-portal/uploads/6939155121077_1765348689_ID_1__3_.pdf
    [file_size] => 149739
)

2025-12-10 12:08:09 - File uploaded successfully - 6939155121077_1765348689_ID_1__3_.pdf
2025-12-10 12:08:09 - Attempting to upload file - Array
(
    [source] => C:\xampp\tmp\phpA12F.tmp
    [destination] => C:\xampp\htdocs\eco-wealth-portal/uploads/693915512253d_1765348689_ID_1.pdf
    [file_size] => 149739
)

2025-12-10 12:08:09 - File uploaded successfully - 693915512253d_1765348689_ID_1.pdf
2025-12-10 12:08:09 - Attempting to upload file - Array
(
    [source] => C:\xampp\tmp\phpA13F.tmp
    [destination] => C:\xampp\htdocs\eco-wealth-portal/uploads/6939155123da6_1765348689_Bank_Slip_1.pdf
    [file_size] => 150243
)

2025-12-10 12:08:09 - File uploaded successfully - 6939155123da6_1765348689_Bank_Slip_1.pdf
2025-12-10 12:08:09 - Attempting to upload file - Array
(
    [source] => C:\xampp\tmp\phpA150.tmp
    [destination] => C:\xampp\htdocs\eco-wealth-portal/uploads/69391551251d7_1765348689_ID_1__2_.pdf
    [file_size] => 149739
)

2025-12-10 12:08:09 - File uploaded successfully - 69391551251d7_1765348689_ID_1__2_.pdf
2025-12-10 12:08:09 - Investor inserted successfully - Array
(
    [id] => 3
)

2025-12-10 12:08:09 - Beneficiary inserted - Array
(
    [investor_id] => 3
    [name] => Kassa
)

2025-12-10 12:08:09 - Transaction committed successfully - Array
(
    [application_id] => 3
)

2025-12-10 12:08:11 - Email sending attempt - Array
(
    [sent] => 
    [to] => dkasun558@gmail.com
)

2025-12-10 12:08:11 - Redirecting to submit.php - Array
(
    [application_id] => 3
)

2025-12-10 12:08:46 - Tables created successfully
2025-12-10 12:10:02 - Tables created successfully
2025-12-10 12:10:02 - Form submission started - Array
(
    [fullName] => dasdas
    [nameWithInitials] => dasd
    [nicNo] => 21312
    [telNo] => 2123123
    [dob] => 2007-12-10
    [email] => dkasun558@gmail.com
    [address] => 368/6 Rathnapura Road Kalawana
    [occupation] => ada
    [employerName] => ad
    [beneficiaryName] => Array
        (
            [0] => asdas
        )

    [beneficiaryNIC] => Array
        (
            [0] => 213123
        )

    [beneficiaryPercentage] => Array
        (
            [0] => 100
        )

    [years] => 2
    [signingDate] => 2025-12-10
    [accountNo] => 221312
    [bank] => SDS
    [branch] => ASDAD
    [declaration] => accepted
    [declarationDate] => 2025-12-10
)

2025-12-10 12:10:02 - Files received - Array
(
    [signatureUpload] => Array
        (
            [name] => ID_1 (2).pdf
            [type] => application/pdf
            [tmp_name] => C:\xampp\tmp\php5C9D.tmp
            [error] => 0
            [size] => 149739
        )

    [investorId] => Array
        (
            [name] => ID_1 (2).pdf
            [type] => application/pdf
            [tmp_name] => C:\xampp\tmp\php5C9E.tmp
            [error] => 0
            [size] => 149739
        )

    [beneficiaryId] => Array
        (
            [name] => ID_1.pdf
            [type] => application/pdf
            [tmp_name] => C:\xampp\tmp\php5CAF.tmp
            [error] => 0
            [size] => 149739
        )

    [passbook] => Array
        (
            [name] => ID_1 (3).pdf
            [type] => application/pdf
            [tmp_name] => C:\xampp\tmp\php5CB0.tmp
            [error] => 0
            [size] => 149739
        )

    [paymentSlip] => Array
        (
            [name] => Bank_Slip_1.pdf
            [type] => application/pdf
            [tmp_name] => C:\xampp\tmp\php5CB1.tmp
            [error] => 0
            [size] => 150243
        )

    [finalSignature] => Array
        (
            [name] => ID_1 (2).pdf
            [type] => application/pdf
            [tmp_name] => C:\xampp\tmp\php5CC1.tmp
            [error] => 0
            [size] => 149739
        )

)

2025-12-10 12:10:02 - POST request received
2025-12-10 12:10:02 - Processing form data - Array
(
    [fullName] => dasdas
    [nameWithInitials] => dasd
    [nicNo] => 21312
    [telNo] => 2123123
    [dob] => 2007-12-10
    [email] => dkasun558@gmail.com
    [address] => 368/6 Rathnapura Road Kalawana
    [occupation] => ada
    [employerName] => ad
    [beneficiaryName] => Array
        (
            [0] => asdas
        )

    [beneficiaryNIC] => Array
        (
            [0] => 213123
        )

    [beneficiaryPercentage] => Array
        (
            [0] => 100
        )

    [years] => 2
    [signingDate] => 2025-12-10
    [accountNo] => 221312
    [bank] => SDS
    [branch] => ASDAD
    [declaration] => accepted
    [declarationDate] => 2025-12-10
)

2025-12-10 12:10:02 - Attempting to upload file - Array
(
    [source] => C:\xampp\tmp\php5C9D.tmp
    [destination] => C:\xampp\htdocs\eco-wealth-portal/uploads/693915c299be9_1765348802_ID_1__2_.pdf
    [file_size] => 149739
)

2025-12-10 12:10:02 - File uploaded successfully - 693915c299be9_1765348802_ID_1__2_.pdf
2025-12-10 12:10:02 - Attempting to upload file - Array
(
    [source] => C:\xampp\tmp\php5C9E.tmp
    [destination] => C:\xampp\htdocs\eco-wealth-portal/uploads/693915c29b2d5_1765348802_ID_1__2_.pdf
    [file_size] => 149739
)

2025-12-10 12:10:02 - File uploaded successfully - 693915c29b2d5_1765348802_ID_1__2_.pdf
2025-12-10 12:10:02 - Attempting to upload file - Array
(
    [source] => C:\xampp\tmp\php5CAF.tmp
    [destination] => C:\xampp\htdocs\eco-wealth-portal/uploads/693915c29caa2_1765348802_ID_1.pdf
    [file_size] => 149739
)

2025-12-10 12:10:02 - File uploaded successfully - 693915c29caa2_1765348802_ID_1.pdf
2025-12-10 12:10:02 - Attempting to upload file - Array
(
    [source] => C:\xampp\tmp\php5CB0.tmp
    [destination] => C:\xampp\htdocs\eco-wealth-portal/uploads/693915c29dea7_1765348802_ID_1__3_.pdf
    [file_size] => 149739
)

2025-12-10 12:10:02 - File uploaded successfully - 693915c29dea7_1765348802_ID_1__3_.pdf
2025-12-10 12:10:02 - Attempting to upload file - Array
(
    [source] => C:\xampp\tmp\php5CB1.tmp
    [destination] => C:\xampp\htdocs\eco-wealth-portal/uploads/693915c29ee6c_1765348802_Bank_Slip_1.pdf
    [file_size] => 150243
)

2025-12-10 12:10:02 - File uploaded successfully - 693915c29ee6c_1765348802_Bank_Slip_1.pdf
2025-12-10 12:10:02 - Attempting to upload file - Array
(
    [source] => C:\xampp\tmp\php5CC1.tmp
    [destination] => C:\xampp\htdocs\eco-wealth-portal/uploads/693915c2a036b_1765348802_ID_1__2_.pdf
    [file_size] => 149739
)

2025-12-10 12:10:02 - File uploaded successfully - 693915c2a036b_1765348802_ID_1__2_.pdf
2025-12-10 12:10:02 - Investor inserted successfully - Array
(
    [id] => 4
)

2025-12-10 12:10:02 - Beneficiary inserted - Array
(
    [investor_id] => 4
    [name] => asdas
)

2025-12-10 12:10:02 - Transaction committed successfully - Array
(
    [application_id] => 4
)

2025-12-10 12:10:04 - Email sending attempt - Array
(
    [sent] => 
    [to] => dkasun558@gmail.com
)

2025-12-10 12:10:04 - Redirecting to submit.php - Array
(
    [application_id] => 4
)

2025-12-10 12:10:04 - Tables created successfully
2025-12-10 13:02:42 - Tables created successfully
2025-12-10 13:02:42 - Form submission started - Array
(
    [fullName] => aqa
    [nameWithInitials] => qaqa
    [nicNo] => 2123131231
    [telNo] => 231231231
    [dob] => 2007-12-08
    [email] => dkasun558@gmail.com
    [address] => 368/6 Rathnapura Road Kalawana
    [occupation] => w
    [employerName] => qw
    [beneficiaryName] => Array
        (
            [0] => wq
        )

    [beneficiaryNIC] => Array
        (
            [0] => 123123123
        )

    [beneficiaryPercentage] => Array
        (
            [0] => 100
        )

    [years] => 2
    [signingDate] => 2025-12-10
    [accountNo] => 121221
    [bank] => SDS
    [branch] => Colombo
    [declaration] => accepted
    [declarationDate] => 2025-12-10
)

2025-12-10 13:02:42 - Files received - Array
(
    [signatureUpload] => Array
        (
            [name] => ID_1 (2).pdf
            [type] => application/pdf
            [tmp_name] => C:\xampp\tmp\php9240.tmp
            [error] => 0
            [size] => 149739
        )

    [investorId] => Array
        (
            [name] => ID_1 (2).pdf
            [type] => application/pdf
            [tmp_name] => C:\xampp\tmp\php9241.tmp
            [error] => 0
            [size] => 149739
        )

    [beneficiaryId] => Array
        (
            [name] => ID_1 (1).pdf
            [type] => application/pdf
            [tmp_name] => C:\xampp\tmp\php9252.tmp
            [error] => 0
            [size] => 149739
        )

    [passbook] => Array
        (
            [name] => ID_1 (2).pdf
            [type] => application/pdf
            [tmp_name] => C:\xampp\tmp\php9253.tmp
            [error] => 0
            [size] => 149739
        )

    [paymentSlip] => Array
        (
            [name] => Bank_Slip_1.pdf
            [type] => application/pdf
            [tmp_name] => C:\xampp\tmp\php9254.tmp
            [error] => 0
            [size] => 150243
        )

    [finalSignature] => Array
        (
            [name] => ID_1 (2).pdf
            [type] => application/pdf
            [tmp_name] => C:\xampp\tmp\php9255.tmp
            [error] => 0
            [size] => 149739
        )

)

2025-12-10 13:02:42 - POST request received
2025-12-10 13:02:42 - Processing form data - Array
(
    [fullName] => aqa
    [nameWithInitials] => qaqa
    [nicNo] => 2123131231
    [telNo] => 231231231
    [dob] => 2007-12-08
    [email] => dkasun558@gmail.com
    [address] => 368/6 Rathnapura Road Kalawana
    [occupation] => w
    [employerName] => qw
    [beneficiaryName] => Array
        (
            [0] => wq
        )

    [beneficiaryNIC] => Array
        (
            [0] => 123123123
        )

    [beneficiaryPercentage] => Array
        (
            [0] => 100
        )

    [years] => 2
    [signingDate] => 2025-12-10
    [accountNo] => 121221
    [bank] => SDS
    [branch] => Colombo
    [declaration] => accepted
    [declarationDate] => 2025-12-10
)

2025-12-10 13:02:42 - Attempting to upload file - Array
(
    [source] => C:\xampp\tmp\php9240.tmp
    [destination] => C:\xampp\htdocs\eco-wealth-portal/uploads/6939221a105f6_1765351962_ID_1__2_.pdf
    [file_size] => 149739
)

2025-12-10 13:02:42 - File uploaded successfully - 6939221a105f6_1765351962_ID_1__2_.pdf
2025-12-10 13:02:42 - Attempting to upload file - Array
(
    [source] => C:\xampp\tmp\php9241.tmp
    [destination] => C:\xampp\htdocs\eco-wealth-portal/uploads/6939221a10f02_1765351962_ID_1__2_.pdf
    [file_size] => 149739
)

2025-12-10 13:02:42 - File uploaded successfully - 6939221a10f02_1765351962_ID_1__2_.pdf
2025-12-10 13:02:42 - Attempting to upload file - Array
(
    [source] => C:\xampp\tmp\php9252.tmp
    [destination] => C:\xampp\htdocs\eco-wealth-portal/uploads/6939221a113da_1765351962_ID_1__1_.pdf
    [file_size] => 149739
)

2025-12-10 13:02:42 - File uploaded successfully - 6939221a113da_1765351962_ID_1__1_.pdf
2025-12-10 13:02:42 - Attempting to upload file - Array
(
    [source] => C:\xampp\tmp\php9253.tmp
    [destination] => C:\xampp\htdocs\eco-wealth-portal/uploads/6939221a118de_1765351962_ID_1__2_.pdf
    [file_size] => 149739
)

2025-12-10 13:02:42 - File uploaded successfully - 6939221a118de_1765351962_ID_1__2_.pdf
2025-12-10 13:02:42 - Attempting to upload file - Array
(
    [source] => C:\xampp\tmp\php9254.tmp
    [destination] => C:\xampp\htdocs\eco-wealth-portal/uploads/6939221a11ea7_1765351962_Bank_Slip_1.pdf
    [file_size] => 150243
)

2025-12-10 13:02:42 - File uploaded successfully - 6939221a11ea7_1765351962_Bank_Slip_1.pdf
2025-12-10 13:02:42 - Attempting to upload file - Array
(
    [source] => C:\xampp\tmp\php9255.tmp
    [destination] => C:\xampp\htdocs\eco-wealth-portal/uploads/6939221a123fb_1765351962_ID_1__2_.pdf
    [file_size] => 149739
)

2025-12-10 13:02:42 - File uploaded successfully - 6939221a123fb_1765351962_ID_1__2_.pdf
2025-12-10 13:02:42 - Investor inserted successfully - Array
(
    [id] => 5
)

2025-12-10 13:02:42 - Beneficiary inserted - Array
(
    [investor_id] => 5
    [name] => wq
)

2025-12-10 13:02:42 - Transaction committed successfully - Array
(
    [application_id] => 5
)

2025-12-10 13:02:44 - Email sending attempt - Array
(
    [sent] => 
    [to] => dkasun558@gmail.com
)

2025-12-10 13:02:44 - Redirecting to submit.php - Array
(
    [application_id] => 5
)

2025-12-10 13:02:44 - Tables created successfully
2025-12-10 13:10:51 - Tables created successfully
2025-12-10 13:23:14 - Tables created successfully
2025-12-10 13:23:14 - Form submission started - Array
(
    [fullName] => 12
    [nameWithInitials] => 2
    [nicNo] => 12
    [telNo] => 2
    [dob] => 2007-12-09
    [email] => dkasun558@gmail.com
    [address] => 368/6 Rathnapura Road Kalawana
    [occupation] => w
    [employerName] => Kasun Dilshan
    [beneficiaryName] => Array
        (
            [0] => Kassa
        )

    [beneficiaryNIC] => Array
        (
            [0] => 1866173
        )

    [beneficiaryPercentage] => Array
        (
            [0] => 100
        )

    [years] => 2
    [signingDate] => 2025-12-10
    [accountNo] => 87223146
    [bank] => wqw
    [branch] => qw
    [declaration] => accepted
    [declarationDate] => 2025-12-10
)

2025-12-10 13:23:14 - Files received - Array
(
    [signatureUpload] => Array
        (
            [name] => 
            [type] => 
            [tmp_name] => 
            [error] => 4
            [size] => 0
        )

    [investorId] => Array
        (
            [name] => ID_1 (2).pdf
            [type] => application/pdf
            [tmp_name] => C:\xampp\tmp\php5F05.tmp
            [error] => 0
            [size] => 149739
        )

    [beneficiaryId] => Array
        (
            [name] => Bank_Slip_1.pdf
            [type] => application/pdf
            [tmp_name] => C:\xampp\tmp\php5F06.tmp
            [error] => 0
            [size] => 150243
        )

    [passbook] => Array
        (
            [name] => ID_1 (2).pdf
            [type] => application/pdf
            [tmp_name] => C:\xampp\tmp\php5F16.tmp
            [error] => 0
            [size] => 149739
        )

    [paymentSlip] => Array
        (
            [name] => Bank_Slip_1.pdf
            [type] => application/pdf
            [tmp_name] => C:\xampp\tmp\php5F17.tmp
            [error] => 0
            [size] => 150243
        )

    [finalSignature] => Array
        (
            [name] => ID_1 (2).pdf
            [type] => application/pdf
            [tmp_name] => C:\xampp\tmp\php5F18.tmp
            [error] => 0
            [size] => 149739
        )

)

2025-12-10 13:23:14 - POST request received
2025-12-10 13:23:14 - Processing form data - Array
(
    [fullName] => 12
    [nameWithInitials] => 2
    [nicNo] => 12
    [telNo] => 2
    [dob] => 2007-12-09
    [email] => dkasun558@gmail.com
    [address] => 368/6 Rathnapura Road Kalawana
    [occupation] => w
    [employerName] => Kasun Dilshan
    [beneficiaryName] => Array
        (
            [0] => Kassa
        )

    [beneficiaryNIC] => Array
        (
            [0] => 1866173
        )

    [beneficiaryPercentage] => Array
        (
            [0] => 100
        )

    [years] => 2
    [signingDate] => 2025-12-10
    [accountNo] => 87223146
    [bank] => wqw
    [branch] => qw
    [declaration] => accepted
    [declarationDate] => 2025-12-10
)

2025-12-10 13:23:14 - Form processing error - signatureUpload is required. Please upload the file.
2025-12-10 13:23:14 - Redirecting back to index with error - Array
(
    [error] => signatureUpload is required. Please upload the file.
)

2025-12-10 13:25:43 - Tables created successfully
2025-12-10 13:25:43 - Form submission started - Array
(
    [fullName] => Dilshan
    [nameWithInitials] => kasun
    [nicNo] => 2121212
    [telNo] => 1313121
    [dob] => 2007-12-05
    [email] => dkasun558@gmail.com
    [address] => 368/6 Rathnapura Road Kalawana
    [occupation] => w
    [employerName] => Kasun Dilshan
    [beneficiaryName] => Array
        (
            [0] => Kassa
        )

    [beneficiaryNIC] => Array
        (
            [0] => 1212
        )

    [beneficiaryPercentage] => Array
        (
            [0] => 100
        )

    [years] => 2
    [signingDate] => 2025-12-10
    [accountNo] => 87223146
    [bank] => BOC
    [branch] => Colombo
    [declaration] => accepted
    [declarationDate] => 2025-12-10
)

2025-12-10 13:25:43 - Files received - Array
(
    [signatureUpload] => Array
        (
            [name] => ID_1.pdf
            [type] => application/pdf
            [tmp_name] => C:\xampp\tmp\phpA4F3.tmp
            [error] => 0
            [size] => 149739
        )

    [investorId] => Array
        (
            [name] => ID_1 (2).pdf
            [type] => application/pdf
            [tmp_name] => C:\xampp\tmp\phpA503.tmp
            [error] => 0
            [size] => 149739
        )

    [beneficiaryId] => Array
        (
            [name] => Bank_Slip_1.pdf
            [type] => application/pdf
            [tmp_name] => C:\xampp\tmp\phpA504.tmp
            [error] => 0
            [size] => 150243
        )

    [passbook] => Array
        (
            [name] => Bank_Slip_1.pdf
            [type] => application/pdf
            [tmp_name] => C:\xampp\tmp\phpA515.tmp
            [error] => 0
            [size] => 150243
        )

    [paymentSlip] => Array
        (
            [name] => Bank_Slip_1.pdf
            [type] => application/pdf
            [tmp_name] => C:\xampp\tmp\phpA516.tmp
            [error] => 0
            [size] => 150243
        )

    [finalSignature] => Array
        (
            [name] => Bank_Slip_1.pdf
            [type] => application/pdf
            [tmp_name] => C:\xampp\tmp\phpA526.tmp
            [error] => 0
            [size] => 150243
        )

)

2025-12-10 13:25:43 - POST request received
2025-12-10 13:25:43 - Processing form data - Array
(
    [fullName] => Dilshan
    [nameWithInitials] => kasun
    [nicNo] => 2121212
    [telNo] => 1313121
    [dob] => 2007-12-05
    [email] => dkasun558@gmail.com
    [address] => 368/6 Rathnapura Road Kalawana
    [occupation] => w
    [employerName] => Kasun Dilshan
    [beneficiaryName] => Array
        (
            [0] => Kassa
        )

    [beneficiaryNIC] => Array
        (
            [0] => 1212
        )

    [beneficiaryPercentage] => Array
        (
            [0] => 100
        )

    [years] => 2
    [signingDate] => 2025-12-10
    [accountNo] => 87223146
    [bank] => BOC
    [branch] => Colombo
    [declaration] => accepted
    [declarationDate] => 2025-12-10
)

2025-12-10 13:25:43 - Attempting to upload file - Array
(
    [source] => C:\xampp\tmp\phpA4F3.tmp
    [destination] => C:\xampp\htdocs\eco-wealth-portal/uploads/6939277f1c830_1765353343_ID_1.pdf
    [file_size] => 149739
)

2025-12-10 13:25:43 - File uploaded successfully - 6939277f1c830_1765353343_ID_1.pdf
2025-12-10 13:25:43 - Attempting to upload file - Array
(
    [source] => C:\xampp\tmp\phpA503.tmp
    [destination] => C:\xampp\htdocs\eco-wealth-portal/uploads/6939277f1d158_1765353343_ID_1__2_.pdf
    [file_size] => 149739
)

2025-12-10 13:25:43 - File uploaded successfully - 6939277f1d158_1765353343_ID_1__2_.pdf
2025-12-10 13:25:43 - Attempting to upload file - Array
(
    [source] => C:\xampp\tmp\phpA504.tmp
    [destination] => C:\xampp\htdocs\eco-wealth-portal/uploads/6939277f1da56_1765353343_Bank_Slip_1.pdf
    [file_size] => 150243
)

2025-12-10 13:25:43 - File uploaded successfully - 6939277f1da56_1765353343_Bank_Slip_1.pdf
2025-12-10 13:25:43 - Attempting to upload file - Array
(
    [source] => C:\xampp\tmp\phpA515.tmp
    [destination] => C:\xampp\htdocs\eco-wealth-portal/uploads/6939277f1eb94_1765353343_Bank_Slip_1.pdf
    [file_size] => 150243
)

2025-12-10 13:25:43 - File uploaded successfully - 6939277f1eb94_1765353343_Bank_Slip_1.pdf
2025-12-10 13:25:43 - Attempting to upload file - Array
(
    [source] => C:\xampp\tmp\phpA516.tmp
    [destination] => C:\xampp\htdocs\eco-wealth-portal/uploads/6939277f1fd45_1765353343_Bank_Slip_1.pdf
    [file_size] => 150243
)

2025-12-10 13:25:43 - File uploaded successfully - 6939277f1fd45_1765353343_Bank_Slip_1.pdf
2025-12-10 13:25:43 - Attempting to upload file - Array
(
    [source] => C:\xampp\tmp\phpA526.tmp
    [destination] => C:\xampp\htdocs\eco-wealth-portal/uploads/6939277f2094f_1765353343_Bank_Slip_1.pdf
    [file_size] => 150243
)

2025-12-10 13:25:43 - File uploaded successfully - 6939277f2094f_1765353343_Bank_Slip_1.pdf
2025-12-10 13:25:43 - Investor inserted successfully - Array
(
    [id] => 6
)

2025-12-10 13:25:43 - Beneficiary inserted - Array
(
    [investor_id] => 6
    [name] => Kassa
)

2025-12-10 13:25:43 - Transaction committed successfully - Array
(
    [application_id] => 6
)

2025-12-10 13:25:45 - Email sending attempt - Array
(
    [sent] => 
    [to] => dkasun558@gmail.com
)

2025-12-10 13:25:45 - Redirecting to submit.php - Array
(
    [application_id] => 6
)

2025-12-10 13:25:45 - Tables created successfully
2025-12-10 13:28:22 - Tables created successfully
2025-12-10 14:20:14 - Tables created successfully
2025-12-10 14:20:27 - Tables created successfully
2025-12-10 14:20:27 - Login error - SQLSTATE[42S22]: Column not found: 1054 Unknown column 'full_name' in 'field list'
2025-12-10 14:22:34 - Tables created successfully
2025-12-10 14:22:34 - Login error - SQLSTATE[42S22]: Column not found: 1054 Unknown column 'full_name' in 'field list'
2025-12-10 14:23:20 - Tables created successfully
2025-12-10 14:23:20 - Login error - SQLSTATE[42S22]: Column not found: 1054 Unknown column 'full_name' in 'field list'
2025-12-10 14:23:29 - Tables created successfully
2025-12-10 14:23:29 - Login error - SQLSTATE[42S22]: Column not found: 1054 Unknown column 'full_name' in 'field list'
2025-12-10 14:23:43 - Tables created successfully
2025-12-10 14:23:43 - Login error - SQLSTATE[42S22]: Column not found: 1054 Unknown column 'full_name' in 'field list'
2025-12-10 14:24:08 - Tables created successfully
2025-12-10 14:24:08 - Login error - SQLSTATE[42S22]: Column not found: 1054 Unknown column 'full_name' in 'field list'
2025-12-10 14:24:17 - Tables created successfully
2025-12-10 14:24:17 - Login error - SQLSTATE[42S22]: Column not found: 1054 Unknown column 'full_name' in 'field list'
2025-12-10 14:24:59 - Tables created successfully
2025-12-10 14:25:10 - Tables created successfully
2025-12-10 14:25:10 - Login error - SQLSTATE[42S22]: Column not found: 1054 Unknown column 'full_name' in 'field list'
2025-12-10 14:27:05 - Tables created successfully
2025-12-10 14:27:05 - Login error - SQLSTATE[42S22]: Column not found: 1054 Unknown column 'full_name' in 'field list'
2025-12-10 14:27:19 - Tables created successfully
2025-12-10 14:27:19 - Login error - SQLSTATE[42S22]: Column not found: 1054 Unknown column 'full_name' in 'field list'
2025-12-10 14:27:22 - Tables created successfully
2025-12-10 14:27:22 - Login error - SQLSTATE[42S22]: Column not found: 1054 Unknown column 'full_name' in 'field list'
2025-12-10 14:27:31 - Tables created successfully
2025-12-10 14:27:31 - Login error - SQLSTATE[42S22]: Column not found: 1054 Unknown column 'full_name' in 'field list'
2025-12-10 14:27:39 - Tables created successfully
2025-12-10 14:27:39 - Login error - SQLSTATE[42S22]: Column not found: 1054 Unknown column 'full_name' in 'field list'
2025-12-10 14:28:28 - Tables created successfully
2025-12-10 14:28:28 - Login error - SQLSTATE[42S22]: Column not found: 1054 Unknown column 'full_name' in 'field list'
2025-12-10 14:46:19 - Tables created successfully
2025-12-10 14:46:19 - Login error - SQLSTATE[42S22]: Column not found: 1054 Unknown column 'full_name' in 'field list'
2025-12-10 14:48:00 - Tables created successfully
2025-12-10 14:48:00 - Login error - SQLSTATE[42S22]: Column not found: 1054 Unknown column 'is_locked' in 'field list'
2025-12-10 14:48:07 - Tables created successfully
2025-12-10 14:48:07 - Login error - SQLSTATE[42S22]: Column not found: 1054 Unknown column 'is_locked' in 'field list'
2025-12-10 14:49:57 - Tables created successfully
2025-12-10 14:49:57 - Login error - SQLSTATE[42S22]: Column not found: 1054 Unknown column 'full_name' in 'field list'
2025-12-10 14:51:14 - Tables created successfully
2025-12-10 14:51:14 - Login error - SQLSTATE[42S22]: Column not found: 1054 Unknown column 'full_name' in 'field list'
2025-12-10 14:55:52 - Tables created successfully
2025-12-10 14:55:52 - Tables created successfully
2025-12-10 14:55:58 - Tables created successfully
2025-12-10 14:56:13 - Tables created successfully
2025-12-10 14:56:23 - Tables created successfully
2025-12-10 14:56:31 - Tables created successfully
2025-12-10 14:56:36 - Tables created successfully
2025-12-10 14:57:23 - Tables created successfully
2025-12-10 14:57:25 - Tables created successfully
2025-12-10 14:57:27 - Tables created successfully
2025-12-10 14:57:38 - Tables created successfully
2025-12-10 14:57:40 - Tables created successfully
2025-12-10 14:58:00 - Tables created successfully
2025-12-10 14:58:28 - Tables created successfully
2025-12-10 14:58:34 - Tables created successfully
2025-12-10 14:58:56 - Tables created successfully
2025-12-10 14:58:57 - Tables created successfully
2025-12-10 14:59:00 - Tables created successfully
2025-12-10 14:59:51 - Tables created successfully
2025-12-10 14:59:52 - Tables created successfully
2025-12-10 14:59:52 - Tables created successfully
2025-12-10 14:59:53 - Tables created successfully
2025-12-10 14:59:53 - Tables created successfully
2025-12-10 14:59:54 - Tables created successfully
2025-12-10 14:59:54 - Tables created successfully
2025-12-10 14:59:54 - Tables created successfully
2025-12-10 14:59:54 - Tables created successfully
2025-12-10 14:59:54 - Tables created successfully
2025-12-10 14:59:55 - Tables created successfully
2025-12-10 15:00:08 - Tables created successfully
2025-12-10 15:00:08 - Tables created successfully
2025-12-10 15:00:08 - Tables created successfully
2025-12-10 15:00:09 - Tables created successfully
2025-12-10 15:00:10 - Tables created successfully
2025-12-10 15:00:30 - Tables created successfully
2025-12-10 15:03:31 - Tables created successfully
2025-12-10 15:03:32 - Tables created successfully
2025-12-10 15:03:33 - Tables created successfully
2025-12-10 15:03:34 - Tables created successfully
2025-12-10 15:03:55 - Tables created successfully
2025-12-10 15:03:55 - Tables created successfully
2025-12-10 15:04:21 - Tables created successfully
2025-12-10 15:04:23 - Tables created successfully
2025-12-10 15:04:23 - Tables created successfully
2025-12-10 15:04:25 - Tables created successfully
2025-12-10 15:04:27 - Tables created successfully
2025-12-10 15:04:45 - Tables created successfully
2025-12-10 15:05:33 - Tables created successfully
2025-12-10 15:05:36 - Tables created successfully
2025-12-10 15:05:37 - Tables created successfully
2025-12-10 15:05:38 - Tables created successfully
2025-12-10 15:05:39 - Tables created successfully
2025-12-10 15:05:40 - Tables created successfully
2025-12-10 15:05:40 - Tables created successfully
2025-12-10 15:05:41 - Tables created successfully
2025-12-10 15:05:41 - Tables created successfully
2025-12-10 15:05:43 - Tables created successfully
2025-12-10 15:05:47 - Tables created successfully
2025-12-10 15:05:47 - Tables created successfully
2025-12-10 15:05:49 - Tables created successfully
2025-12-10 15:05:49 - Tables created successfully
2025-12-10 15:05:50 - Tables created successfully
2025-12-10 15:05:51 - Tables created successfully
2025-12-10 15:06:05 - Tables created successfully
2025-12-10 15:06:05 - Tables created successfully
2025-12-10 15:06:06 - Tables created successfully
2025-12-10 15:06:06 - Tables created successfully
2025-12-10 15:06:06 - Tables created successfully
2025-12-10 15:06:06 - Tables created successfully
2025-12-10 15:06:07 - Tables created successfully
2025-12-10 15:06:07 - Tables created successfully
2025-12-10 15:06:07 - Tables created successfully
2025-12-10 15:06:08 - Tables created successfully
2025-12-10 15:06:08 - Tables created successfully
2025-12-10 15:06:09 - Tables created successfully
2025-12-10 15:07:19 - Tables created successfully
2025-12-10 15:07:19 - Form submission started - Array
(
    [fullName] => aa
    [nameWithInitials] => 221
    [nicNo] => 2532163
    [telNo] => 23
    [dob] => 2007-12-04
    [email] => dkasun558@gmail.com
    [address] => 368/6 Rathnapura Road Kalawana
    [occupation] => weawe
    [employerName] => weqweq
    [beneficiaryName] => Array
        (
            [0] => wqeqw
        )

    [beneficiaryNIC] => Array
        (
            [0] => 3123
        )

    [beneficiaryPercentage] => Array
        (
            [0] => 100
        )

    [years] => 2
    [signingDate] => 2025-12-10
    [accountNo] => 87223146
    [bank] => 1212
    [branch] => 121
    [declaration] => accepted
    [declarationDate] => 2025-12-10
)

2025-12-10 15:07:19 - Files received - Array
(
    [signatureUpload] => Array
        (
            [name] => ID_1 (2).pdf
            [type] => application/pdf
            [tmp_name] => C:\xampp\tmp\phpAB9B.tmp
            [error] => 0
            [size] => 149739
        )

    [investorId] => Array
        (
            [name] => ID_1 (3).pdf
            [type] => application/pdf
            [tmp_name] => C:\xampp\tmp\phpABAC.tmp
            [error] => 0
            [size] => 149739
        )

    [beneficiaryId] => Array
        (
            [name] => ID_1.pdf
            [type] => application/pdf
            [tmp_name] => C:\xampp\tmp\phpABAD.tmp
            [error] => 0
            [size] => 149739
        )

    [passbook] => Array
        (
            [name] => ID_1 (2).pdf
            [type] => application/pdf
            [tmp_name] => C:\xampp\tmp\phpABAE.tmp
            [error] => 0
            [size] => 149739
        )

    [paymentSlip] => Array
        (
            [name] => Bank_Slip_1.pdf
            [type] => application/pdf
            [tmp_name] => C:\xampp\tmp\phpABBF.tmp
            [error] => 0
            [size] => 150243
        )

    [finalSignature] => Array
        (
            [name] => ID_1 (2).pdf
            [type] => application/pdf
            [tmp_name] => C:\xampp\tmp\phpABC0.tmp
            [error] => 0
            [size] => 149739
        )

)

2025-12-10 15:07:19 - POST request received
2025-12-10 15:07:19 - Processing form data - Array
(
    [fullName] => aa
    [nameWithInitials] => 221
    [nicNo] => 2532163
    [telNo] => 23
    [dob] => 2007-12-04
    [email] => dkasun558@gmail.com
    [address] => 368/6 Rathnapura Road Kalawana
    [occupation] => weawe
    [employerName] => weqweq
    [beneficiaryName] => Array
        (
            [0] => wqeqw
        )

    [beneficiaryNIC] => Array
        (
            [0] => 3123
        )

    [beneficiaryPercentage] => Array
        (
            [0] => 100
        )

    [years] => 2
    [signingDate] => 2025-12-10
    [accountNo] => 87223146
    [bank] => 1212
    [branch] => 121
    [declaration] => accepted
    [declarationDate] => 2025-12-10
)

2025-12-10 15:07:19 - Attempting to upload file - Array
(
    [source] => C:\xampp\tmp\phpAB9B.tmp
    [destination] => C:\xampp\htdocs\eco-wealth-portal/uploads/69393f4f9b08a_1765359439_ID_1__2_.pdf
    [file_size] => 149739
)

2025-12-10 15:07:19 - File uploaded successfully - 69393f4f9b08a_1765359439_ID_1__2_.pdf
2025-12-10 15:07:19 - Attempting to upload file - Array
(
    [source] => C:\xampp\tmp\phpABAC.tmp
    [destination] => C:\xampp\htdocs\eco-wealth-portal/uploads/69393f4f9baca_1765359439_ID_1__3_.pdf
    [file_size] => 149739
)

2025-12-10 15:07:19 - File uploaded successfully - 69393f4f9baca_1765359439_ID_1__3_.pdf
2025-12-10 15:07:19 - Attempting to upload file - Array
(
    [source] => C:\xampp\tmp\phpABAD.tmp
    [destination] => C:\xampp\htdocs\eco-wealth-portal/uploads/69393f4f9c8d5_1765359439_ID_1.pdf
    [file_size] => 149739
)

2025-12-10 15:07:19 - File uploaded successfully - 69393f4f9c8d5_1765359439_ID_1.pdf
2025-12-10 15:07:19 - Attempting to upload file - Array
(
    [source] => C:\xampp\tmp\phpABAE.tmp
    [destination] => C:\xampp\htdocs\eco-wealth-portal/uploads/69393f4f9da06_1765359439_ID_1__2_.pdf
    [file_size] => 149739
)

2025-12-10 15:07:19 - File uploaded successfully - 69393f4f9da06_1765359439_ID_1__2_.pdf
2025-12-10 15:07:19 - Attempting to upload file - Array
(
    [source] => C:\xampp\tmp\phpABBF.tmp
    [destination] => C:\xampp\htdocs\eco-wealth-portal/uploads/69393f4f9f432_1765359439_Bank_Slip_1.pdf
    [file_size] => 150243
)

2025-12-10 15:07:19 - File uploaded successfully - 69393f4f9f432_1765359439_Bank_Slip_1.pdf
2025-12-10 15:07:19 - Attempting to upload file - Array
(
    [source] => C:\xampp\tmp\phpABC0.tmp
    [destination] => C:\xampp\htdocs\eco-wealth-portal/uploads/69393f4fa027d_1765359439_ID_1__2_.pdf
    [file_size] => 149739
)

2025-12-10 15:07:19 - File uploaded successfully - 69393f4fa027d_1765359439_ID_1__2_.pdf
2025-12-10 15:07:19 - Investor inserted successfully - Array
(
    [id] => 7
)

2025-12-10 15:07:19 - Beneficiary inserted - Array
(
    [investor_id] => 7
    [name] => wqeqw
)

2025-12-10 15:07:19 - Transaction committed successfully - Array
(
    [application_id] => 7
)

2025-12-10 15:07:21 - Email sending attempt - Array
(
    [sent] => 
    [to] => dkasun558@gmail.com
)

2025-12-10 15:07:21 - Redirecting to submit.php - Array
(
    [application_id] => 7
)

2025-12-10 15:07:21 - Tables created successfully
2025-12-10 15:07:30 - Tables created successfully
2025-12-10 15:07:30 - Tables created successfully
2025-12-10 15:07:32 - Tables created successfully
2025-12-10 15:07:32 - Tables created successfully
2025-12-10 15:07:32 - Tables created successfully
2025-12-10 15:07:33 - Tables created successfully
2025-12-10 15:07:33 - Tables created successfully
2025-12-10 15:07:48 - Tables created successfully
2025-12-10 15:07:48 - Tables created successfully
2025-12-10 15:07:48 - Tables created successfully
2025-12-10 15:07:53 - Tables created successfully
2025-12-10 15:07:55 - Tables created successfully
2025-12-10 15:07:57 - Tables created successfully
2025-12-10 15:08:34 - Tables created successfully
2025-12-10 15:08:35 - Tables created successfully
2025-12-10 15:12:53 - Tables created successfully
2025-12-10 15:14:42 - Tables created successfully
2025-12-10 15:14:44 - Tables created successfully
2025-12-10 15:14:45 - Tables created successfully
2025-12-10 15:14:45 - Tables created successfully
2025-12-10 15:14:46 - Tables created successfully
2025-12-10 15:14:52 - Tables created successfully
2025-12-10 15:14:53 - Tables created successfully
2025-12-10 15:15:09 - Tables created successfully
2025-12-10 15:16:20 - Tables created successfully
2025-12-10 15:16:30 - Tables created successfully
2025-12-10 15:16:30 - Tables created successfully
2025-12-10 15:16:50 - Tables created successfully
2025-12-10 15:16:50 - Tables created successfully
2025-12-10 15:16:52 - Tables created successfully
2025-12-10 15:17:07 - Tables created successfully
2025-12-10 15:17:07 - Tables created successfully
2025-12-10 15:22:07 - Tables created successfully
2025-12-10 15:25:37 - Tables created successfully
2025-12-10 15:26:02 - Tables created successfully
2025-12-10 15:31:02 - Tables created successfully
2025-12-10 15:32:28 - Tables created successfully
2025-12-10 15:37:28 - Tables created successfully
2025-12-10 15:42:29 - Tables created successfully
2025-12-10 15:47:30 - Tables created successfully
2025-12-10 15:48:36 - Tables created successfully
2025-12-10 15:48:41 - Tables created successfully
2025-12-10 15:48:58 - Tables created successfully
2025-12-10 15:49:15 - Tables created successfully
2025-12-10 15:49:17 - Tables created successfully
2025-12-10 15:49:17 - Tables created successfully
2025-12-10 15:49:17 - Tables created successfully
2025-12-10 15:49:17 - Tables created successfully
2025-12-10 15:49:18 - Tables created successfully
2025-12-10 15:53:26 - Tables created successfully
2025-12-10 15:53:27 - Tables created successfully
2025-12-10 15:53:27 - Tables created successfully
2025-12-10 15:53:27 - Tables created successfully
2025-12-10 15:53:27 - Tables created successfully
2025-12-10 15:53:28 - Tables created successfully
2025-12-10 15:53:30 - Tables created successfully
2025-12-10 15:53:31 - Tables created successfully
2025-12-10 15:58:30 - Tables created successfully
2025-12-10 16:03:31 - Tables created successfully
2025-12-10 16:04:46 - Tables created successfully
2025-12-10 16:04:47 - Tables created successfully
2025-12-10 16:04:51 - Tables created successfully
2025-12-10 16:05:15 - Tables created successfully
2025-12-10 16:05:19 - Tables created successfully
2025-12-10 16:05:22 - Tables created successfully
2025-12-10 16:05:24 - Tables created successfully
2025-12-10 16:10:19 - Tables created successfully
2025-12-10 16:15:20 - Tables created successfully
2025-12-10 16:19:17 - Tables created successfully
2025-12-10 16:20:20 - Tables created successfully
2025-12-10 16:21:18 - Tables created successfully
2025-12-10 16:25:21 - Tables created successfully
2025-12-10 16:30:22 - Tables created successfully
2025-12-10 16:35:23 - Tables created successfully
2025-12-10 16:35:59 - Tables created successfully
2025-12-10 16:36:00 - Tables created successfully
2025-12-10 16:36:01 - Tables created successfully
2025-12-10 16:36:03 - Tables created successfully
2025-12-10 16:36:04 - Tables created successfully
2025-12-10 16:36:04 - Tables created successfully
2025-12-10 16:36:05 - Tables created successfully
2025-12-10 16:36:06 - Tables created successfully
2025-12-10 16:36:07 - Tables created successfully
2025-12-10 16:36:08 - Tables created successfully
2025-12-10 16:36:22 - Tables created successfully
2025-12-10 16:36:55 - Tables created successfully
2025-12-10 16:37:09 - Tables created successfully
2025-12-10 16:37:13 - Tables created successfully
2025-12-10 16:37:21 - Tables created successfully
2025-12-10 16:37:26 - Tables created successfully
2025-12-10 16:37:36 - Tables created successfully
2025-12-10 16:37:40 - Tables created successfully
2025-12-10 16:38:20 - Tables created successfully
2025-12-10 16:38:24 - Tables created successfully
2025-12-10 16:38:28 - Tables created successfully
2025-12-10 16:38:32 - Tables created successfully
2025-12-10 16:38:40 - Tables created successfully
2025-12-10 16:38:52 - Tables created successfully
2025-12-10 16:38:57 - Tables created successfully
2025-12-10 16:38:59 - Tables created successfully
2025-12-10 16:39:08 - Tables created successfully
2025-12-10 16:39:11 - Tables created successfully
2025-12-10 16:39:33 - Tables created successfully
2025-12-10 16:40:04 - Tables created successfully
2025-12-10 16:40:10 - Tables created successfully
2025-12-10 16:40:12 - Tables created successfully
2025-12-10 16:40:25 - Tables created successfully
2025-12-10 16:40:33 - Tables created successfully
2025-12-10 16:40:41 - Tables created successfully
2025-12-10 16:40:46 - Tables created successfully
2025-12-10 16:40:56 - Tables created successfully
2025-12-10 16:41:25 - Tables created successfully
2025-12-10 16:41:26 - Tables created successfully
2025-12-10 16:41:44 - Tables created successfully
2025-12-10 16:43:08 - Tables created successfully
2025-12-10 16:43:09 - Tables created successfully
2025-12-10 16:43:19 - Tables created successfully
2025-12-10 16:43:31 - Tables created successfully
2025-12-10 16:43:41 - Tables created successfully
2025-12-10 16:44:54 - Tables created successfully
2025-12-10 16:45:02 - Tables created successfully
2025-12-10 16:45:18 - Tables created successfully
2025-12-10 16:45:40 - Tables created successfully
2025-12-10 16:45:44 - Tables created successfully
2025-12-10 16:45:47 - Tables created successfully
2025-12-10 16:45:54 - Tables created successfully
2025-12-10 16:45:56 - Tables created successfully
2025-12-10 16:45:59 - Tables created successfully
2025-12-10 16:46:04 - Tables created successfully
2025-12-10 16:46:14 - Tables created successfully
2025-12-10 16:46:15 - Tables created successfully
2025-12-10 16:46:21 - Tables created successfully
2025-12-10 16:46:55 - Tables created successfully
2025-12-10 16:46:56 - Tables created successfully
2025-12-10 16:47:02 - Tables created successfully
2025-12-10 16:47:05 - Tables created successfully
2025-12-10 16:47:06 - Tables created successfully
2025-12-10 16:47:14 - Tables created successfully
2025-12-10 16:47:16 - Tables created successfully
2025-12-10 16:51:07 - Tables created successfully
2025-12-10 16:51:27 - Tables created successfully
2025-12-10 16:51:49 - Tables created successfully
2025-12-10 16:56:49 - Tables created successfully
2025-12-10 17:01:22 - Tables created successfully
2025-12-10 17:01:45 - Tables created successfully
2025-12-11 09:51:18 - Tables created successfully
2025-12-11 09:51:35 - Tables created successfully
2025-12-11 09:51:35 - Tables created successfully
2025-12-11 09:51:46 - Tables created successfully
2025-12-11 09:51:54 - Tables created successfully
2025-12-11 09:54:48 - Tables created successfully
2025-12-11 09:58:07 - Tables created successfully
2025-12-11 10:05:52 - Tables created successfully
2025-12-11 10:05:58 - Tables created successfully
2025-12-11 10:05:59 - Tables created successfully
2025-12-11 10:06:05 - Tables created successfully
2025-12-11 10:06:05 - Tables created successfully
2025-12-11 10:06:11 - Tables created successfully
2025-12-11 10:06:15 - Tables created successfully
2025-12-11 10:06:23 - Tables created successfully
2025-12-11 10:06:23 - Tables created successfully
2025-12-11 10:06:48 - Tables created successfully
2025-12-11 10:06:51 - Tables created successfully
2025-12-11 10:06:52 - Tables created successfully
2025-12-11 10:06:53 - Tables created successfully
2025-12-11 10:11:53 - Tables created successfully
2025-12-11 10:16:53 - Tables created successfully
2025-12-11 10:21:53 - Tables created successfully
2025-12-11 10:24:39 - Tables created successfully
2025-12-11 10:24:42 - Tables created successfully
2025-12-11 10:25:26 - Tables created successfully
2025-12-11 10:25:26 - Tables created successfully
2025-12-11 10:25:28 - Tables created successfully
2025-12-11 10:25:28 - Tables created successfully
2025-12-11 10:25:30 - Tables created successfully
2025-12-11 10:25:30 - Tables created successfully
2025-12-11 10:25:32 - Tables created successfully
2025-12-11 10:25:32 - Tables created successfully
2025-12-11 10:25:33 - Tables created successfully
2025-12-11 10:25:37 - Tables created successfully
2025-12-11 10:25:43 - Tables created successfully
2025-12-11 10:25:46 - Tables created successfully
2025-12-11 10:30:46 - Tables created successfully
2025-12-11 10:35:47 - Tables created successfully
2025-12-11 10:40:48 - Tables created successfully
2025-12-11 10:45:49 - Tables created successfully
2025-12-11 10:50:50 - Tables created successfully
2025-12-11 10:55:51 - Tables created successfully
2025-12-11 11:00:52 - Tables created successfully
2025-12-11 11:00:52 - Tables created successfully
2025-12-12 10:11:51 - Tables created successfully
2025-12-12 10:11:51 - Tables created successfully
2025-12-12 10:11:56 - Tables created successfully
2025-12-12 11:06:52 - Tables created successfully
2025-12-15 09:37:51 - Tables created successfully
2025-12-15 09:50:27 - Tables created successfully
2025-12-15 09:50:27 - Form submission started - Array
(
    [fullName] => Dilshan
    [nameWithInitials] => kasun
    [nicNo] => 213
    [telNo] => 13123
    [dob] => 2007-12-15
    [email] => dkasun558@gmail.com
    [address] => 368/6 Rathnapura Road Kalawana
    [occupation] => we
    [employerName] => Kasun Dilshan
    [beneficiaryName] => Array
        (
            [0] => wq
        )

    [beneficiaryNIC] => Array
        (
            [0] => 211
        )

    [beneficiaryPercentage] => Array
        (
            [0] => 100
        )

    [years] => 1
    [signingDate] => 2025-12-15
    [accountNo] => 212
    [bank] => cv
    [branch] => 2w
    [declaration] => accepted
    [declarationDate] => 2025-12-15
)

2025-12-15 09:50:27 - Files received - Array
(
    [signatureUpload] => Array
        (
            [name] => ID_1 (2).pdf
            [type] => application/pdf
            [tmp_name] => C:\xampp\tmp\phpD984.tmp
            [error] => 0
            [size] => 149739
        )

    [investorId] => Array
        (
            [name] => ID_1 (2).pdf
            [type] => application/pdf
            [tmp_name] => C:\xampp\tmp\phpD985.tmp
            [error] => 0
            [size] => 149739
        )

    [beneficiaryId] => Array
        (
            [name] => ID_1 (3).pdf
            [type] => application/pdf
            [tmp_name] => C:\xampp\tmp\phpD995.tmp
            [error] => 0
            [size] => 149739
        )

    [passbook] => Array
        (
            [name] => Bank_Slip_1.pdf
            [type] => application/pdf
            [tmp_name] => C:\xampp\tmp\phpD996.tmp
            [error] => 0
            [size] => 150243
        )

    [paymentSlip] => Array
        (
            [name] => ID_1.pdf
            [type] => application/pdf
            [tmp_name] => C:\xampp\tmp\phpD997.tmp
            [error] => 0
            [size] => 149739
        )

    [finalSignature] => Array
        (
            [name] => ID_1 (2).pdf
            [type] => application/pdf
            [tmp_name] => C:\xampp\tmp\phpD998.tmp
            [error] => 0
            [size] => 149739
        )

)

2025-12-15 09:50:27 - POST request received
2025-12-15 09:50:27 - Processing form data - Array
(
    [fullName] => Dilshan
    [nameWithInitials] => kasun
    [nicNo] => 213
    [telNo] => 13123
    [dob] => 2007-12-15
    [email] => dkasun558@gmail.com
    [address] => 368/6 Rathnapura Road Kalawana
    [occupation] => we
    [employerName] => Kasun Dilshan
    [beneficiaryName] => Array
        (
            [0] => wq
        )

    [beneficiaryNIC] => Array
        (
            [0] => 211
        )

    [beneficiaryPercentage] => Array
        (
            [0] => 100
        )

    [years] => 1
    [signingDate] => 2025-12-15
    [accountNo] => 212
    [bank] => cv
    [branch] => 2w
    [declaration] => accepted
    [declarationDate] => 2025-12-15
)

2025-12-15 09:50:27 - Attempting to upload file - Array
(
    [source] => C:\xampp\tmp\phpD984.tmp
    [destination] => C:\xampp\htdocs\eco-wealth-portal/uploads/693f8c8bdc29b_1765772427_ID_1__2_.pdf
    [file_size] => 149739
)

2025-12-15 09:50:27 - File uploaded successfully - 693f8c8bdc29b_1765772427_ID_1__2_.pdf
2025-12-15 09:50:27 - Attempting to upload file - Array
(
    [source] => C:\xampp\tmp\phpD985.tmp
    [destination] => C:\xampp\htdocs\eco-wealth-portal/uploads/693f8c8bde209_1765772427_ID_1__2_.pdf
    [file_size] => 149739
)

2025-12-15 09:50:27 - File uploaded successfully - 693f8c8bde209_1765772427_ID_1__2_.pdf
2025-12-15 09:50:27 - Attempting to upload file - Array
(
    [source] => C:\xampp\tmp\phpD995.tmp
    [destination] => C:\xampp\htdocs\eco-wealth-portal/uploads/693f8c8bdec03_1765772427_ID_1__3_.pdf
    [file_size] => 149739
)

2025-12-15 09:50:27 - File uploaded successfully - 693f8c8bdec03_1765772427_ID_1__3_.pdf
2025-12-15 09:50:27 - Attempting to upload file - Array
(
    [source] => C:\xampp\tmp\phpD996.tmp
    [destination] => C:\xampp\htdocs\eco-wealth-portal/uploads/693f8c8bdefbd_1765772427_Bank_Slip_1.pdf
    [file_size] => 150243
)

2025-12-15 09:50:27 - File uploaded successfully - 693f8c8bdefbd_1765772427_Bank_Slip_1.pdf
2025-12-15 09:50:27 - Attempting to upload file - Array
(
    [source] => C:\xampp\tmp\phpD997.tmp
    [destination] => C:\xampp\htdocs\eco-wealth-portal/uploads/693f8c8bdf32b_1765772427_ID_1.pdf
    [file_size] => 149739
)

2025-12-15 09:50:27 - File uploaded successfully - 693f8c8bdf32b_1765772427_ID_1.pdf
2025-12-15 09:50:27 - Attempting to upload file - Array
(
    [source] => C:\xampp\tmp\phpD998.tmp
    [destination] => C:\xampp\htdocs\eco-wealth-portal/uploads/693f8c8bdf684_1765772427_ID_1__2_.pdf
    [file_size] => 149739
)

2025-12-15 09:50:27 - File uploaded successfully - 693f8c8bdf684_1765772427_ID_1__2_.pdf
2025-12-15 09:50:27 - Investor inserted successfully - Array
(
    [id] => 9
)

2025-12-15 09:50:27 - Beneficiary inserted - Array
(
    [investor_id] => 9
    [name] => wq
)

2025-12-15 09:50:27 - Transaction committed successfully - Array
(
    [application_id] => 9
)

2025-12-15 09:50:29 - Email sending attempt - Array
(
    [sent] => 
    [to] => dkasun558@gmail.com
)

2025-12-15 09:50:29 - Redirecting to submit.php - Array
(
    [application_id] => 9
)

2025-12-15 09:50:30 - Tables created successfully
2025-12-15 09:55:05 - Tables created successfully
2025-12-15 10:05:59 - Tables created successfully
2025-12-15 10:05:59 - Form submission started - Array
(
    [fullName] => Dilshan
    [nameWithInitials] => kasun
    [nicNo] => 123123
    [telNo] => 12
    [dob] => 2007-12-15
    [email] => dkasun558@gmail.com
    [address] => 368/6 Rathnapura Road Kalawana
    [occupation] => w
    [employerName] => Kasun Dilshan
    [beneficiaryName] => Array
        (
            [0] => 1
        )

    [beneficiaryNIC] => Array
        (
            [0] => 2123
        )

    [beneficiaryPercentage] => Array
        (
            [0] => 100
        )

    [years] => 1
    [signingDate] => 2025-12-15
    [accountNo] => 333
    [bank] => BOC
    [branch] => sd
    [declaration] => accepted
    [declarationDate] => 2025-12-15
)

2025-12-15 10:05:59 - Files received - Array
(
    [signatureUpload] => Array
        (
            [name] => ID_1 (2).pdf
            [type] => application/pdf
            [tmp_name] => C:\xampp\tmp\php11AD.tmp
            [error] => 0
            [size] => 149739
        )

    [investorId] => Array
        (
            [name] => ID_1 (2).pdf
            [type] => application/pdf
            [tmp_name] => C:\xampp\tmp\php11BD.tmp
            [error] => 0
            [size] => 149739
        )

    [beneficiaryId] => Array
        (
            [name] => ID_1.pdf
            [type] => application/pdf
            [tmp_name] => C:\xampp\tmp\php11BE.tmp
            [error] => 0
            [size] => 149739
        )

    [passbook] => Array
        (
            [name] => ID_1 (2).pdf
            [type] => application/pdf
            [tmp_name] => C:\xampp\tmp\php11BF.tmp
            [error] => 0
            [size] => 149739
        )

    [paymentSlip] => Array
        (
            [name] => ID_1 (3).pdf
            [type] => application/pdf
            [tmp_name] => C:\xampp\tmp\php11C0.tmp
            [error] => 0
            [size] => 149739
        )

    [finalSignature] => Array
        (
            [name] => ID_1 (2).pdf
            [type] => application/pdf
            [tmp_name] => C:\xampp\tmp\php11D1.tmp
            [error] => 0
            [size] => 149739
        )

)

2025-12-15 10:05:59 - POST request received
2025-12-15 10:05:59 - Processing form data - Array
(
    [fullName] => Dilshan
    [nameWithInitials] => kasun
    [nicNo] => 123123
    [telNo] => 12
    [dob] => 2007-12-15
    [email] => dkasun558@gmail.com
    [address] => 368/6 Rathnapura Road Kalawana
    [occupation] => w
    [employerName] => Kasun Dilshan
    [beneficiaryName] => Array
        (
            [0] => 1
        )

    [beneficiaryNIC] => Array
        (
            [0] => 2123
        )

    [beneficiaryPercentage] => Array
        (
            [0] => 100
        )

    [years] => 1
    [signingDate] => 2025-12-15
    [accountNo] => 333
    [bank] => BOC
    [branch] => sd
    [declaration] => accepted
    [declarationDate] => 2025-12-15
)

2025-12-15 10:05:59 - Attempting to upload file - Array
(
    [source] => C:\xampp\tmp\php11AD.tmp
    [destination] => C:\xampp\htdocs\eco-wealth-portal/uploads/693f902f9b926_1765773359_ID_1__2_.pdf
    [file_size] => 149739
)

2025-12-15 10:05:59 - File uploaded successfully - 693f902f9b926_1765773359_ID_1__2_.pdf
2025-12-15 10:05:59 - Attempting to upload file - Array
(
    [source] => C:\xampp\tmp\php11BD.tmp
    [destination] => C:\xampp\htdocs\eco-wealth-portal/uploads/693f902f9c200_1765773359_ID_1__2_.pdf
    [file_size] => 149739
)

2025-12-15 10:05:59 - File uploaded successfully - 693f902f9c200_1765773359_ID_1__2_.pdf
2025-12-15 10:05:59 - Attempting to upload file - Array
(
    [source] => C:\xampp\tmp\php11BE.tmp
    [destination] => C:\xampp\htdocs\eco-wealth-portal/uploads/693f902f9c6cf_1765773359_ID_1.pdf
    [file_size] => 149739
)

2025-12-15 10:05:59 - File uploaded successfully - 693f902f9c6cf_1765773359_ID_1.pdf
2025-12-15 10:05:59 - Attempting to upload file - Array
(
    [source] => C:\xampp\tmp\php11BF.tmp
    [destination] => C:\xampp\htdocs\eco-wealth-portal/uploads/693f902f9ca69_1765773359_ID_1__2_.pdf
    [file_size] => 149739
)

2025-12-15 10:05:59 - File uploaded successfully - 693f902f9ca69_1765773359_ID_1__2_.pdf
2025-12-15 10:05:59 - Attempting to upload file - Array
(
    [source] => C:\xampp\tmp\php11C0.tmp
    [destination] => C:\xampp\htdocs\eco-wealth-portal/uploads/693f902f9ce68_1765773359_ID_1__3_.pdf
    [file_size] => 149739
)

2025-12-15 10:05:59 - File uploaded successfully - 693f902f9ce68_1765773359_ID_1__3_.pdf
2025-12-15 10:05:59 - Attempting to upload file - Array
(
    [source] => C:\xampp\tmp\php11D1.tmp
    [destination] => C:\xampp\htdocs\eco-wealth-portal/uploads/693f902f9d15f_1765773359_ID_1__2_.pdf
    [file_size] => 149739
)

2025-12-15 10:05:59 - File uploaded successfully - 693f902f9d15f_1765773359_ID_1__2_.pdf
2025-12-15 10:05:59 - Investor inserted successfully - Array
(
    [id] => 10
)

2025-12-15 10:05:59 - Beneficiary inserted - Array
(
    [investor_id] => 10
    [name] => 1
)

2025-12-15 10:05:59 - Transaction committed successfully - Array
(
    [application_id] => 10
)

2025-12-15 10:06:01 - Email sending attempt - Array
(
    [sent] => 
    [to] => dkasun558@gmail.com
)

2025-12-15 10:06:01 - Redirecting to submit.php - Array
(
    [application_id] => 10
)

2025-12-15 10:06:01 - Tables created successfully
2025-12-15 10:18:54 - Tables created successfully
2025-12-15 10:19:03 - Tables created successfully
2025-12-15 10:19:03 - Tables created successfully
2025-12-15 10:19:10 - Tables created successfully
2025-12-15 10:19:15 - Tables created successfully
2025-12-15 10:19:20 - Tables created successfully
2025-12-15 10:19:26 - Tables created successfully
2025-12-15 10:19:31 - Tables created successfully
2025-12-15 10:19:32 - Tables created successfully
2025-12-15 10:19:33 - Tables created successfully
2025-12-15 10:19:34 - Tables created successfully
2025-12-15 10:19:34 - Tables created successfully
2025-12-15 10:19:34 - Tables created successfully
2025-12-15 10:19:35 - Tables created successfully
2025-12-15 10:19:35 - Tables created successfully
2025-12-15 10:19:36 - Tables created successfully
2025-12-15 10:19:37 - Tables created successfully
2025-12-15 10:20:10 - Tables created successfully
2025-12-15 10:22:08 - Tables created successfully
2025-12-15 10:23:13 - Tables created successfully
2025-12-15 10:23:15 - Tables created successfully
2025-12-15 10:23:25 - Tables created successfully
2025-12-15 10:33:39 - Tables created successfully
2025-12-15 10:33:50 - Tables created successfully
2025-12-15 10:34:01 - Tables created successfully
2025-12-15 10:34:43 - Tables created successfully
2025-12-15 10:35:39 - Tables created successfully
2025-12-15 11:02:03 - Tables created successfully
2025-12-15 11:02:03 - Tables created successfully
2025-12-15 11:02:05 - Tables created successfully
2025-12-15 11:02:07 - Tables created successfully
2025-12-15 11:02:22 - Tables created successfully
2025-12-15 11:02:23 - Tables created successfully
2025-12-15 11:02:27 - Tables created successfully
2025-12-15 11:02:43 - Tables created successfully
2025-12-15 11:02:45 - Tables created successfully
2025-12-15 11:03:00 - Tables created successfully
2025-12-15 11:03:02 - Tables created successfully
2025-12-15 11:03:02 - Tables created successfully
2025-12-15 11:03:04 - Tables created successfully
2025-12-15 11:03:04 - Tables created successfully
2025-12-15 11:03:06 - Tables created successfully
2025-12-15 11:04:15 - Tables created successfully
2025-12-15 11:04:33 - Tables created successfully
2025-12-15 11:05:23 - Tables created successfully
2025-12-15 11:05:28 - Tables created successfully
2025-12-15 11:07:28 - Tables created successfully
2025-12-15 11:07:41 - Tables created successfully
2025-12-15 11:17:12 - Tables created successfully
2025-12-15 11:19:39 - Tables created successfully
2025-12-15 11:19:45 - Tables created successfully
2025-12-15 11:19:47 - Tables created successfully
2025-12-15 11:19:49 - Tables created successfully
2025-12-15 11:20:07 - Tables created successfully
2025-12-15 11:30:03 - Tables created successfully
2025-12-15 11:30:14 - Tables created successfully
2025-12-15 11:31:31 - Tables created successfully
2025-12-15 11:31:31 - Tables created successfully
2025-12-15 11:31:31 - Tables created successfully
2025-12-15 11:31:32 - Tables created successfully
2025-12-15 11:31:46 - Tables created successfully
2025-12-15 11:32:55 - Tables created successfully
2025-12-15 11:32:55 - Form submission started - Array
(
    [fullName] => Dilshan
    [nameWithInitials] => kasun
    [nicNo] => 200130400384
    [telNo] => 0717499981
    [dob] => 2007-12-15
    [email] => dkasun558@gmail.com
    [address] => 368/6 Rathnapura Road Kalawana
    [occupation] => w
    [employerName] => Kasun Dilshan
    [beneficiaryName] => Array
        (
            [0] => 1
        )

    [beneficiaryNIC] => Array
        (
            [0] => 3123
        )

    [beneficiaryPercentage] => Array
        (
            [0] => 100
        )

    [years] => 1
    [signingDate] => 2025-12-15
    [accountNo] => 87223146
    [bank] => BOC
    [branch] => 2w
    [declaration] => accepted
    [declarationDate] => 2025-12-15
)

2025-12-15 11:32:55 - Files received - Array
(
    [signatureUpload] => Array
        (
            [name] => ID_1 (2).pdf
            [type] => application/pdf
            [tmp_name] => C:\xampp\tmp\phpAA49.tmp
            [error] => 0
            [size] => 149739
        )

    [investorId] => Array
        (
            [name] => ID_1 (2).pdf
            [type] => application/pdf
            [tmp_name] => C:\xampp\tmp\phpAA4A.tmp
            [error] => 0
            [size] => 149739
        )

    [beneficiaryId] => Array
        (
            [name] => Bank_Slip_1.pdf
            [type] => application/pdf
            [tmp_name] => C:\xampp\tmp\phpAA4B.tmp
            [error] => 0
            [size] => 150243
        )

    [passbook] => Array
        (
            [name] => ID_1 (1).pdf
            [type] => application/pdf
            [tmp_name] => C:\xampp\tmp\phpAA5C.tmp
            [error] => 0
            [size] => 149739
        )

    [paymentSlip] => Array
        (
            [name] => Bank_Slip_1.pdf
            [type] => application/pdf
            [tmp_name] => C:\xampp\tmp\phpAA5D.tmp
            [error] => 0
            [size] => 150243
        )

    [finalSignature] => Array
        (
            [name] => ID_1 (3).pdf
            [type] => application/pdf
            [tmp_name] => C:\xampp\tmp\phpAA5E.tmp
            [error] => 0
            [size] => 149739
        )

)

2025-12-15 11:32:55 - POST request received
2025-12-15 11:32:55 - Processing form data - Array
(
    [fullName] => Dilshan
    [nameWithInitials] => kasun
    [nicNo] => 200130400384
    [telNo] => 0717499981
    [dob] => 2007-12-15
    [email] => dkasun558@gmail.com
    [address] => 368/6 Rathnapura Road Kalawana
    [occupation] => w
    [employerName] => Kasun Dilshan
    [beneficiaryName] => Array
        (
            [0] => 1
        )

    [beneficiaryNIC] => Array
        (
            [0] => 3123
        )

    [beneficiaryPercentage] => Array
        (
            [0] => 100
        )

    [years] => 1
    [signingDate] => 2025-12-15
    [accountNo] => 87223146
    [bank] => BOC
    [branch] => 2w
    [declaration] => accepted
    [declarationDate] => 2025-12-15
)

2025-12-15 11:32:55 - Attempting to upload file - Array
(
    [source] => C:\xampp\tmp\phpAA49.tmp
    [destination] => C:\xampp\htdocs\eco-wealth-portal/uploads/693fa48fbf387_1765778575_ID_1__2_.pdf
    [file_size] => 149739
)

2025-12-15 11:32:55 - File uploaded successfully - 693fa48fbf387_1765778575_ID_1__2_.pdf
2025-12-15 11:32:55 - Attempting to upload file - Array
(
    [source] => C:\xampp\tmp\phpAA4A.tmp
    [destination] => C:\xampp\htdocs\eco-wealth-portal/uploads/693fa48fbf749_1765778575_ID_1__2_.pdf
    [file_size] => 149739
)

2025-12-15 11:32:55 - File uploaded successfully - 693fa48fbf749_1765778575_ID_1__2_.pdf
2025-12-15 11:32:55 - Attempting to upload file - Array
(
    [source] => C:\xampp\tmp\phpAA4B.tmp
    [destination] => C:\xampp\htdocs\eco-wealth-portal/uploads/693fa48fbfaef_1765778575_Bank_Slip_1.pdf
    [file_size] => 150243
)

2025-12-15 11:32:55 - File uploaded successfully - 693fa48fbfaef_1765778575_Bank_Slip_1.pdf
2025-12-15 11:32:55 - Attempting to upload file - Array
(
    [source] => C:\xampp\tmp\phpAA5C.tmp
    [destination] => C:\xampp\htdocs\eco-wealth-portal/uploads/693fa48fbfe06_1765778575_ID_1__1_.pdf
    [file_size] => 149739
)

2025-12-15 11:32:55 - File uploaded successfully - 693fa48fbfe06_1765778575_ID_1__1_.pdf
2025-12-15 11:32:55 - Attempting to upload file - Array
(
    [source] => C:\xampp\tmp\phpAA5D.tmp
    [destination] => C:\xampp\htdocs\eco-wealth-portal/uploads/693fa48fc012f_1765778575_Bank_Slip_1.pdf
    [file_size] => 150243
)

2025-12-15 11:32:55 - File uploaded successfully - 693fa48fc012f_1765778575_Bank_Slip_1.pdf
2025-12-15 11:32:55 - Attempting to upload file - Array
(
    [source] => C:\xampp\tmp\phpAA5E.tmp
    [destination] => C:\xampp\htdocs\eco-wealth-portal/uploads/693fa48fc04ef_1765778575_ID_1__3_.pdf
    [file_size] => 149739
)

2025-12-15 11:32:55 - File uploaded successfully - 693fa48fc04ef_1765778575_ID_1__3_.pdf
2025-12-15 11:32:55 - Investor inserted successfully - Array
(
    [id] => 11
)

2025-12-15 11:32:55 - Beneficiary inserted - Array
(
    [investor_id] => 11
    [name] => 1
)

2025-12-15 11:32:55 - Transaction committed successfully - Array
(
    [application_id] => 11
)

2025-12-15 11:32:57 - Email sending attempt - Array
(
    [sent] => 
    [to] => dkasun558@gmail.com
)

2025-12-15 11:32:57 - Redirecting to submit.php - Array
(
    [application_id] => 11
)

2025-12-15 11:32:57 - Tables created successfully
2025-12-15 11:33:09 - Tables created successfully
2025-12-15 11:33:10 - Tables created successfully
2025-12-15 11:33:14 - Tables created successfully
2025-12-15 11:35:13 - Tables created successfully
2025-12-15 11:35:25 - Tables created successfully
2025-12-15 11:36:05 - Tables created successfully
2025-12-15 11:36:09 - Tables created successfully
2025-12-15 11:36:11 - Tables created successfully
2025-12-15 11:36:12 - Tables created successfully
2025-12-15 11:36:14 - Tables created successfully
2025-12-15 11:36:17 - Tables created successfully
2025-12-15 11:36:28 - Tables created successfully
2025-12-15 11:36:56 - Tables created successfully
2025-12-15 11:37:03 - Tables created successfully
2025-12-15 11:37:05 - Tables created successfully
2025-12-15 11:37:19 - Tables created successfully
2025-12-15 11:37:21 - Tables created successfully
2025-12-15 11:37:23 - Tables created successfully
2025-12-15 11:37:28 - Tables created successfully
2025-12-15 11:37:38 - Tables created successfully
2025-12-15 11:37:40 - Tables created successfully
2025-12-15 11:37:40 - Tables created successfully
2025-12-15 11:38:17 - Tables created successfully
2025-12-15 11:43:17 - Tables created successfully
2025-12-15 11:48:18 - Tables created successfully
2025-12-15 11:52:55 - Tables created successfully
2025-12-15 11:52:56 - Tables created successfully
2025-12-15 11:53:00 - Tables created successfully
2025-12-15 11:53:06 - Tables created successfully
2025-12-15 11:53:09 - Tables created successfully
2025-12-15 11:59:29 - Tables created successfully
2025-12-15 11:59:43 - Tables created successfully
2025-12-15 11:59:45 - Tables created successfully
2025-12-15 11:59:45 - Tables created successfully
2025-12-15 12:00:45 - Tables created successfully
2025-12-15 12:02:12 - Tables created successfully
2025-12-15 12:02:46 - Tables created successfully
2025-12-15 12:02:48 - Tables created successfully
2025-12-15 12:02:54 - Tables created successfully
2025-12-15 12:03:45 - Tables created successfully
2025-12-15 12:03:48 - Tables created successfully
2025-12-15 12:04:04 - Tables created successfully
2025-12-15 12:04:08 - Tables created successfully
2025-12-15 12:04:08 - Tables created successfully
2025-12-15 12:04:52 - Tables created successfully
2025-12-15 12:04:54 - Tables created successfully
2025-12-15 12:05:57 - Tables created successfully
2025-12-15 12:05:57 - Form submission started - Array
(
    [fullName] => Dilshan
    [nameWithInitials] => kasun
    [nicNo] => 200130400384
    [telNo] => 0717499981
    [dob] => 2007-12-15
    [email] => dkasun558@gmail.com
    [address] => 368/6 Rathnapura Road Kalawana
    [occupation] => IT
    [employerName] => Kasun Dilshan
    [beneficiaryName] => Array
        (
            [0] => Kassa
        )

    [beneficiaryNIC] => Array
        (
            [0] => 1212
        )

    [beneficiaryPercentage] => Array
        (
            [0] => 100
        )

    [years] => 1
    [signingDate] => 2025-12-15
    [accountNo] => 87223146
    [bank] => BOC
    [branch] => Colombo
    [declaration] => accepted
    [declarationDate] => 2025-12-15
)

2025-12-15 12:05:57 - Files received - Array
(
    [signatureUpload] => Array
        (
            [name] => ID_1 (2).pdf
            [type] => application/pdf
            [tmp_name] => C:\xampp\tmp\phpE69B.tmp
            [error] => 0
            [size] => 149739
        )

    [investorId] => Array
        (
            [name] => ID_1 (2).pdf
            [type] => application/pdf
            [tmp_name] => C:\xampp\tmp\phpE69C.tmp
            [error] => 0
            [size] => 149739
        )

    [beneficiaryId] => Array
        (
            [name] => ID_1 (3).pdf
            [type] => application/pdf
            [tmp_name] => C:\xampp\tmp\phpE6AC.tmp
            [error] => 0
            [size] => 149739
        )

    [passbook] => Array
        (
            [name] => Bank_Slip_1.pdf
            [type] => application/pdf
            [tmp_name] => C:\xampp\tmp\phpE6AD.tmp
            [error] => 0
            [size] => 150243
        )

    [paymentSlip] => Array
        (
            [name] => ID_1 (2).pdf
            [type] => application/pdf
            [tmp_name] => C:\xampp\tmp\phpE6AE.tmp
            [error] => 0
            [size] => 149739
        )

    [finalSignature] => Array
        (
            [name] => ID_1 (2).pdf
            [type] => application/pdf
            [tmp_name] => C:\xampp\tmp\phpE6BF.tmp
            [error] => 0
            [size] => 149739
        )

)

2025-12-15 12:05:57 - POST request received
2025-12-15 12:05:57 - Processing form data - Array
(
    [fullName] => Dilshan
    [nameWithInitials] => kasun
    [nicNo] => 200130400384
    [telNo] => 0717499981
    [dob] => 2007-12-15
    [email] => dkasun558@gmail.com
    [address] => 368/6 Rathnapura Road Kalawana
    [occupation] => IT
    [employerName] => Kasun Dilshan
    [beneficiaryName] => Array
        (
            [0] => Kassa
        )

    [beneficiaryNIC] => Array
        (
            [0] => 1212
        )

    [beneficiaryPercentage] => Array
        (
            [0] => 100
        )

    [years] => 1
    [signingDate] => 2025-12-15
    [accountNo] => 87223146
    [bank] => BOC
    [branch] => Colombo
    [declaration] => accepted
    [declarationDate] => 2025-12-15
)

2025-12-15 12:05:57 - Attempting to upload file - Array
(
    [source] => C:\xampp\tmp\phpE69B.tmp
    [destination] => C:\xampp\htdocs\eco-wealth-portal/uploads/693fac4d48b43_1765780557_ID_1__2_.pdf
    [file_size] => 149739
)

2025-12-15 12:05:57 - File uploaded successfully - 693fac4d48b43_1765780557_ID_1__2_.pdf
2025-12-15 12:05:57 - Attempting to upload file - Array
(
    [source] => C:\xampp\tmp\phpE69C.tmp
    [destination] => C:\xampp\htdocs\eco-wealth-portal/uploads/693fac4d4931c_1765780557_ID_1__2_.pdf
    [file_size] => 149739
)

2025-12-15 12:05:57 - File uploaded successfully - 693fac4d4931c_1765780557_ID_1__2_.pdf
2025-12-15 12:05:57 - Attempting to upload file - Array
(
    [source] => C:\xampp\tmp\phpE6AC.tmp
    [destination] => C:\xampp\htdocs\eco-wealth-portal/uploads/693fac4d4a1e1_1765780557_ID_1__3_.pdf
    [file_size] => 149739
)

2025-12-15 12:05:57 - File uploaded successfully - 693fac4d4a1e1_1765780557_ID_1__3_.pdf
2025-12-15 12:05:57 - Attempting to upload file - Array
(
    [source] => C:\xampp\tmp\phpE6AD.tmp
    [destination] => C:\xampp\htdocs\eco-wealth-portal/uploads/693fac4d4af0c_1765780557_Bank_Slip_1.pdf
    [file_size] => 150243
)

2025-12-15 12:05:57 - File uploaded successfully - 693fac4d4af0c_1765780557_Bank_Slip_1.pdf
2025-12-15 12:05:57 - Attempting to upload file - Array
(
    [source] => C:\xampp\tmp\phpE6AE.tmp
    [destination] => C:\xampp\htdocs\eco-wealth-portal/uploads/693fac4d4b4aa_1765780557_ID_1__2_.pdf
    [file_size] => 149739
)

2025-12-15 12:05:57 - File uploaded successfully - 693fac4d4b4aa_1765780557_ID_1__2_.pdf
2025-12-15 12:05:57 - Attempting to upload file - Array
(
    [source] => C:\xampp\tmp\phpE6BF.tmp
    [destination] => C:\xampp\htdocs\eco-wealth-portal/uploads/693fac4d4b998_1765780557_ID_1__2_.pdf
    [file_size] => 149739
)

2025-12-15 12:05:57 - File uploaded successfully - 693fac4d4b998_1765780557_ID_1__2_.pdf
2025-12-15 12:05:57 - Investor inserted successfully - Array
(
    [id] => 12
)

2025-12-15 12:05:57 - Beneficiary inserted - Array
(
    [investor_id] => 12
    [name] => Kassa
)

2025-12-15 12:05:57 - Transaction committed successfully - Array
(
    [application_id] => 12
)

2025-12-15 12:05:59 - Email sending attempt - Array
(
    [sent] => 
    [to] => dkasun558@gmail.com
)

2025-12-15 12:05:59 - Redirecting to submit.php - Array
(
    [application_id] => 12
)

2025-12-15 12:05:59 - Tables created successfully
2025-12-15 12:06:05 - Tables created successfully
2025-12-15 12:06:49 - Tables created successfully
2025-12-15 12:06:53 - Tables created successfully
2025-12-15 12:06:57 - Tables created successfully
2025-12-15 12:07:26 - Tables created successfully
2025-12-15 12:07:30 - Tables created successfully
2025-12-15 12:12:58 - Tables created successfully
2025-12-15 12:13:07 - Tables created successfully
2025-12-15 12:13:11 - Tables created successfully
2025-12-15 12:14:14 - Tables created successfully
2025-12-15 12:16:54 - Tables created successfully
2025-12-15 12:16:57 - Tables created successfully
2025-12-15 12:17:32 - Tables created successfully
2025-12-15 12:17:45 - Tables created successfully
2025-12-15 12:17:48 - Tables created successfully
2025-12-15 12:19:05 - Tables created successfully
2025-12-15 12:19:08 - Tables created successfully
2025-12-15 12:19:09 - Tables created successfully
2025-12-15 12:19:11 - Tables created successfully
2025-12-15 12:19:12 - Tables created successfully
2025-12-15 12:19:12 - Tables created successfully
2025-12-15 12:19:13 - Tables created successfully
2025-12-15 12:19:15 - Tables created successfully
2025-12-15 12:19:26 - Tables created successfully
2025-12-15 12:19:30 - Tables created successfully
2025-12-15 12:19:31 - Tables created successfully
2025-12-15 12:19:34 - Tables created successfully
2025-12-15 12:19:37 - Tables created successfully
2025-12-15 12:19:39 - Tables created successfully
2025-12-15 12:19:42 - Tables created successfully
2025-12-15 12:19:47 - Tables created successfully
2025-12-15 12:19:50 - Tables created successfully
2025-12-15 12:20:46 - Tables created successfully
2025-12-15 12:20:50 - Tables created successfully
2025-12-15 12:20:53 - Tables created successfully
2025-12-15 12:21:16 - Tables created successfully
2025-12-15 12:21:18 - Tables created successfully
2025-12-15 12:21:22 - Tables created successfully
2025-12-15 12:21:27 - Tables created successfully
2025-12-15 12:21:30 - Tables created successfully
2025-12-15 12:21:34 - Tables created successfully
2025-12-15 12:21:35 - Tables created successfully
2025-12-15 12:21:36 - Tables created successfully
2025-12-15 12:22:18 - Tables created successfully
2025-12-15 12:22:22 - Tables created successfully
2025-12-15 12:23:02 - Tables created successfully
2025-12-15 12:23:05 - Tables created successfully
2025-12-15 12:23:08 - Tables created successfully
2025-12-15 12:24:33 - Tables created successfully
2025-12-15 12:24:46 - Tables created successfully
2025-12-15 12:26:14 - Tables created successfully
2025-12-15 12:32:34 - Tables created successfully
2025-12-15 12:32:37 - Tables created successfully
2025-12-15 12:37:38 - Tables created successfully
2025-12-15 12:42:39 - Tables created successfully
2025-12-15 12:47:40 - Tables created successfully
2025-12-15 12:49:59 - Tables created successfully
2025-12-15 12:50:02 - Tables created successfully
2025-12-15 12:50:04 - Tables created successfully
2025-12-15 12:50:05 - Tables created successfully
2025-12-15 12:50:13 - Tables created successfully
2025-12-15 12:50:16 - Tables created successfully
2025-12-15 12:50:40 - Tables created successfully
2025-12-15 12:51:16 - Tables created successfully
2025-12-15 12:51:21 - Tables created successfully
2025-12-15 12:51:22 - Tables created successfully
2025-12-15 12:53:08 - Tables created successfully
2025-12-15 12:53:28 - Tables created successfully
2025-12-15 12:53:36 - Tables created successfully
2025-12-15 12:53:43 - Tables created successfully
2025-12-15 12:53:45 - Tables created successfully
2025-12-15 12:53:46 - Tables created successfully
2025-12-15 12:54:00 - Tables created successfully
2025-12-15 12:54:00 - Tables created successfully
2025-12-15 12:54:58 - Tables created successfully
2025-12-15 12:55:37 - Tables created successfully
2025-12-15 12:55:39 - Tables created successfully
2025-12-15 12:55:39 - Tables created successfully
2025-12-15 12:55:40 - Tables created successfully
2025-12-15 12:55:40 - Tables created successfully
2025-12-15 12:55:40 - Tables created successfully
2025-12-15 12:55:41 - Tables created successfully
2025-12-15 12:55:43 - Tables created successfully
2025-12-15 12:56:06 - Tables created successfully
2025-12-15 12:56:07 - Tables created successfully
2025-12-15 12:56:07 - Tables created successfully
2025-12-15 12:56:10 - Tables created successfully
2025-12-15 12:56:33 - Tables created successfully
2025-12-15 12:56:33 - Tables created successfully
2025-12-15 12:56:33 - Tables created successfully
2025-12-15 12:56:34 - Tables created successfully
2025-12-15 12:56:34 - Tables created successfully
2025-12-15 12:56:34 - Tables created successfully
2025-12-15 12:56:35 - Tables created successfully
2025-12-15 12:56:36 - Tables created successfully
2025-12-15 12:56:42 - Tables created successfully
2025-12-15 12:56:42 - Tables created successfully
2025-12-15 12:56:43 - Tables created successfully
2025-12-15 12:56:46 - Tables created successfully
2025-12-15 12:58:37 - Tables created successfully
2025-12-15 12:58:41 - Tables created successfully
2025-12-15 12:58:58 - Tables created successfully
2025-12-15 12:59:15 - Tables created successfully
2025-12-15 12:59:27 - Tables created successfully
2025-12-15 13:04:27 - Tables created successfully
2025-12-15 13:08:18 - Tables created successfully
2025-12-15 13:08:56 - Tables created successfully
2025-12-15 13:10:00 - Tables created successfully
2025-12-15 13:10:11 - Tables created successfully
2025-12-15 13:10:16 - Tables created successfully
2025-12-15 13:10:28 - Tables created successfully
2025-12-15 13:10:28 - Tables created successfully
2025-12-15 13:15:28 - Tables created successfully
2025-12-15 13:16:01 - Tables created successfully
2025-12-15 13:16:01 - Tables created successfully
2025-12-15 13:16:05 - Tables created successfully
2025-12-15 13:16:06 - Tables created successfully
2025-12-15 13:16:08 - Tables created successfully
2025-12-15 13:16:09 - Tables created successfully
2025-12-15 13:16:10 - Tables created successfully
2025-12-15 13:16:12 - Tables created successfully
2025-12-15 13:16:15 - Tables created successfully
2025-12-15 13:16:18 - Tables created successfully
2025-12-15 13:16:19 - Tables created successfully
2025-12-15 13:16:34 - Tables created successfully
2025-12-15 13:17:45 - Tables created successfully
2025-12-15 13:24:40 - Tables created successfully
2025-12-15 13:24:40 - Tables created successfully
2025-12-15 13:24:48 - Tables created successfully
2025-12-15 13:24:55 - Tables created successfully
2025-12-15 13:25:08 - Tables created successfully
2025-12-15 14:22:24 - Tables created successfully
2025-12-15 14:22:37 - Tables created successfully
2025-12-15 14:22:37 - Tables created successfully
2025-12-15 14:22:40 - Tables created successfully
2025-12-15 14:22:41 - Tables created successfully
2025-12-15 14:22:42 - Tables created successfully
2025-12-15 14:22:52 - Tables created successfully
2025-12-15 14:23:00 - Tables created successfully
2025-12-15 14:23:00 - Tables created successfully
2025-12-15 14:28:00 - Tables created successfully
2025-12-15 14:33:01 - Tables created successfully
2025-12-15 14:38:02 - Tables created successfully
2025-12-15 15:45:58 - Tables created successfully
2025-12-16 10:43:46 - Tables created successfully
2025-12-17 21:43:29 - Tables created successfully
2025-12-17 21:43:37 - Tables created successfully
2025-12-17 21:43:37 - Tables created successfully
2025-12-17 21:44:32 - Tables created successfully
2025-12-17 21:45:10 - Tables created successfully
2025-12-17 21:45:12 - Tables created successfully
2025-12-17 21:46:22 - Tables created successfully
2025-12-17 21:46:55 - Tables created successfully
2025-12-17 21:49:29 - Tables created successfully
2025-12-17 21:49:31 - Tables created successfully
2025-12-17 21:49:34 - Tables created successfully
2025-12-17 21:49:36 - Tables created successfully
2025-12-17 21:49:38 - Tables created successfully
2025-12-17 21:51:23 - Tables created successfully
2025-12-17 21:51:25 - Tables created successfully
2025-12-17 21:51:41 - Tables created successfully
2025-12-17 21:51:46 - Tables created successfully
2025-12-17 21:53:37 - Tables created successfully
2025-12-17 21:53:39 - Tables created successfully
2025-12-17 21:53:40 - Tables created successfully
2025-12-17 21:53:42 - Tables created successfully
2025-12-17 21:53:55 - Tables created successfully
2025-12-17 21:53:59 - Tables created successfully
2025-12-17 21:54:05 - Tables created successfully
2025-12-17 21:54:07 - Tables created successfully
2025-12-17 21:54:11 - Tables created successfully
2025-12-17 21:54:12 - Tables created successfully
2025-12-17 22:02:10 - Tables created successfully
2025-12-17 22:05:41 - Tables created successfully
2025-12-17 22:05:43 - Tables created successfully
2025-12-17 22:05:47 - Tables created successfully
2025-12-17 22:05:47 - Tables created successfully
2025-12-17 22:05:58 - Tables created successfully
2025-12-17 22:06:18 - Tables created successfully
2025-12-17 22:07:03 - Tables created successfully
2025-12-17 22:07:30 - Tables created successfully
2025-12-17 22:07:54 - Tables created successfully
2025-12-17 22:09:12 - Tables created successfully
2025-12-17 22:09:24 - Tables created successfully
2025-12-17 22:09:25 - Tables created successfully
2025-12-17 22:09:33 - Tables created successfully
2025-12-17 22:09:57 - Tables created successfully
2025-12-17 22:10:21 - Tables created successfully
2025-12-17 22:10:38 - Tables created successfully
2025-12-17 22:10:41 - Tables created successfully
2025-12-17 22:15:39 - Tables created successfully
2025-12-17 22:20:40 - Tables created successfully
2025-12-17 22:25:41 - Tables created successfully
2025-12-17 22:30:41 - Tables created successfully
2025-12-17 22:35:42 - Tables created successfully
2025-12-17 22:40:43 - Tables created successfully
2025-12-17 22:43:34 - Tables created successfully
2025-12-17 22:43:35 - Tables created successfully
2025-12-17 22:43:35 - Tables created successfully
2025-12-17 22:43:44 - Tables created successfully
2025-12-17 22:43:44 - Tables created successfully
2025-12-17 22:43:49 - Tables created successfully
2025-12-17 22:43:49 - Tables created successfully
2025-12-17 22:44:48 - Tables created successfully
2025-12-17 22:44:56 - Tables created successfully
2025-12-17 22:45:25 - Tables created successfully
2025-12-17 22:45:25 - Tables created successfully
2025-12-17 22:47:34 - Tables created successfully
2025-12-17 22:47:34 - Tables created successfully
2025-12-17 22:47:35 - Tables created successfully
2025-12-17 22:47:42 - Tables created successfully
2025-12-17 22:47:51 - Tables created successfully
2025-12-17 22:47:55 - Tables created successfully
2025-12-17 22:48:00 - Tables created successfully
2025-12-17 22:48:10 - Tables created successfully
2025-12-17 22:48:10 - Tables created successfully
2025-12-17 22:48:20 - Tables created successfully
2025-12-17 22:48:20 - Tables created successfully
2025-12-17 22:48:20 - Tables created successfully
2025-12-17 22:48:22 - Tables created successfully
2025-12-17 22:48:22 - Tables created successfully
2025-12-17 22:48:22 - Tables created successfully
2025-12-17 22:48:23 - Tables created successfully
2025-12-17 22:48:31 - Tables created successfully
2025-12-17 22:49:25 - Tables created successfully
2025-12-17 22:49:31 - Tables created successfully
2025-12-17 22:50:22 - Tables created successfully
2025-12-17 22:50:22 - Tables created successfully
2025-12-17 22:50:31 - Tables created successfully
2025-12-17 22:50:31 - Tables created successfully
2025-12-17 22:50:37 - Tables created successfully
2025-12-17 22:50:39 - Tables created successfully
2025-12-17 22:50:40 - Tables created successfully
2025-12-17 22:53:07 - Tables created successfully
2025-12-17 22:53:10 - Tables created successfully
2025-12-17 22:53:11 - Tables created successfully
2025-12-17 22:53:13 - Tables created successfully
2025-12-17 22:54:34 - Tables created successfully
2025-12-17 22:54:58 - Tables created successfully
2025-12-17 22:54:58 - Tables created successfully
2025-12-17 22:54:59 - Tables created successfully
2025-12-17 22:55:23 - Tables created successfully
2025-12-17 22:56:09 - Tables created successfully
2025-12-17 22:57:18 - Tables created successfully
2025-12-17 22:57:19 - Tables created successfully
2025-12-17 22:57:24 - Tables created successfully
2025-12-17 22:57:24 - Tables created successfully
2025-12-17 22:57:36 - Tables created successfully
2025-12-17 22:57:36 - Tables created successfully
2025-12-17 22:57:42 - Tables created successfully
2025-12-17 22:57:42 - Tables created successfully
2025-12-17 22:57:49 - Tables created successfully
2025-12-17 22:57:50 - Tables created successfully
2025-12-17 22:57:50 - Tables created successfully
2025-12-17 22:58:20 - Tables created successfully
2025-12-17 22:58:21 - Tables created successfully
2025-12-17 22:58:38 - Tables created successfully
2025-12-17 22:59:41 - Tables created successfully
2025-12-17 22:59:49 - Tables created successfully
2025-12-17 23:01:27 - Tables created successfully
2025-12-17 23:01:33 - Tables created successfully
2025-12-17 23:05:42 - Tables created successfully
2025-12-17 23:05:45 - Tables created successfully
2025-12-17 23:05:51 - Tables created successfully
2025-12-17 23:06:04 - Tables created successfully
2025-12-17 23:06:07 - Tables created successfully
2025-12-17 23:06:16 - Tables created successfully
2025-12-17 23:08:16 - Tables created successfully
2025-12-17 23:08:16 - Tables created successfully
2025-12-17 23:08:20 - Tables created successfully
2025-12-17 23:08:21 - Tables created successfully
2025-12-17 23:08:46 - Tables created successfully
2025-12-17 23:08:46 - Tables created successfully
2025-12-17 23:09:28 - Tables created successfully
2025-12-17 23:09:44 - Tables created successfully
2025-12-17 23:09:47 - Tables created successfully
2025-12-17 23:09:49 - Tables created successfully
2025-12-17 23:09:50 - Tables created successfully
2025-12-17 23:13:58 - Tables created successfully
2025-12-17 23:13:58 - Tables created successfully
2025-12-17 23:14:07 - Tables created successfully
2025-12-17 23:14:09 - Tables created successfully
2025-12-17 23:15:00 - Tables created successfully
2025-12-17 23:15:00 - Tables created successfully
2025-12-17 23:16:15 - Tables created successfully
2025-12-17 23:22:55 - Tables created successfully
2025-12-17 23:22:55 - Tables created successfully
2025-12-17 23:22:55 - Tables created successfully
2025-12-17 23:22:56 - Tables created successfully
2025-12-17 23:23:04 - Tables created successfully
2025-12-17 23:23:17 - Tables created successfully
2025-12-17 23:23:18 - Tables created successfully
2025-12-17 23:23:19 - Tables created successfully
2025-12-17 23:24:39 - Tables created successfully
2025-12-17 23:25:19 - Tables created successfully
2025-12-17 23:29:31 - Tables created successfully
2025-12-17 23:29:31 - Tables created successfully
2025-12-17 23:29:33 - Tables created successfully
2025-12-17 23:29:41 - Tables created successfully
2025-12-17 23:29:41 - Tables created successfully
2025-12-17 23:29:50 - Tables created successfully
2025-12-17 23:29:50 - Tables created successfully
2025-12-17 23:29:57 - Tables created successfully
2025-12-17 23:29:58 - Tables created successfully
2025-12-17 23:30:00 - Tables created successfully
2025-12-17 23:30:01 - Tables created successfully
2025-12-17 23:30:04 - Tables created successfully
2025-12-17 23:30:05 - Tables created successfully
2025-12-17 23:30:07 - Tables created successfully
2025-12-17 23:30:16 - Tables created successfully
2025-12-17 23:30:16 - Tables created successfully
2025-12-17 23:30:26 - Tables created successfully
2025-12-17 23:30:27 - Tables created successfully
2025-12-17 23:30:27 - Tables created successfully
2025-12-17 23:30:27 - Tables created successfully
2025-12-17 23:30:27 - Tables created successfully
2025-12-17 23:30:27 - Tables created successfully
2025-12-17 23:30:27 - Tables created successfully
2025-12-17 23:30:27 - Tables created successfully
2025-12-17 23:30:27 - Tables created successfully
2025-12-17 23:30:27 - Tables created successfully
2025-12-17 23:30:27 - Tables created successfully
2025-12-17 23:30:27 - Tables created successfully
2025-12-17 23:30:27 - Tables created successfully
2025-12-17 23:30:27 - Tables created successfully
2025-12-17 23:30:27 - Tables created successfully
2025-12-17 23:30:27 - Tables created successfully
2025-12-17 23:30:27 - Tables created successfully
2025-12-17 23:30:27 - Tables created successfully
2025-12-17 23:30:27 - Tables created successfully
2025-12-17 23:30:27 - Tables created successfully
2025-12-17 23:30:28 - Tables created successfully
2025-12-17 23:30:28 - Tables created successfully
2025-12-17 23:30:28 - Tables created successfully
2025-12-17 23:30:28 - Tables created successfully
2025-12-17 23:30:28 - Tables created successfully
2025-12-17 23:30:28 - Tables created successfully
2025-12-17 23:30:28 - Tables created successfully
2025-12-17 23:30:28 - Tables created successfully
2025-12-17 23:30:28 - Tables created successfully
2025-12-17 23:30:28 - Tables created successfully
2025-12-17 23:30:28 - Tables created successfully
2025-12-17 23:30:28 - Tables created successfully
2025-12-17 23:30:28 - Tables created successfully
2025-12-17 23:30:28 - Tables created successfully
2025-12-17 23:30:28 - Tables created successfully
2025-12-17 23:30:28 - Tables created successfully
2025-12-17 23:30:28 - Tables created successfully
2025-12-17 23:30:28 - Tables created successfully
2025-12-17 23:30:28 - Tables created successfully
2025-12-17 23:30:28 - Tables created successfully
2025-12-17 23:30:29 - Tables created successfully
2025-12-17 23:30:29 - Tables created successfully
2025-12-17 23:30:30 - Tables created successfully
2025-12-17 23:30:30 - Tables created successfully
2025-12-17 23:30:30 - Tables created successfully
2025-12-17 23:30:30 - Tables created successfully
2025-12-17 23:30:30 - Tables created successfully
2025-12-17 23:30:30 - Tables created successfully
2025-12-17 23:30:30 - Tables created successfully
2025-12-17 23:30:30 - Tables created successfully
2025-12-17 23:30:30 - Tables created successfully
2025-12-17 23:30:30 - Tables created successfully
2025-12-17 23:30:30 - Tables created successfully
2025-12-17 23:30:30 - Tables created successfully
2025-12-17 23:30:30 - Tables created successfully
2025-12-17 23:30:30 - Tables created successfully
2025-12-17 23:30:30 - Tables created successfully
2025-12-17 23:30:30 - Tables created successfully
2025-12-17 23:30:30 - Tables created successfully
2025-12-17 23:30:30 - Tables created successfully
2025-12-17 23:30:32 - Tables created successfully
2025-12-17 23:30:32 - Tables created successfully
2025-12-17 23:30:33 - Tables created successfully
2025-12-17 23:30:33 - Tables created successfully
2025-12-17 23:30:33 - Tables created successfully
2025-12-17 23:30:33 - Tables created successfully
2025-12-17 23:30:33 - Tables created successfully
2025-12-17 23:30:33 - Tables created successfully
2025-12-17 23:30:33 - Tables created successfully
2025-12-17 23:30:33 - Tables created successfully
2025-12-17 23:30:33 - Tables created successfully
2025-12-17 23:30:33 - Tables created successfully
2025-12-17 23:30:33 - Tables created successfully
2025-12-17 23:30:33 - Tables created successfully
2025-12-17 23:30:33 - Tables created successfully
2025-12-17 23:30:33 - Tables created successfully
2025-12-17 23:30:33 - Tables created successfully
2025-12-17 23:30:33 - Tables created successfully
2025-12-17 23:30:33 - Tables created successfully
2025-12-17 23:30:33 - Tables created successfully
2025-12-17 23:30:33 - Tables created successfully
2025-12-17 23:30:33 - Tables created successfully
2025-12-17 23:30:34 - Tables created successfully
2025-12-17 23:30:34 - Tables created successfully
2025-12-17 23:30:34 - Tables created successfully
2025-12-17 23:30:34 - Tables created successfully
2025-12-17 23:30:34 - Tables created successfully
2025-12-17 23:30:34 - Tables created successfully
2025-12-17 23:30:34 - Tables created successfully
2025-12-17 23:30:34 - Tables created successfully
2025-12-17 23:30:34 - Tables created successfully
2025-12-17 23:30:34 - Tables created successfully
2025-12-17 23:30:34 - Tables created successfully
2025-12-17 23:30:34 - Tables created successfully
2025-12-17 23:30:34 - Tables created successfully
2025-12-17 23:30:34 - Tables created successfully
2025-12-17 23:30:34 - Tables created successfully
2025-12-17 23:30:34 - Tables created successfully
2025-12-17 23:30:34 - Tables created successfully
2025-12-17 23:30:34 - Tables created successfully
2025-12-17 23:30:34 - Tables created successfully
2025-12-17 23:30:34 - Tables created successfully
2025-12-17 23:30:47 - Tables created successfully
2025-12-17 23:30:47 - Tables created successfully
2025-12-17 23:30:47 - Tables created successfully
2025-12-17 23:30:47 - Tables created successfully
2025-12-17 23:30:47 - Tables created successfully
2025-12-17 23:30:47 - Tables created successfully
2025-12-17 23:30:47 - Tables created successfully
2025-12-17 23:30:47 - Tables created successfully
2025-12-17 23:30:47 - Tables created successfully
2025-12-17 23:30:47 - Tables created successfully
2025-12-17 23:30:48 - Tables created successfully
2025-12-17 23:30:48 - Tables created successfully
2025-12-17 23:30:48 - Tables created successfully
2025-12-17 23:30:48 - Tables created successfully
2025-12-17 23:30:48 - Tables created successfully
2025-12-17 23:30:48 - Tables created successfully
2025-12-17 23:30:48 - Tables created successfully
2025-12-17 23:30:48 - Tables created successfully
2025-12-17 23:30:48 - Tables created successfully
2025-12-17 23:30:48 - Tables created successfully
2025-12-17 23:30:49 - Tables created successfully
2025-12-17 23:30:49 - Tables created successfully
2025-12-17 23:30:49 - Tables created successfully
2025-12-17 23:30:49 - Tables created successfully
2025-12-17 23:30:49 - Tables created successfully
2025-12-17 23:30:49 - Tables created successfully
2025-12-17 23:30:49 - Tables created successfully
2025-12-17 23:30:49 - Tables created successfully
2025-12-17 23:30:49 - Tables created successfully
2025-12-17 23:30:49 - Tables created successfully
2025-12-17 23:30:49 - Tables created successfully
2025-12-17 23:30:49 - Tables created successfully
2025-12-17 23:30:49 - Tables created successfully
2025-12-17 23:30:49 - Tables created successfully
2025-12-17 23:30:49 - Tables created successfully
2025-12-17 23:30:49 - Tables created successfully
2025-12-17 23:30:49 - Tables created successfully
2025-12-17 23:30:49 - Tables created successfully
2025-12-17 23:30:49 - Tables created successfully
2025-12-17 23:30:49 - Tables created successfully
2025-12-17 23:30:54 - Tables created successfully
2025-12-17 23:30:54 - Tables created successfully
2025-12-17 23:30:54 - Tables created successfully
2025-12-17 23:30:54 - Tables created successfully
2025-12-17 23:30:54 - Tables created successfully
2025-12-17 23:30:54 - Tables created successfully
2025-12-17 23:30:54 - Tables created successfully
2025-12-17 23:30:54 - Tables created successfully
2025-12-17 23:30:54 - Tables created successfully
2025-12-17 23:30:54 - Tables created successfully
2025-12-17 23:30:54 - Tables created successfully
2025-12-17 23:30:54 - Tables created successfully
2025-12-17 23:30:54 - Tables created successfully
2025-12-17 23:30:54 - Tables created successfully
2025-12-17 23:30:54 - Tables created successfully
2025-12-17 23:30:54 - Tables created successfully
2025-12-17 23:30:54 - Tables created successfully
2025-12-17 23:30:54 - Tables created successfully
2025-12-17 23:30:54 - Tables created successfully
2025-12-17 23:30:54 - Tables created successfully
2025-12-17 23:30:57 - Tables created successfully
2025-12-17 23:30:57 - Tables created successfully
2025-12-17 23:30:57 - Tables created successfully
2025-12-17 23:30:57 - Tables created successfully
2025-12-17 23:30:57 - Tables created successfully
2025-12-17 23:30:57 - Tables created successfully
2025-12-17 23:30:57 - Tables created successfully
2025-12-17 23:30:57 - Tables created successfully
2025-12-17 23:30:57 - Tables created successfully
2025-12-17 23:30:57 - Tables created successfully
2025-12-17 23:30:57 - Tables created successfully
2025-12-17 23:30:57 - Tables created successfully
2025-12-17 23:30:57 - Tables created successfully
2025-12-17 23:30:57 - Tables created successfully
2025-12-17 23:30:57 - Tables created successfully
2025-12-17 23:30:57 - Tables created successfully
2025-12-17 23:30:57 - Tables created successfully
2025-12-17 23:30:58 - Tables created successfully
2025-12-17 23:30:58 - Tables created successfully
2025-12-17 23:30:58 - Tables created successfully
2025-12-17 23:30:58 - Tables created successfully
2025-12-17 23:30:58 - Tables created successfully
2025-12-17 23:30:58 - Tables created successfully
2025-12-17 23:30:58 - Tables created successfully
2025-12-17 23:30:58 - Tables created successfully
2025-12-17 23:30:58 - Tables created successfully
2025-12-17 23:30:58 - Tables created successfully
2025-12-17 23:30:58 - Tables created successfully
2025-12-17 23:30:58 - Tables created successfully
2025-12-17 23:30:58 - Tables created successfully
2025-12-17 23:30:58 - Tables created successfully
2025-12-17 23:30:58 - Tables created successfully
2025-12-17 23:30:58 - Tables created successfully
2025-12-17 23:30:59 - Tables created successfully
2025-12-17 23:30:59 - Tables created successfully
2025-12-17 23:30:59 - Tables created successfully
2025-12-17 23:30:59 - Tables created successfully
2025-12-17 23:30:59 - Tables created successfully
2025-12-17 23:30:59 - Tables created successfully
2025-12-17 23:30:59 - Tables created successfully
2025-12-17 23:30:59 - Tables created successfully
2025-12-17 23:30:59 - Tables created successfully
2025-12-17 23:30:59 - Tables created successfully
2025-12-17 23:31:00 - Tables created successfully
2025-12-17 23:31:00 - Tables created successfully
2025-12-17 23:31:00 - Tables created successfully
2025-12-17 23:31:00 - Tables created successfully
2025-12-17 23:31:00 - Tables created successfully
2025-12-17 23:31:00 - Tables created successfully
2025-12-17 23:31:00 - Tables created successfully
2025-12-17 23:31:00 - Tables created successfully
2025-12-17 23:31:00 - Tables created successfully
2025-12-17 23:31:00 - Tables created successfully
2025-12-17 23:31:00 - Tables created successfully
2025-12-17 23:31:00 - Tables created successfully
2025-12-17 23:31:00 - Tables created successfully
2025-12-17 23:31:00 - Tables created successfully
2025-12-17 23:31:00 - Tables created successfully
2025-12-17 23:31:00 - Tables created successfully
2025-12-17 23:31:00 - Tables created successfully
2025-12-17 23:31:09 - Tables created successfully
2025-12-17 23:31:09 - Tables created successfully
2025-12-17 23:31:09 - Tables created successfully
2025-12-17 23:31:09 - Tables created successfully
2025-12-17 23:31:09 - Tables created successfully
2025-12-17 23:31:09 - Tables created successfully
2025-12-17 23:31:09 - Tables created successfully
2025-12-17 23:31:09 - Tables created successfully
2025-12-17 23:31:09 - Tables created successfully
2025-12-17 23:31:09 - Tables created successfully
2025-12-17 23:31:09 - Tables created successfully
2025-12-17 23:31:09 - Tables created successfully
2025-12-17 23:31:09 - Tables created successfully
2025-12-17 23:31:09 - Tables created successfully
2025-12-17 23:31:09 - Tables created successfully
2025-12-17 23:31:09 - Tables created successfully
2025-12-17 23:31:09 - Tables created successfully
2025-12-17 23:31:09 - Tables created successfully
2025-12-17 23:31:09 - Tables created successfully
2025-12-17 23:31:09 - Tables created successfully
2025-12-17 23:31:16 - Tables created successfully
2025-12-17 23:31:16 - Tables created successfully
2025-12-17 23:31:16 - Tables created successfully
2025-12-17 23:31:16 - Tables created successfully
2025-12-17 23:31:16 - Tables created successfully
2025-12-17 23:31:16 - Tables created successfully
2025-12-17 23:31:16 - Tables created successfully
2025-12-17 23:31:16 - Tables created successfully
2025-12-17 23:31:16 - Tables created successfully
2025-12-17 23:31:16 - Tables created successfully
2025-12-17 23:31:16 - Tables created successfully
2025-12-17 23:31:16 - Tables created successfully
2025-12-17 23:31:16 - Tables created successfully
2025-12-17 23:31:16 - Tables created successfully
2025-12-17 23:31:16 - Tables created successfully
2025-12-17 23:31:16 - Tables created successfully
2025-12-17 23:31:16 - Tables created successfully
2025-12-17 23:31:16 - Tables created successfully
2025-12-17 23:31:16 - Tables created successfully
2025-12-17 23:31:16 - Tables created successfully
2025-12-17 23:31:17 - Tables created successfully
2025-12-17 23:31:17 - Tables created successfully
2025-12-17 23:31:17 - Tables created successfully
2025-12-17 23:31:17 - Tables created successfully
2025-12-17 23:31:17 - Tables created successfully
2025-12-17 23:31:17 - Tables created successfully
2025-12-17 23:31:17 - Tables created successfully
2025-12-17 23:31:17 - Tables created successfully
2025-12-17 23:31:17 - Tables created successfully
2025-12-17 23:31:17 - Tables created successfully
2025-12-17 23:31:17 - Tables created successfully
2025-12-17 23:31:17 - Tables created successfully
2025-12-17 23:31:17 - Tables created successfully
2025-12-17 23:31:17 - Tables created successfully
2025-12-17 23:31:17 - Tables created successfully
2025-12-17 23:31:17 - Tables created successfully
2025-12-17 23:31:17 - Tables created successfully
2025-12-17 23:31:17 - Tables created successfully
2025-12-17 23:31:17 - Tables created successfully
2025-12-17 23:31:17 - Tables created successfully
2025-12-17 23:31:25 - Tables created successfully
2025-12-17 23:31:25 - Tables created successfully
2025-12-17 23:31:25 - Tables created successfully
2025-12-17 23:31:25 - Tables created successfully
2025-12-17 23:31:25 - Tables created successfully
2025-12-17 23:31:25 - Tables created successfully
2025-12-17 23:31:25 - Tables created successfully
2025-12-17 23:31:25 - Tables created successfully
2025-12-17 23:31:25 - Tables created successfully
2025-12-17 23:31:25 - Tables created successfully
2025-12-17 23:31:25 - Tables created successfully
2025-12-17 23:31:25 - Tables created successfully
2025-12-17 23:31:25 - Tables created successfully
2025-12-17 23:31:25 - Tables created successfully
2025-12-17 23:31:25 - Tables created successfully
2025-12-17 23:31:25 - Tables created successfully
2025-12-17 23:31:25 - Tables created successfully
2025-12-17 23:31:25 - Tables created successfully
2025-12-17 23:31:25 - Tables created successfully
2025-12-17 23:31:25 - Tables created successfully
2025-12-17 23:31:26 - Tables created successfully
2025-12-17 23:31:26 - Tables created successfully
2025-12-17 23:31:26 - Tables created successfully
2025-12-17 23:31:26 - Tables created successfully
2025-12-17 23:31:26 - Tables created successfully
2025-12-17 23:31:26 - Tables created successfully
2025-12-17 23:31:26 - Tables created successfully
2025-12-17 23:31:26 - Tables created successfully
2025-12-17 23:31:26 - Tables created successfully
2025-12-17 23:31:26 - Tables created successfully
2025-12-17 23:31:26 - Tables created successfully
2025-12-17 23:31:26 - Tables created successfully
2025-12-17 23:31:26 - Tables created successfully
2025-12-17 23:31:26 - Tables created successfully
2025-12-17 23:31:27 - Tables created successfully
2025-12-17 23:31:27 - Tables created successfully
2025-12-17 23:31:27 - Tables created successfully
2025-12-17 23:31:27 - Tables created successfully
2025-12-17 23:31:27 - Tables created successfully
2025-12-17 23:31:27 - Tables created successfully
2025-12-17 23:32:06 - Tables created successfully
2025-12-17 23:32:06 - Tables created successfully
2025-12-17 23:32:16 - Tables created successfully
2025-12-17 23:32:16 - Tables created successfully
2025-12-17 23:32:16 - Tables created successfully
2025-12-17 23:32:16 - Tables created successfully
2025-12-17 23:32:16 - Tables created successfully
2025-12-17 23:32:16 - Tables created successfully
2025-12-17 23:32:16 - Tables created successfully
2025-12-17 23:32:16 - Tables created successfully
2025-12-17 23:32:16 - Tables created successfully
2025-12-17 23:32:16 - Tables created successfully
2025-12-17 23:32:16 - Tables created successfully
2025-12-17 23:32:16 - Tables created successfully
2025-12-17 23:32:16 - Tables created successfully
2025-12-17 23:32:16 - Tables created successfully
2025-12-17 23:32:16 - Tables created successfully
2025-12-17 23:32:16 - Tables created successfully
2025-12-17 23:32:16 - Tables created successfully
2025-12-17 23:32:16 - Tables created successfully
2025-12-17 23:32:16 - Tables created successfully
2025-12-17 23:32:16 - Tables created successfully
2025-12-17 23:32:16 - Tables created successfully
2025-12-17 23:32:17 - Tables created successfully
2025-12-17 23:32:17 - Tables created successfully
2025-12-17 23:32:17 - Tables created successfully
2025-12-17 23:32:17 - Tables created successfully
2025-12-17 23:32:17 - Tables created successfully
2025-12-17 23:32:17 - Tables created successfully
2025-12-17 23:32:17 - Tables created successfully
2025-12-17 23:32:17 - Tables created successfully
2025-12-17 23:32:17 - Tables created successfully
2025-12-17 23:32:17 - Tables created successfully
2025-12-17 23:32:17 - Tables created successfully
2025-12-17 23:32:17 - Tables created successfully
2025-12-17 23:32:17 - Tables created successfully
2025-12-17 23:32:17 - Tables created successfully
2025-12-17 23:32:17 - Tables created successfully
2025-12-17 23:32:17 - Tables created successfully
2025-12-17 23:32:17 - Tables created successfully
2025-12-17 23:32:17 - Tables created successfully
2025-12-17 23:32:17 - Tables created successfully
2025-12-17 23:32:17 - Tables created successfully
2025-12-17 23:32:22 - Tables created successfully
2025-12-17 23:32:22 - Tables created successfully
2025-12-17 23:32:23 - Tables created successfully
2025-12-17 23:32:23 - Tables created successfully
2025-12-17 23:32:23 - Tables created successfully
2025-12-17 23:32:23 - Tables created successfully
2025-12-17 23:32:23 - Tables created successfully
2025-12-17 23:32:23 - Tables created successfully
2025-12-17 23:32:23 - Tables created successfully
2025-12-17 23:32:23 - Tables created successfully
2025-12-17 23:32:23 - Tables created successfully
2025-12-17 23:32:23 - Tables created successfully
2025-12-17 23:32:23 - Tables created successfully
2025-12-17 23:32:23 - Tables created successfully
2025-12-17 23:32:23 - Tables created successfully
2025-12-17 23:32:23 - Tables created successfully
2025-12-17 23:32:23 - Tables created successfully
2025-12-17 23:32:23 - Tables created successfully
2025-12-17 23:32:23 - Tables created successfully
2025-12-17 23:32:23 - Tables created successfully
2025-12-17 23:32:26 - Tables created successfully
2025-12-17 23:32:26 - Tables created successfully
2025-12-17 23:32:34 - Tables created successfully
2025-12-17 23:32:34 - Tables created successfully
2025-12-17 23:32:34 - Tables created successfully
2025-12-17 23:32:34 - Tables created successfully
2025-12-17 23:32:34 - Tables created successfully
2025-12-17 23:32:34 - Tables created successfully
2025-12-17 23:32:34 - Tables created successfully
2025-12-17 23:32:34 - Tables created successfully
2025-12-17 23:32:34 - Tables created successfully
2025-12-17 23:32:34 - Tables created successfully
2025-12-17 23:32:34 - Tables created successfully
2025-12-17 23:32:34 - Tables created successfully
2025-12-17 23:32:34 - Tables created successfully
2025-12-17 23:32:34 - Tables created successfully
2025-12-17 23:32:34 - Tables created successfully
2025-12-17 23:32:34 - Tables created successfully
2025-12-17 23:32:34 - Tables created successfully
2025-12-17 23:32:34 - Tables created successfully
2025-12-17 23:32:34 - Tables created successfully
2025-12-17 23:32:34 - Tables created successfully
2025-12-17 23:32:35 - Tables created successfully
2025-12-17 23:32:35 - Tables created successfully
2025-12-17 23:32:35 - Tables created successfully
2025-12-17 23:32:35 - Tables created successfully
2025-12-17 23:32:35 - Tables created successfully
2025-12-17 23:32:35 - Tables created successfully
2025-12-17 23:32:35 - Tables created successfully
2025-12-17 23:32:35 - Tables created successfully
2025-12-17 23:32:35 - Tables created successfully
2025-12-17 23:32:35 - Tables created successfully
2025-12-17 23:32:35 - Tables created successfully
2025-12-17 23:32:36 - Tables created successfully
2025-12-17 23:32:36 - Tables created successfully
2025-12-17 23:32:36 - Tables created successfully
2025-12-17 23:32:36 - Tables created successfully
2025-12-17 23:32:36 - Tables created successfully
2025-12-17 23:32:36 - Tables created successfully
2025-12-17 23:32:36 - Tables created successfully
2025-12-17 23:32:36 - Tables created successfully
2025-12-17 23:32:36 - Tables created successfully
2025-12-17 23:32:41 - Tables created successfully
2025-12-17 23:32:41 - Tables created successfully
2025-12-17 23:32:41 - Tables created successfully
2025-12-17 23:32:41 - Tables created successfully
2025-12-17 23:32:41 - Tables created successfully
2025-12-17 23:32:41 - Tables created successfully
2025-12-17 23:32:41 - Tables created successfully
2025-12-17 23:32:41 - Tables created successfully
2025-12-17 23:32:41 - Tables created successfully
2025-12-17 23:32:41 - Tables created successfully
2025-12-17 23:32:41 - Tables created successfully
2025-12-17 23:32:41 - Tables created successfully
2025-12-17 23:32:41 - Tables created successfully
2025-12-17 23:32:41 - Tables created successfully
2025-12-17 23:32:41 - Tables created successfully
2025-12-17 23:32:41 - Tables created successfully
2025-12-17 23:32:41 - Tables created successfully
2025-12-17 23:32:41 - Tables created successfully
2025-12-17 23:32:41 - Tables created successfully
2025-12-17 23:32:41 - Tables created successfully
2025-12-17 23:32:42 - Tables created successfully
2025-12-17 23:32:42 - Tables created successfully
2025-12-17 23:32:42 - Tables created successfully
2025-12-17 23:32:50 - Tables created successfully
2025-12-17 23:32:50 - Tables created successfully
2025-12-17 23:32:50 - Tables created successfully
2025-12-17 23:32:51 - Tables created successfully
2025-12-17 23:32:51 - Tables created successfully
2025-12-17 23:32:51 - Tables created successfully
2025-12-17 23:32:51 - Tables created successfully
2025-12-17 23:32:51 - Tables created successfully
2025-12-17 23:32:51 - Tables created successfully
2025-12-17 23:32:51 - Tables created successfully
2025-12-17 23:32:51 - Tables created successfully
2025-12-17 23:32:51 - Tables created successfully
2025-12-17 23:32:51 - Tables created successfully
2025-12-17 23:32:51 - Tables created successfully
2025-12-17 23:32:51 - Tables created successfully
2025-12-17 23:32:51 - Tables created successfully
2025-12-17 23:32:51 - Tables created successfully
2025-12-17 23:32:51 - Tables created successfully
2025-12-17 23:32:51 - Tables created successfully
2025-12-17 23:32:51 - Tables created successfully
2025-12-17 23:32:52 - Tables created successfully
2025-12-17 23:32:52 - Tables created successfully
2025-12-17 23:32:52 - Tables created successfully
2025-12-17 23:32:52 - Tables created successfully
2025-12-17 23:32:52 - Tables created successfully
2025-12-17 23:32:52 - Tables created successfully
2025-12-17 23:32:52 - Tables created successfully
2025-12-17 23:32:52 - Tables created successfully
2025-12-17 23:32:52 - Tables created successfully
2025-12-17 23:32:52 - Tables created successfully
2025-12-17 23:32:52 - Tables created successfully
2025-12-17 23:32:52 - Tables created successfully
2025-12-17 23:32:52 - Tables created successfully
2025-12-17 23:32:52 - Tables created successfully
2025-12-17 23:32:52 - Tables created successfully
2025-12-17 23:32:52 - Tables created successfully
2025-12-17 23:32:52 - Tables created successfully
2025-12-17 23:32:52 - Tables created successfully
2025-12-17 23:32:52 - Tables created successfully
2025-12-17 23:32:52 - Tables created successfully
2025-12-17 23:32:53 - Tables created successfully
2025-12-17 23:32:53 - Tables created successfully
2025-12-17 23:32:53 - Tables created successfully
2025-12-17 23:32:53 - Tables created successfully
2025-12-17 23:32:53 - Tables created successfully
2025-12-17 23:32:53 - Tables created successfully
2025-12-17 23:32:53 - Tables created successfully
2025-12-17 23:32:53 - Tables created successfully
2025-12-17 23:32:53 - Tables created successfully
2025-12-17 23:32:53 - Tables created successfully
2025-12-17 23:32:53 - Tables created successfully
2025-12-17 23:32:53 - Tables created successfully
2025-12-17 23:32:53 - Tables created successfully
2025-12-17 23:32:53 - Tables created successfully
2025-12-17 23:32:53 - Tables created successfully
2025-12-17 23:32:53 - Tables created successfully
2025-12-17 23:32:53 - Tables created successfully
2025-12-17 23:32:53 - Tables created successfully
2025-12-17 23:32:53 - Tables created successfully
2025-12-17 23:32:53 - Tables created successfully
2025-12-17 23:32:53 - Tables created successfully
2025-12-17 23:32:53 - Tables created successfully
2025-12-17 23:33:33 - Tables created successfully
2025-12-17 23:33:33 - Tables created successfully
2025-12-17 23:33:33 - Tables created successfully
2025-12-17 23:33:33 - Tables created successfully
2025-12-17 23:33:33 - Tables created successfully
2025-12-17 23:33:33 - Tables created successfully
2025-12-17 23:33:33 - Tables created successfully
2025-12-17 23:33:33 - Tables created successfully
2025-12-17 23:33:33 - Tables created successfully
2025-12-17 23:33:33 - Tables created successfully
2025-12-17 23:33:33 - Tables created successfully
2025-12-17 23:33:33 - Tables created successfully
2025-12-17 23:33:33 - Tables created successfully
2025-12-17 23:33:33 - Tables created successfully
2025-12-17 23:33:33 - Tables created successfully
2025-12-17 23:33:33 - Tables created successfully
2025-12-17 23:33:33 - Tables created successfully
2025-12-17 23:33:33 - Tables created successfully
2025-12-17 23:33:33 - Tables created successfully
2025-12-17 23:33:33 - Tables created successfully
2025-12-17 23:33:34 - Tables created successfully
2025-12-17 23:33:34 - Tables created successfully
2025-12-17 23:33:34 - Tables created successfully
2025-12-17 23:33:34 - Tables created successfully
2025-12-17 23:33:35 - Tables created successfully
2025-12-17 23:33:35 - Tables created successfully
2025-12-17 23:33:35 - Tables created successfully
2025-12-17 23:33:35 - Tables created successfully
2025-12-17 23:33:35 - Tables created successfully
2025-12-17 23:33:35 - Tables created successfully
2025-12-17 23:33:35 - Tables created successfully
2025-12-17 23:33:35 - Tables created successfully
2025-12-17 23:33:35 - Tables created successfully
2025-12-17 23:33:35 - Tables created successfully
2025-12-17 23:33:35 - Tables created successfully
2025-12-17 23:33:35 - Tables created successfully
2025-12-17 23:33:35 - Tables created successfully
2025-12-17 23:33:35 - Tables created successfully
2025-12-17 23:33:35 - Tables created successfully
2025-12-17 23:33:35 - Tables created successfully
2025-12-17 23:33:46 - Tables created successfully
2025-12-17 23:33:46 - Tables created successfully
2025-12-17 23:33:46 - Tables created successfully
2025-12-17 23:33:46 - Tables created successfully
2025-12-17 23:33:46 - Tables created successfully
2025-12-17 23:33:46 - Tables created successfully
2025-12-17 23:33:46 - Tables created successfully
2025-12-17 23:33:46 - Tables created successfully
2025-12-17 23:33:46 - Tables created successfully
2025-12-17 23:33:46 - Tables created successfully
2025-12-17 23:33:46 - Tables created successfully
2025-12-17 23:33:46 - Tables created successfully
2025-12-17 23:33:46 - Tables created successfully
2025-12-17 23:33:46 - Tables created successfully
2025-12-17 23:33:46 - Tables created successfully
2025-12-17 23:33:46 - Tables created successfully
2025-12-17 23:33:46 - Tables created successfully
2025-12-17 23:33:46 - Tables created successfully
2025-12-17 23:33:46 - Tables created successfully
2025-12-17 23:33:46 - Tables created successfully
2025-12-17 23:33:47 - Tables created successfully
2025-12-17 23:33:47 - Tables created successfully
2025-12-17 23:33:47 - Tables created successfully
2025-12-17 23:33:47 - Tables created successfully
2025-12-17 23:33:47 - Tables created successfully
2025-12-17 23:33:47 - Tables created successfully
2025-12-17 23:33:47 - Tables created successfully
2025-12-17 23:33:47 - Tables created successfully
2025-12-17 23:33:47 - Tables created successfully
2025-12-17 23:33:47 - Tables created successfully
2025-12-17 23:33:47 - Tables created successfully
2025-12-17 23:33:47 - Tables created successfully
2025-12-17 23:33:47 - Tables created successfully
2025-12-17 23:33:47 - Tables created successfully
2025-12-17 23:33:47 - Tables created successfully
2025-12-17 23:33:47 - Tables created successfully
2025-12-17 23:33:47 - Tables created successfully
2025-12-17 23:33:47 - Tables created successfully
2025-12-17 23:33:47 - Tables created successfully
2025-12-17 23:33:47 - Tables created successfully
2025-12-17 23:33:49 - Tables created successfully
2025-12-17 23:33:49 - Tables created successfully
2025-12-17 23:33:49 - Tables created successfully
2025-12-17 23:33:49 - Tables created successfully
2025-12-17 23:33:49 - Tables created successfully
2025-12-17 23:33:49 - Tables created successfully
2025-12-17 23:33:49 - Tables created successfully
2025-12-17 23:33:49 - Tables created successfully
2025-12-17 23:33:49 - Tables created successfully
2025-12-17 23:33:49 - Tables created successfully
2025-12-17 23:33:49 - Tables created successfully
2025-12-17 23:33:49 - Tables created successfully
2025-12-17 23:33:49 - Tables created successfully
2025-12-17 23:33:49 - Tables created successfully
2025-12-17 23:33:49 - Tables created successfully
2025-12-17 23:33:49 - Tables created successfully
2025-12-17 23:33:49 - Tables created successfully
2025-12-17 23:33:49 - Tables created successfully
2025-12-17 23:33:49 - Tables created successfully
2025-12-17 23:33:49 - Tables created successfully
2025-12-17 23:33:52 - Tables created successfully
2025-12-17 23:33:52 - Tables created successfully
2025-12-17 23:33:52 - Tables created successfully
2025-12-17 23:33:52 - Tables created successfully
2025-12-17 23:33:52 - Tables created successfully
2025-12-17 23:33:52 - Tables created successfully
2025-12-17 23:33:52 - Tables created successfully
2025-12-17 23:33:52 - Tables created successfully
2025-12-17 23:33:52 - Tables created successfully
2025-12-17 23:33:52 - Tables created successfully
2025-12-17 23:33:52 - Tables created successfully
2025-12-17 23:33:52 - Tables created successfully
2025-12-17 23:33:52 - Tables created successfully
2025-12-17 23:33:52 - Tables created successfully
2025-12-17 23:33:52 - Tables created successfully
2025-12-17 23:33:52 - Tables created successfully
2025-12-17 23:33:52 - Tables created successfully
2025-12-17 23:33:52 - Tables created successfully
2025-12-17 23:33:52 - Tables created successfully
2025-12-17 23:33:52 - Tables created successfully
2025-12-17 23:34:14 - Tables created successfully
2025-12-17 23:34:14 - Tables created successfully
2025-12-17 23:34:14 - Tables created successfully
2025-12-17 23:34:14 - Tables created successfully
2025-12-17 23:34:14 - Tables created successfully
2025-12-17 23:34:14 - Tables created successfully
2025-12-17 23:34:14 - Tables created successfully
2025-12-17 23:34:14 - Tables created successfully
2025-12-17 23:34:14 - Tables created successfully
2025-12-17 23:34:14 - Tables created successfully
2025-12-17 23:34:14 - Tables created successfully
2025-12-17 23:34:14 - Tables created successfully
2025-12-17 23:34:14 - Tables created successfully
2025-12-17 23:34:14 - Tables created successfully
2025-12-17 23:34:14 - Tables created successfully
2025-12-17 23:34:14 - Tables created successfully
2025-12-17 23:34:14 - Tables created successfully
2025-12-17 23:34:14 - Tables created successfully
2025-12-17 23:34:14 - Tables created successfully
2025-12-17 23:34:15 - Tables created successfully
2025-12-17 23:34:15 - Tables created successfully
2025-12-17 23:34:15 - Tables created successfully
2025-12-17 23:34:15 - Tables created successfully
2025-12-17 23:34:15 - Tables created successfully
2025-12-17 23:34:15 - Tables created successfully
2025-12-17 23:34:15 - Tables created successfully
2025-12-17 23:34:15 - Tables created successfully
2025-12-17 23:34:15 - Tables created successfully
2025-12-17 23:34:15 - Tables created successfully
2025-12-17 23:34:15 - Tables created successfully
2025-12-17 23:34:15 - Tables created successfully
2025-12-17 23:34:15 - Tables created successfully
2025-12-17 23:34:15 - Tables created successfully
2025-12-17 23:34:15 - Tables created successfully
2025-12-17 23:34:15 - Tables created successfully
2025-12-17 23:34:15 - Tables created successfully
2025-12-17 23:34:15 - Tables created successfully
2025-12-17 23:34:15 - Tables created successfully
2025-12-17 23:34:15 - Tables created successfully
2025-12-17 23:34:46 - Tables created successfully
2025-12-17 23:34:46 - Tables created successfully
2025-12-17 23:34:56 - Tables created successfully
2025-12-17 23:34:56 - Tables created successfully
2025-12-17 23:34:56 - Tables created successfully
2025-12-17 23:34:56 - Tables created successfully
2025-12-17 23:34:56 - Tables created successfully
2025-12-17 23:34:56 - Tables created successfully
2025-12-17 23:34:56 - Tables created successfully
2025-12-17 23:34:56 - Tables created successfully
2025-12-17 23:34:56 - Tables created successfully
2025-12-17 23:34:56 - Tables created successfully
2025-12-17 23:34:56 - Tables created successfully
2025-12-17 23:34:56 - Tables created successfully
2025-12-17 23:34:56 - Tables created successfully
2025-12-17 23:34:56 - Tables created successfully
2025-12-17 23:34:57 - Tables created successfully
2025-12-17 23:34:57 - Tables created successfully
2025-12-17 23:34:57 - Tables created successfully
2025-12-17 23:34:57 - Tables created successfully
2025-12-17 23:34:57 - Tables created successfully
2025-12-17 23:34:57 - Tables created successfully
2025-12-17 23:34:58 - Tables created successfully
2025-12-17 23:34:58 - Tables created successfully
2025-12-17 23:34:58 - Tables created successfully
2025-12-17 23:34:58 - Tables created successfully
2025-12-17 23:34:58 - Tables created successfully
2025-12-17 23:34:58 - Tables created successfully
2025-12-17 23:34:58 - Tables created successfully
2025-12-17 23:34:58 - Tables created successfully
2025-12-17 23:34:58 - Tables created successfully
2025-12-17 23:34:58 - Tables created successfully
2025-12-17 23:34:58 - Tables created successfully
2025-12-17 23:34:58 - Tables created successfully
2025-12-17 23:34:58 - Tables created successfully
2025-12-17 23:34:58 - Tables created successfully
2025-12-17 23:34:58 - Tables created successfully
2025-12-17 23:34:58 - Tables created successfully
2025-12-17 23:34:58 - Tables created successfully
2025-12-17 23:34:58 - Tables created successfully
2025-12-17 23:34:58 - Tables created successfully
2025-12-17 23:34:58 - Tables created successfully
2025-12-17 23:35:30 - Tables created successfully
2025-12-17 23:35:30 - Tables created successfully
2025-12-17 23:35:30 - Tables created successfully
2025-12-17 23:35:30 - Tables created successfully
2025-12-17 23:35:30 - Tables created successfully
2025-12-17 23:35:30 - Tables created successfully
2025-12-17 23:35:30 - Tables created successfully
2025-12-17 23:35:30 - Tables created successfully
2025-12-17 23:35:30 - Tables created successfully
2025-12-17 23:35:30 - Tables created successfully
2025-12-17 23:35:30 - Tables created successfully
2025-12-17 23:35:30 - Tables created successfully
2025-12-17 23:35:30 - Tables created successfully
2025-12-17 23:35:30 - Tables created successfully
2025-12-17 23:35:30 - Tables created successfully
2025-12-17 23:35:30 - Tables created successfully
2025-12-17 23:35:30 - Tables created successfully
2025-12-17 23:35:31 - Tables created successfully
2025-12-17 23:35:31 - Tables created successfully
2025-12-17 23:35:32 - Tables created successfully
2025-12-17 23:35:32 - Tables created successfully
2025-12-17 23:35:32 - Tables created successfully
2025-12-17 23:35:32 - Tables created successfully
2025-12-17 23:35:32 - Tables created successfully
2025-12-17 23:35:32 - Tables created successfully
2025-12-17 23:35:32 - Tables created successfully
2025-12-17 23:35:32 - Tables created successfully
2025-12-17 23:35:32 - Tables created successfully
2025-12-17 23:35:32 - Tables created successfully
2025-12-17 23:35:32 - Tables created successfully
2025-12-17 23:35:32 - Tables created successfully
2025-12-17 23:35:32 - Tables created successfully
2025-12-17 23:35:32 - Tables created successfully
2025-12-17 23:35:32 - Tables created successfully
2025-12-17 23:35:32 - Tables created successfully
2025-12-17 23:35:32 - Tables created successfully
2025-12-17 23:35:32 - Tables created successfully
2025-12-17 23:35:32 - Tables created successfully
2025-12-17 23:35:32 - Tables created successfully
2025-12-18 09:31:43 - Tables created successfully
2025-12-18 09:31:43 - Tables created successfully
2025-12-18 09:31:56 - Tables created successfully
2025-12-18 09:31:56 - Tables created successfully
2025-12-18 09:31:56 - Tables created successfully
2025-12-18 09:31:56 - Tables created successfully
2025-12-18 09:31:56 - Tables created successfully
2025-12-18 09:31:56 - Tables created successfully
2025-12-18 09:31:56 - Tables created successfully
2025-12-18 09:31:56 - Tables created successfully
2025-12-18 09:31:56 - Tables created successfully
2025-12-18 09:31:56 - Tables created successfully
2025-12-18 09:31:56 - Tables created successfully
2025-12-18 09:31:56 - Tables created successfully
2025-12-18 09:31:56 - Tables created successfully
2025-12-18 09:31:56 - Tables created successfully
2025-12-18 09:31:56 - Tables created successfully
2025-12-18 09:31:56 - Tables created successfully
2025-12-18 09:31:56 - Tables created successfully
2025-12-18 09:31:56 - Tables created successfully
2025-12-18 09:31:56 - Tables created successfully
2025-12-18 09:31:56 - Tables created successfully
2025-12-18 09:32:04 - Tables created successfully
2025-12-18 09:32:04 - Tables created successfully
2025-12-18 09:32:04 - Tables created successfully
2025-12-18 09:32:04 - Tables created successfully
2025-12-18 09:32:04 - Tables created successfully
2025-12-18 09:32:04 - Tables created successfully
2025-12-18 09:32:04 - Tables created successfully
2025-12-18 09:32:04 - Tables created successfully
2025-12-18 09:32:04 - Tables created successfully
2025-12-18 09:32:04 - Tables created successfully
2025-12-18 09:32:04 - Tables created successfully
2025-12-18 09:32:04 - Tables created successfully
2025-12-18 09:32:04 - Tables created successfully
2025-12-18 09:32:04 - Tables created successfully
2025-12-18 09:32:04 - Tables created successfully
2025-12-18 09:32:04 - Tables created successfully
2025-12-18 09:32:04 - Tables created successfully
2025-12-18 09:32:04 - Tables created successfully
2025-12-18 09:32:04 - Tables created successfully
2025-12-18 09:32:04 - Tables created successfully
2025-12-18 09:32:06 - Tables created successfully
2025-12-18 09:32:06 - Tables created successfully
2025-12-18 09:32:06 - Tables created successfully
2025-12-18 09:32:06 - Tables created successfully
2025-12-18 09:32:06 - Tables created successfully
2025-12-18 09:32:06 - Tables created successfully
2025-12-18 09:32:06 - Tables created successfully
2025-12-18 09:32:06 - Tables created successfully
2025-12-18 09:32:06 - Tables created successfully
2025-12-18 09:32:06 - Tables created successfully
2025-12-18 09:32:06 - Tables created successfully
2025-12-18 09:32:06 - Tables created successfully
2025-12-18 09:32:06 - Tables created successfully
2025-12-18 09:32:06 - Tables created successfully
2025-12-18 09:32:06 - Tables created successfully
2025-12-18 09:32:06 - Tables created successfully
2025-12-18 09:32:06 - Tables created successfully
2025-12-18 09:32:06 - Tables created successfully
2025-12-18 09:32:06 - Tables created successfully
2025-12-18 09:32:06 - Tables created successfully
2025-12-18 09:32:07 - Tables created successfully
2025-12-18 09:32:07 - Tables created successfully
2025-12-18 09:32:07 - Tables created successfully
2025-12-18 09:32:07 - Tables created successfully
2025-12-18 09:32:07 - Tables created successfully
2025-12-18 09:32:07 - Tables created successfully
2025-12-18 09:32:07 - Tables created successfully
2025-12-18 09:32:07 - Tables created successfully
2025-12-18 09:32:07 - Tables created successfully
2025-12-18 09:32:07 - Tables created successfully
2025-12-18 09:32:07 - Tables created successfully
2025-12-18 09:32:07 - Tables created successfully
2025-12-18 09:32:07 - Tables created successfully
2025-12-18 09:32:07 - Tables created successfully
2025-12-18 09:32:07 - Tables created successfully
2025-12-18 09:32:07 - Tables created successfully
2025-12-18 09:32:07 - Tables created successfully
2025-12-18 09:32:07 - Tables created successfully
2025-12-18 09:32:07 - Tables created successfully
2025-12-18 09:32:07 - Tables created successfully
2025-12-18 09:32:08 - Tables created successfully
2025-12-18 09:32:08 - Tables created successfully
2025-12-18 09:32:08 - Tables created successfully
2025-12-18 09:32:08 - Tables created successfully
2025-12-18 09:32:08 - Tables created successfully
2025-12-18 09:32:08 - Tables created successfully
2025-12-18 09:32:08 - Tables created successfully
2025-12-18 09:32:08 - Tables created successfully
2025-12-18 09:32:08 - Tables created successfully
2025-12-18 09:32:08 - Tables created successfully
2025-12-18 09:32:08 - Tables created successfully
2025-12-18 09:32:08 - Tables created successfully
2025-12-18 09:32:08 - Tables created successfully
2025-12-18 09:32:08 - Tables created successfully
2025-12-18 09:32:08 - Tables created successfully
2025-12-18 09:32:08 - Tables created successfully
2025-12-18 09:32:08 - Tables created successfully
2025-12-18 09:32:08 - Tables created successfully
2025-12-18 09:32:08 - Tables created successfully
2025-12-18 09:32:08 - Tables created successfully
2025-12-18 09:32:08 - Tables created successfully
2025-12-18 09:32:08 - Tables created successfully
2025-12-18 09:32:08 - Tables created successfully
2025-12-18 09:32:08 - Tables created successfully
2025-12-18 09:32:08 - Tables created successfully
2025-12-18 09:32:08 - Tables created successfully
2025-12-18 09:32:08 - Tables created successfully
2025-12-18 09:32:08 - Tables created successfully
2025-12-18 09:32:08 - Tables created successfully
2025-12-18 09:33:32 - Tables created successfully
2025-12-18 09:33:32 - Tables created successfully
2025-12-18 09:33:42 - Tables created successfully
2025-12-18 09:33:42 - Tables created successfully
2025-12-18 09:33:42 - Tables created successfully
2025-12-18 09:33:42 - Tables created successfully
2025-12-18 09:33:42 - Tables created successfully
2025-12-18 09:33:42 - Tables created successfully
2025-12-18 09:33:42 - Tables created successfully
2025-12-18 09:33:42 - Tables created successfully
2025-12-18 09:33:42 - Tables created successfully
2025-12-18 09:33:42 - Tables created successfully
2025-12-18 09:33:42 - Tables created successfully
2025-12-18 09:33:42 - Tables created successfully
2025-12-18 09:33:42 - Tables created successfully
2025-12-18 09:33:42 - Tables created successfully
2025-12-18 09:33:42 - Tables created successfully
2025-12-18 09:33:42 - Tables created successfully
2025-12-18 09:33:42 - Tables created successfully
2025-12-18 09:33:42 - Tables created successfully
2025-12-18 09:33:42 - Tables created successfully
2025-12-18 09:33:42 - Tables created successfully
2025-12-18 09:33:42 - Tables created successfully
2025-12-18 09:33:44 - Tables created successfully
2025-12-18 09:33:44 - Tables created successfully
2025-12-18 09:33:44 - Tables created successfully
2025-12-18 09:33:44 - Tables created successfully
2025-12-18 09:33:44 - Tables created successfully
2025-12-18 09:33:44 - Tables created successfully
2025-12-18 09:33:44 - Tables created successfully
2025-12-18 09:33:44 - Tables created successfully
2025-12-18 09:33:44 - Tables created successfully
2025-12-18 09:33:44 - Tables created successfully
2025-12-18 09:33:44 - Tables created successfully
2025-12-18 09:33:44 - Tables created successfully
2025-12-18 09:33:44 - Tables created successfully
2025-12-18 09:33:44 - Tables created successfully
2025-12-18 09:33:44 - Tables created successfully
2025-12-18 09:33:44 - Tables created successfully
2025-12-18 09:33:44 - Tables created successfully
2025-12-18 09:33:44 - Tables created successfully
2025-12-18 09:33:44 - Tables created successfully
2025-12-18 09:33:44 - Tables created successfully
2025-12-18 09:34:13 - Tables created successfully
2025-12-18 09:34:13 - Tables created successfully
2025-12-18 09:34:13 - Tables created successfully
2025-12-18 09:34:13 - Tables created successfully
2025-12-18 09:34:13 - Tables created successfully
2025-12-18 09:34:13 - Tables created successfully
2025-12-18 09:34:13 - Tables created successfully
2025-12-18 09:34:13 - Tables created successfully
2025-12-18 09:34:13 - Tables created successfully
2025-12-18 09:34:13 - Tables created successfully
2025-12-18 09:34:13 - Tables created successfully
2025-12-18 09:34:13 - Tables created successfully
2025-12-18 09:34:13 - Tables created successfully
2025-12-18 09:34:13 - Tables created successfully
2025-12-18 09:34:13 - Tables created successfully
2025-12-18 09:34:13 - Tables created successfully
2025-12-18 09:34:13 - Tables created successfully
2025-12-18 09:34:13 - Tables created successfully
2025-12-18 09:34:13 - Tables created successfully
2025-12-18 09:34:14 - Tables created successfully
2025-12-18 09:34:14 - Tables created successfully
2025-12-18 09:34:14 - Tables created successfully
2025-12-18 09:34:14 - Tables created successfully
2025-12-18 09:34:14 - Tables created successfully
2025-12-18 09:34:14 - Tables created successfully
2025-12-18 09:34:14 - Tables created successfully
2025-12-18 09:34:14 - Tables created successfully
2025-12-18 09:34:14 - Tables created successfully
2025-12-18 09:34:14 - Tables created successfully
2025-12-18 09:34:14 - Tables created successfully
2025-12-18 09:34:14 - Tables created successfully
2025-12-18 09:34:14 - Tables created successfully
2025-12-18 09:34:14 - Tables created successfully
2025-12-18 09:34:14 - Tables created successfully
2025-12-18 09:34:14 - Tables created successfully
2025-12-18 09:34:14 - Tables created successfully
2025-12-18 09:34:14 - Tables created successfully
2025-12-18 09:34:14 - Tables created successfully
2025-12-18 09:34:15 - Tables created successfully
2025-12-18 10:07:53 - Tables created successfully
2025-12-18 10:07:53 - Tables created successfully
2025-12-18 10:07:53 - Tables created successfully
2025-12-18 10:07:53 - Tables created successfully
2025-12-18 10:07:53 - Tables created successfully
2025-12-18 10:07:53 - Tables created successfully
2025-12-18 10:07:53 - Tables created successfully
2025-12-18 10:07:53 - Tables created successfully
2025-12-18 10:07:53 - Tables created successfully
2025-12-18 10:07:53 - Tables created successfully
2025-12-18 10:07:53 - Tables created successfully
2025-12-18 10:07:53 - Tables created successfully
2025-12-18 10:07:53 - Tables created successfully
2025-12-18 10:07:54 - Tables created successfully
2025-12-18 10:07:54 - Tables created successfully
2025-12-18 10:07:54 - Tables created successfully
2025-12-18 10:07:54 - Tables created successfully
2025-12-18 10:07:54 - Tables created successfully
2025-12-18 10:07:54 - Tables created successfully
2025-12-18 10:07:55 - Tables created successfully
2025-12-18 10:07:55 - Tables created successfully
2025-12-18 10:07:55 - Tables created successfully
2025-12-18 10:07:55 - Tables created successfully
2025-12-18 10:07:55 - Tables created successfully
2025-12-18 10:07:55 - Tables created successfully
2025-12-18 10:07:55 - Tables created successfully
2025-12-18 10:07:55 - Tables created successfully
2025-12-18 10:07:55 - Tables created successfully
2025-12-18 10:07:55 - Tables created successfully
2025-12-18 10:07:55 - Tables created successfully
2025-12-18 10:07:55 - Tables created successfully
2025-12-18 10:07:55 - Tables created successfully
2025-12-18 10:07:55 - Tables created successfully
2025-12-18 10:07:55 - Tables created successfully
2025-12-18 10:07:55 - Tables created successfully
2025-12-18 10:07:55 - Tables created successfully
2025-12-18 10:07:55 - Tables created successfully
2025-12-18 10:07:55 - Tables created successfully
2025-12-18 10:07:55 - Tables created successfully
2025-12-18 10:08:00 - Tables created successfully
2025-12-18 10:08:00 - Tables created successfully
2025-12-18 10:08:00 - Tables created successfully
2025-12-18 10:08:00 - Tables created successfully
2025-12-18 10:08:00 - Tables created successfully
2025-12-18 10:08:00 - Tables created successfully
2025-12-18 10:08:00 - Tables created successfully
2025-12-18 10:08:00 - Tables created successfully
2025-12-18 10:08:00 - Tables created successfully
2025-12-18 10:08:00 - Tables created successfully
2025-12-18 10:08:01 - Tables created successfully
2025-12-18 10:08:01 - Tables created successfully
2025-12-18 10:08:01 - Tables created successfully
2025-12-18 10:08:01 - Tables created successfully
2025-12-18 10:08:01 - Tables created successfully
2025-12-18 10:08:01 - Tables created successfully
2025-12-18 10:08:01 - Tables created successfully
2025-12-18 10:08:01 - Tables created successfully
2025-12-18 10:08:01 - Tables created successfully
2025-12-18 10:08:01 - Tables created successfully
2025-12-18 10:08:09 - Tables created successfully
2025-12-18 10:08:09 - Tables created successfully
2025-12-18 10:08:09 - Tables created successfully
2025-12-18 10:08:09 - Tables created successfully
2025-12-18 10:08:09 - Tables created successfully
2025-12-18 10:08:09 - Tables created successfully
2025-12-18 10:08:09 - Tables created successfully
2025-12-18 10:08:09 - Tables created successfully
2025-12-18 10:08:09 - Tables created successfully
2025-12-18 10:08:09 - Tables created successfully
2025-12-18 10:08:09 - Tables created successfully
2025-12-18 10:08:09 - Tables created successfully
2025-12-18 10:08:09 - Tables created successfully
2025-12-18 10:08:09 - Tables created successfully
2025-12-18 10:08:09 - Tables created successfully
2025-12-18 10:08:09 - Tables created successfully
2025-12-18 10:08:09 - Tables created successfully
2025-12-18 10:08:09 - Tables created successfully
2025-12-18 10:08:09 - Tables created successfully
2025-12-18 10:08:09 - Tables created successfully
2025-12-18 10:08:09 - Tables created successfully
2025-12-18 10:08:09 - Tables created successfully
2025-12-18 10:08:10 - Tables created successfully
2025-12-18 10:08:10 - Tables created successfully
2025-12-18 10:08:10 - Tables created successfully
2025-12-18 10:08:10 - Tables created successfully
2025-12-18 10:08:10 - Tables created successfully
2025-12-18 10:08:10 - Tables created successfully
2025-12-18 10:08:10 - Tables created successfully
2025-12-18 10:08:10 - Tables created successfully
2025-12-18 10:08:10 - Tables created successfully
2025-12-18 10:08:10 - Tables created successfully
2025-12-18 10:08:10 - Tables created successfully
2025-12-18 10:08:10 - Tables created successfully
2025-12-18 10:08:10 - Tables created successfully
2025-12-18 10:08:10 - Tables created successfully
2025-12-18 10:08:10 - Tables created successfully
2025-12-18 10:08:10 - Tables created successfully
2025-12-18 10:08:10 - Tables created successfully
2025-12-18 10:08:10 - Tables created successfully
2025-12-18 10:08:10 - Tables created successfully
2025-12-18 10:08:10 - Tables created successfully
2025-12-18 10:08:10 - Tables created successfully
2025-12-18 10:08:10 - Tables created successfully
2025-12-18 10:08:10 - Tables created successfully
2025-12-18 10:08:10 - Tables created successfully
2025-12-18 10:08:10 - Tables created successfully
2025-12-18 10:08:10 - Tables created successfully
2025-12-18 10:08:10 - Tables created successfully
2025-12-18 10:08:10 - Tables created successfully
2025-12-18 10:08:10 - Tables created successfully
2025-12-18 10:08:10 - Tables created successfully
2025-12-18 10:08:10 - Tables created successfully
2025-12-18 10:08:11 - Tables created successfully
2025-12-18 10:08:11 - Tables created successfully
2025-12-18 10:08:11 - Tables created successfully
2025-12-18 10:08:11 - Tables created successfully
2025-12-18 10:08:11 - Tables created successfully
2025-12-18 10:08:11 - Tables created successfully
2025-12-18 10:08:11 - Tables created successfully
2025-12-18 10:08:11 - Tables created successfully
2025-12-18 10:08:11 - Tables created successfully
2025-12-18 10:08:11 - Tables created successfully
2025-12-18 10:08:11 - Tables created successfully
2025-12-18 10:08:11 - Tables created successfully
2025-12-18 10:08:11 - Tables created successfully
2025-12-18 10:08:11 - Tables created successfully
2025-12-18 10:08:11 - Tables created successfully
2025-12-18 10:08:11 - Tables created successfully
2025-12-18 10:08:11 - Tables created successfully
2025-12-18 10:08:11 - Tables created successfully
2025-12-18 10:08:11 - Tables created successfully
2025-12-18 10:08:11 - Tables created successfully
2025-12-18 10:08:11 - Tables created successfully
2025-12-18 10:08:11 - Tables created successfully
2025-12-18 10:08:11 - Tables created successfully
2025-12-18 10:08:12 - Tables created successfully
2025-12-18 10:08:12 - Tables created successfully
2025-12-18 10:08:12 - Tables created successfully
2025-12-18 10:08:12 - Tables created successfully
2025-12-18 10:08:12 - Tables created successfully
2025-12-18 10:08:12 - Tables created successfully
2025-12-18 10:08:12 - Tables created successfully
2025-12-18 10:08:12 - Tables created successfully
2025-12-18 10:08:12 - Tables created successfully
2025-12-18 10:08:12 - Tables created successfully
2025-12-18 10:08:12 - Tables created successfully
2025-12-18 10:08:12 - Tables created successfully
2025-12-18 10:08:12 - Tables created successfully
2025-12-18 10:08:12 - Tables created successfully
2025-12-18 10:08:12 - Tables created successfully
2025-12-18 10:08:12 - Tables created successfully
2025-12-18 10:08:12 - Tables created successfully
2025-12-18 10:08:12 - Tables created successfully
2025-12-18 10:08:12 - Tables created successfully
2025-12-18 10:08:12 - Tables created successfully
2025-12-18 10:08:12 - Tables created successfully
2025-12-18 10:08:12 - Tables created successfully
2025-12-18 10:08:12 - Tables created successfully
2025-12-18 10:08:12 - Tables created successfully
2025-12-18 10:08:25 - Tables created successfully
2025-12-18 10:08:25 - Tables created successfully
2025-12-18 10:08:25 - Tables created successfully
2025-12-18 10:08:25 - Tables created successfully
2025-12-18 10:08:25 - Tables created successfully
2025-12-18 10:08:25 - Tables created successfully
2025-12-18 10:08:25 - Tables created successfully
2025-12-18 10:08:25 - Tables created successfully
2025-12-18 10:08:25 - Tables created successfully
2025-12-18 10:08:25 - Tables created successfully
2025-12-18 10:08:25 - Tables created successfully
2025-12-18 10:08:25 - Tables created successfully
2025-12-18 10:08:25 - Tables created successfully
2025-12-18 10:08:25 - Tables created successfully
2025-12-18 10:08:25 - Tables created successfully
2025-12-18 10:08:25 - Tables created successfully
2025-12-18 10:08:25 - Tables created successfully
2025-12-18 10:08:25 - Tables created successfully
2025-12-18 10:08:25 - Tables created successfully
2025-12-18 10:08:26 - Tables created successfully
2025-12-18 10:08:26 - Tables created successfully
2025-12-18 10:08:26 - Tables created successfully
2025-12-18 10:08:26 - Tables created successfully
2025-12-18 10:08:26 - Tables created successfully
2025-12-18 10:08:26 - Tables created successfully
2025-12-18 10:08:26 - Tables created successfully
2025-12-18 10:08:26 - Tables created successfully
2025-12-18 10:08:26 - Tables created successfully
2025-12-18 10:08:26 - Tables created successfully
2025-12-18 10:08:26 - Tables created successfully
2025-12-18 10:08:26 - Tables created successfully
2025-12-18 10:08:26 - Tables created successfully
2025-12-18 10:08:26 - Tables created successfully
2025-12-18 10:08:26 - Tables created successfully
2025-12-18 10:08:27 - Tables created successfully
2025-12-18 10:08:27 - Tables created successfully
2025-12-18 10:08:27 - Tables created successfully
2025-12-18 10:08:27 - Tables created successfully
2025-12-18 10:08:27 - Tables created successfully
2025-12-18 10:08:30 - Tables created successfully
2025-12-18 10:08:30 - Tables created successfully
2025-12-18 10:08:30 - Tables created successfully
2025-12-18 10:08:30 - Tables created successfully
2025-12-18 10:08:30 - Tables created successfully
2025-12-18 10:08:30 - Tables created successfully
2025-12-18 10:08:30 - Tables created successfully
2025-12-18 10:08:30 - Tables created successfully
2025-12-18 10:08:30 - Tables created successfully
2025-12-18 10:08:30 - Tables created successfully
2025-12-18 10:08:30 - Tables created successfully
2025-12-18 10:08:30 - Tables created successfully
2025-12-18 10:08:30 - Tables created successfully
2025-12-18 10:08:30 - Tables created successfully
2025-12-18 10:08:30 - Tables created successfully
2025-12-18 10:08:30 - Tables created successfully
2025-12-18 10:08:30 - Tables created successfully
2025-12-18 10:08:30 - Tables created successfully
2025-12-18 10:08:30 - Tables created successfully
2025-12-18 10:08:31 - Tables created successfully
2025-12-18 10:08:31 - Tables created successfully
2025-12-18 10:08:31 - Tables created successfully
2025-12-18 10:08:31 - Tables created successfully
2025-12-18 10:08:31 - Tables created successfully
2025-12-18 10:08:31 - Tables created successfully
2025-12-18 10:08:31 - Tables created successfully
2025-12-18 10:08:31 - Tables created successfully
2025-12-18 10:08:31 - Tables created successfully
2025-12-18 10:08:31 - Tables created successfully
2025-12-18 10:08:31 - Tables created successfully
2025-12-18 10:08:31 - Tables created successfully
2025-12-18 10:08:31 - Tables created successfully
2025-12-18 10:08:31 - Tables created successfully
2025-12-18 10:08:31 - Tables created successfully
2025-12-18 10:08:31 - Tables created successfully
2025-12-18 10:08:32 - Tables created successfully
2025-12-18 10:08:32 - Tables created successfully
2025-12-18 10:08:32 - Tables created successfully
2025-12-18 10:08:32 - Tables created successfully
2025-12-18 10:08:37 - Tables created successfully
2025-12-18 10:08:37 - Tables created successfully
2025-12-18 10:08:37 - Tables created successfully
2025-12-18 10:08:37 - Tables created successfully
2025-12-18 10:08:37 - Tables created successfully
2025-12-18 10:08:37 - Tables created successfully
2025-12-18 10:08:37 - Tables created successfully
2025-12-18 10:08:37 - Tables created successfully
2025-12-18 10:08:37 - Tables created successfully
2025-12-18 10:08:37 - Tables created successfully
2025-12-18 10:08:37 - Tables created successfully
2025-12-18 10:08:37 - Tables created successfully
2025-12-18 10:08:37 - Tables created successfully
2025-12-18 10:08:37 - Tables created successfully
2025-12-18 10:08:37 - Tables created successfully
2025-12-18 10:08:37 - Tables created successfully
2025-12-18 10:08:37 - Tables created successfully
2025-12-18 10:08:37 - Tables created successfully
2025-12-18 10:08:37 - Tables created successfully
2025-12-18 10:08:37 - Tables created successfully
2025-12-18 10:12:46 - Tables created successfully
2025-12-18 10:12:46 - Tables created successfully
2025-12-18 10:12:55 - Tables created successfully
2025-12-18 10:12:55 - Tables created successfully
2025-12-18 10:13:07 - Tables created successfully
2025-12-18 10:13:20 - Tables created successfully
2025-12-18 10:13:21 - Tables created successfully
2025-12-18 10:13:22 - Tables created successfully
2025-12-18 10:14:22 - Tables created successfully
2025-12-18 10:14:39 - Tables created successfully
2025-12-18 10:26:53 - Tables created successfully
2025-12-18 10:26:54 - Tables created successfully
2025-12-18 10:26:55 - Tables created successfully
2025-12-18 10:26:55 - Tables created successfully
2025-12-18 10:26:55 - Tables created successfully
2025-12-18 10:26:56 - Tables created successfully
2025-12-18 10:26:57 - Tables created successfully
2025-12-18 10:26:57 - Tables created successfully
2025-12-18 10:26:57 - Tables created successfully
2025-12-18 10:26:58 - Tables created successfully
2025-12-18 10:26:58 - Tables created successfully
2025-12-18 10:28:03 - Tables created successfully
2025-12-18 10:28:03 - Tables created successfully
2025-12-18 10:28:04 - Tables created successfully
2025-12-18 10:28:04 - Tables created successfully
2025-12-18 10:29:01 - Tables created successfully
2025-12-18 10:29:02 - Tables created successfully
2025-12-18 10:29:02 - Tables created successfully
2025-12-18 10:29:02 - Tables created successfully
2025-12-18 10:29:02 - Tables created successfully
2025-12-18 10:29:02 - Tables created successfully
2025-12-18 10:29:02 - Tables created successfully
2025-12-18 10:29:03 - Tables created successfully
2025-12-18 10:29:04 - Tables created successfully
2025-12-18 10:29:04 - Tables created successfully
2025-12-18 10:29:05 - Tables created successfully
2025-12-18 10:29:05 - Tables created successfully
2025-12-18 10:32:20 - Tables created successfully
2025-12-18 10:38:00 - Tables created successfully
2025-12-18 10:38:08 - Tables created successfully
2025-12-18 10:38:14 - Tables created successfully
2025-12-18 10:38:22 - Tables created successfully
2025-12-18 10:38:28 - Tables created successfully
2025-12-18 10:38:29 - Tables created successfully
2025-12-18 10:38:30 - Tables created successfully
2025-12-18 10:38:39 - Tables created successfully
2025-12-18 10:38:39 - Tables created successfully
2025-12-18 10:38:43 - Tables created successfully
2025-12-18 10:38:45 - Tables created successfully
2025-12-18 10:38:45 - Tables created successfully
2025-12-18 10:46:12 - Tables created successfully
2025-12-18 10:47:32 - Tables created successfully
2025-12-18 10:47:33 - Tables created successfully
2025-12-18 10:47:40 - Tables created successfully
2025-12-18 10:47:42 - Tables created successfully
2025-12-18 10:47:42 - Tables created successfully
2025-12-18 10:55:07 - Tables created successfully
2025-12-18 10:55:23 - Tables created successfully
2025-12-18 10:55:24 - Tables created successfully
2025-12-18 10:55:24 - Tables created successfully
2025-12-18 10:55:25 - Tables created successfully
2025-12-18 10:55:26 - Tables created successfully
2025-12-18 10:55:27 - Tables created successfully
2025-12-18 10:55:29 - Tables created successfully
2025-12-18 10:55:30 - Tables created successfully
2025-12-18 10:55:30 - Tables created successfully
2025-12-18 10:55:30 - Tables created successfully
2025-12-18 10:55:31 - Tables created successfully
2025-12-18 10:55:31 - Tables created successfully
2025-12-18 10:55:31 - Tables created successfully
2025-12-18 10:55:31 - Tables created successfully
2025-12-18 10:55:32 - Tables created successfully
2025-12-18 10:55:32 - Tables created successfully
2025-12-18 10:55:32 - Tables created successfully
2025-12-18 10:55:33 - Tables created successfully
2025-12-18 10:55:33 - Tables created successfully
2025-12-18 10:55:33 - Tables created successfully
2025-12-18 10:55:34 - Tables created successfully
2025-12-18 10:55:34 - Tables created successfully
2025-12-18 10:55:34 - Tables created successfully
2025-12-18 10:55:34 - Tables created successfully
2025-12-18 10:56:06 - Tables created successfully
2025-12-18 10:56:07 - Tables created successfully
2025-12-18 10:56:07 - Tables created successfully
2025-12-18 10:56:07 - Tables created successfully
2025-12-18 10:56:07 - Tables created successfully
2025-12-18 10:56:08 - Tables created successfully
2025-12-18 10:56:08 - Tables created successfully
2025-12-18 10:57:07 - Tables created successfully
2025-12-18 10:57:10 - Tables created successfully
2025-12-18 10:57:17 - Tables created successfully
2025-12-18 10:57:21 - Tables created successfully
2025-12-18 10:57:25 - Tables created successfully
2025-12-18 10:57:45 - Tables created successfully
2025-12-18 10:57:45 - Tables created successfully
2025-12-18 10:57:46 - Tables created successfully
2025-12-18 10:57:46 - Tables created successfully
2025-12-18 10:57:46 - Tables created successfully
2025-12-18 10:57:46 - Tables created successfully
2025-12-18 10:57:46 - Tables created successfully
2025-12-18 10:57:47 - Tables created successfully
2025-12-18 10:57:47 - Tables created successfully
2025-12-18 10:57:47 - Tables created successfully
2025-12-18 10:57:48 - Tables created successfully
2025-12-18 10:57:48 - Tables created successfully
2025-12-18 10:57:48 - Tables created successfully
2025-12-18 10:57:48 - Tables created successfully
2025-12-18 10:57:48 - Tables created successfully
2025-12-18 10:57:49 - Tables created successfully
2025-12-18 10:57:49 - Tables created successfully
2025-12-18 10:57:49 - Tables created successfully
2025-12-18 10:57:49 - Tables created successfully
2025-12-18 10:57:49 - Tables created successfully
2025-12-18 10:58:25 - Tables created successfully
2025-12-18 10:58:27 - Tables created successfully
2025-12-18 10:58:28 - Tables created successfully
2025-12-18 10:58:29 - Tables created successfully
2025-12-18 10:58:29 - Tables created successfully
2025-12-18 10:58:31 - Tables created successfully
2025-12-18 10:58:53 - Tables created successfully
2025-12-18 10:58:54 - Tables created successfully
2025-12-18 10:58:54 - Tables created successfully
2025-12-18 10:59:06 - Tables created successfully
2025-12-18 10:59:07 - Tables created successfully
2025-12-18 10:59:08 - Tables created successfully
2025-12-18 10:59:08 - Tables created successfully
2025-12-18 10:59:09 - Tables created successfully
2025-12-18 10:59:09 - Tables created successfully
2025-12-18 10:59:09 - Tables created successfully
2025-12-18 10:59:09 - Tables created successfully
2025-12-18 10:59:10 - Tables created successfully
2025-12-18 10:59:10 - Tables created successfully
2025-12-18 10:59:11 - Tables created successfully
2025-12-18 10:59:11 - Tables created successfully
2025-12-18 10:59:11 - Tables created successfully
2025-12-18 10:59:11 - Tables created successfully
2025-12-18 10:59:16 - Tables created successfully
2025-12-18 10:59:25 - Tables created successfully
2025-12-18 10:59:26 - Tables created successfully
2025-12-18 10:59:27 - Tables created successfully
2025-12-18 10:59:29 - Tables created successfully
2025-12-18 10:59:30 - Tables created successfully
2025-12-18 10:59:53 - Tables created successfully
2025-12-18 10:59:53 - Tables created successfully
2025-12-18 11:00:39 - Tables created successfully
2025-12-18 11:00:50 - Tables created successfully
2025-12-18 11:00:56 - Tables created successfully
2025-12-18 11:00:56 - Tables created successfully
2025-12-18 11:01:00 - Tables created successfully
2025-12-18 11:01:02 - Tables created successfully
2025-12-18 11:10:17 - Tables created successfully
2025-12-18 11:10:18 - Tables created successfully
2025-12-18 11:10:18 - Tables created successfully
2025-12-18 11:10:36 - Tables created successfully
2025-12-18 11:10:47 - Tables created successfully
2025-12-18 11:11:59 - Tables created successfully
2025-12-18 11:12:04 - Tables created successfully
2025-12-18 11:12:07 - Tables created successfully
2025-12-18 11:12:11 - Tables created successfully
2025-12-18 11:12:16 - Tables created successfully
2025-12-18 11:12:18 - Tables created successfully
2025-12-18 11:12:21 - Tables created successfully
2025-12-18 11:12:22 - Tables created successfully
2025-12-18 11:12:23 - Tables created successfully
2025-12-18 11:12:59 - Tables created successfully
2025-12-18 11:13:02 - Tables created successfully
2025-12-18 11:13:04 - Tables created successfully
2025-12-18 11:13:06 - Tables created successfully
2025-12-18 11:13:11 - Tables created successfully
2025-12-18 11:13:15 - Tables created successfully
2025-12-18 11:13:57 - Tables created successfully
2025-12-18 11:14:06 - Tables created successfully
2025-12-18 11:14:07 - Tables created successfully
2025-12-18 11:14:10 - Tables created successfully
2025-12-18 11:14:15 - Tables created successfully
2025-12-18 11:14:20 - Tables created successfully
2025-12-18 11:14:25 - Tables created successfully
2025-12-18 11:14:29 - Tables created successfully
2025-12-18 11:14:32 - Tables created successfully
2025-12-18 11:14:36 - Tables created successfully
2025-12-18 11:14:53 - Tables created successfully
2025-12-18 11:15:01 - Tables created successfully
2025-12-18 11:15:12 - Tables created successfully
2025-12-18 11:15:14 - Tables created successfully
2025-12-18 11:15:14 - Tables created successfully
2025-12-18 11:15:14 - Tables created successfully
2025-12-18 11:15:14 - Tables created successfully
2025-12-18 11:15:15 - Tables created successfully
2025-12-18 11:15:15 - Tables created successfully
2025-12-18 11:15:36 - Tables created successfully
2025-12-18 11:15:43 - Tables created successfully
2025-12-18 11:15:43 - Tables created successfully
2025-12-18 11:15:43 - Tables created successfully
2025-12-18 11:15:43 - Tables created successfully
2025-12-18 11:15:43 - Tables created successfully
2025-12-18 11:15:43 - Tables created successfully
2025-12-18 11:15:43 - Tables created successfully
2025-12-18 11:15:44 - Tables created successfully
2025-12-18 11:15:44 - Tables created successfully
2025-12-18 11:15:44 - Tables created successfully
2025-12-18 11:15:44 - Tables created successfully
2025-12-18 11:15:44 - Tables created successfully
2025-12-18 11:15:48 - Tables created successfully
2025-12-18 11:15:49 - Tables created successfully
2025-12-18 11:15:53 - Tables created successfully
2025-12-18 11:15:54 - Tables created successfully
2025-12-18 11:15:55 - Tables created successfully
2025-12-18 11:15:55 - Tables created successfully
2025-12-18 11:16:27 - Tables created successfully
2025-12-18 11:16:28 - Tables created successfully
2025-12-18 11:16:35 - Tables created successfully
2025-12-18 11:17:18 - Tables created successfully
2025-12-18 11:17:18 - Tables created successfully
2025-12-18 11:17:33 - Tables created successfully
2025-12-18 11:18:20 - Tables created successfully
2025-12-18 11:18:42 - Tables created successfully
2025-12-18 11:18:45 - Tables created successfully
2025-12-18 11:20:11 - Tables created successfully
2025-12-18 11:25:46 - Tables created successfully
2025-12-18 11:25:59 - Tables created successfully
2025-12-18 11:26:01 - Tables created successfully
2025-12-18 11:26:03 - Tables created successfully
2025-12-18 11:26:05 - Tables created successfully
2025-12-18 11:26:07 - Tables created successfully
2025-12-18 11:26:08 - Tables created successfully
2025-12-18 11:26:25 - Tables created successfully
2025-12-18 11:33:42 - Tables created successfully
2025-12-18 11:33:44 - Tables created successfully
2025-12-18 11:33:46 - Tables created successfully
2025-12-18 11:33:53 - Tables created successfully
2025-12-18 11:33:57 - Tables created successfully
2025-12-18 11:34:38 - Tables created successfully
2025-12-18 11:34:50 - Tables created successfully
2025-12-18 11:34:51 - Tables created successfully
2025-12-18 11:35:04 - Tables created successfully
2025-12-18 11:36:24 - Tables created successfully
2025-12-18 11:36:24 - Tables created successfully
2025-12-18 11:36:24 - Tables created successfully
2025-12-18 11:36:24 - Tables created successfully
2025-12-18 11:36:26 - Tables created successfully
2025-12-18 11:36:27 - Tables created successfully
2025-12-18 11:36:27 - Tables created successfully
2025-12-18 11:36:27 - Tables created successfully
2025-12-18 11:36:27 - Tables created successfully
2025-12-18 11:36:27 - Tables created successfully
2025-12-18 11:36:27 - Tables created successfully
2025-12-18 11:36:28 - Tables created successfully
2025-12-18 11:36:28 - Tables created successfully
2025-12-18 11:36:28 - Tables created successfully
2025-12-18 11:36:41 - Tables created successfully
2025-12-18 11:36:43 - Tables created successfully
2025-12-18 11:36:46 - Tables created successfully
2025-12-18 11:36:48 - Tables created successfully
2025-12-18 11:36:49 - Tables created successfully
2025-12-18 11:36:51 - Tables created successfully
2025-12-18 11:37:34 - Tables created successfully
2025-12-18 11:37:49 - Tables created successfully
2025-12-18 11:37:54 - Tables created successfully
2025-12-18 11:37:56 - Tables created successfully
2025-12-18 11:38:02 - Tables created successfully
2025-12-18 11:38:04 - Tables created successfully
2025-12-18 11:38:06 - Tables created successfully
2025-12-18 11:38:36 - Tables created successfully
2025-12-18 11:38:44 - Tables created successfully
2025-12-18 11:39:10 - Tables created successfully
2025-12-18 11:39:17 - Tables created successfully
2025-12-18 11:39:20 - Tables created successfully
2025-12-18 11:39:21 - Tables created successfully
2025-12-18 11:39:22 - Tables created successfully
2025-12-18 11:39:22 - Tables created successfully
2025-12-18 11:39:22 - Tables created successfully
2025-12-18 11:39:24 - Tables created successfully
2025-12-18 11:39:24 - Tables created successfully
2025-12-18 11:39:24 - Tables created successfully
2025-12-18 11:39:32 - Tables created successfully
2025-12-18 11:39:40 - Tables created successfully
2025-12-18 11:39:40 - Tables created successfully
2025-12-18 11:39:48 - Tables created successfully
2025-12-18 11:39:52 - Tables created successfully
2025-12-18 11:39:53 - Tables created successfully
2025-12-18 11:39:53 - Tables created successfully
2025-12-18 11:39:53 - Tables created successfully
2025-12-18 11:39:55 - Tables created successfully
2025-12-18 11:39:55 - Tables created successfully
2025-12-18 11:39:55 - Tables created successfully
2025-12-18 11:39:55 - Tables created successfully
2025-12-18 11:39:56 - Tables created successfully
2025-12-18 11:39:56 - Tables created successfully
2025-12-18 11:39:56 - Tables created successfully
2025-12-18 11:39:56 - Tables created successfully
2025-12-18 11:39:56 - Tables created successfully
2025-12-18 11:39:56 - Tables created successfully
2025-12-18 11:39:56 - Tables created successfully
2025-12-18 11:39:56 - Tables created successfully
2025-12-18 11:39:56 - Tables created successfully
2025-12-18 11:39:56 - Tables created successfully
2025-12-18 11:39:57 - Tables created successfully
2025-12-18 11:39:57 - Tables created successfully
2025-12-18 11:39:57 - Tables created successfully
2025-12-18 11:39:57 - Tables created successfully
2025-12-18 11:39:57 - Tables created successfully
2025-12-18 11:39:57 - Tables created successfully
2025-12-18 11:39:57 - Tables created successfully
2025-12-18 11:39:57 - Tables created successfully
2025-12-18 11:39:57 - Tables created successfully
2025-12-18 11:39:57 - Tables created successfully
2025-12-18 11:39:58 - Tables created successfully
2025-12-18 11:39:58 - Tables created successfully
2025-12-18 11:39:58 - Tables created successfully
2025-12-18 11:39:58 - Tables created successfully
2025-12-18 11:40:08 - Tables created successfully
2025-12-18 11:40:08 - Tables created successfully
2025-12-18 11:40:17 - Tables created successfully
2025-12-18 11:40:53 - Tables created successfully
2025-12-18 11:40:54 - Tables created successfully
2025-12-18 11:40:55 - Tables created successfully
2025-12-18 11:41:01 - Tables created successfully
2025-12-18 11:41:19 - Tables created successfully
2025-12-18 11:41:19 - Tables created successfully
2025-12-18 11:41:21 - Tables created successfully
2025-12-18 11:41:22 - Tables created successfully
2025-12-18 11:41:24 - Tables created successfully
2025-12-18 11:41:53 - Tables created successfully
2025-12-18 11:41:54 - Tables created successfully
2025-12-18 11:41:54 - Tables created successfully
2025-12-18 11:41:54 - Tables created successfully
2025-12-18 11:41:54 - Tables created successfully
2025-12-18 11:41:55 - Tables created successfully
2025-12-18 11:41:55 - Tables created successfully
2025-12-18 11:41:55 - Tables created successfully
2025-12-18 11:41:55 - Tables created successfully
2025-12-18 11:41:55 - Tables created successfully
2025-12-18 11:41:58 - Tables created successfully
2025-12-18 11:42:01 - Tables created successfully
2025-12-18 11:44:19 - Tables created successfully
2025-12-18 11:44:21 - Tables created successfully
2025-12-18 11:44:21 - Tables created successfully
2025-12-18 11:44:21 - Tables created successfully
2025-12-18 11:44:22 - Tables created successfully
2025-12-18 11:44:22 - Tables created successfully
2025-12-18 11:44:39 - Tables created successfully
2025-12-18 11:44:41 - Tables created successfully
2025-12-18 11:45:00 - Tables created successfully
2025-12-18 11:45:01 - Tables created successfully
2025-12-18 11:45:02 - Tables created successfully
2025-12-18 11:45:04 - Tables created successfully
2025-12-18 11:45:06 - Tables created successfully
2025-12-18 11:45:09 - Tables created successfully
2025-12-18 11:45:11 - Tables created successfully
2025-12-18 11:45:11 - Tables created successfully
2025-12-18 11:45:13 - Tables created successfully
2025-12-18 11:45:15 - Tables created successfully
2025-12-18 11:45:24 - Tables created successfully
2025-12-18 11:45:27 - Tables created successfully
2025-12-18 11:45:27 - Tables created successfully
2025-12-18 11:45:27 - Tables created successfully
2025-12-18 11:45:28 - Tables created successfully
2025-12-18 11:45:28 - Tables created successfully
2025-12-18 11:45:28 - Tables created successfully
2025-12-18 11:45:28 - Tables created successfully
2025-12-18 11:45:28 - Tables created successfully
2025-12-18 11:45:28 - Tables created successfully
2025-12-18 11:45:28 - Tables created successfully
2025-12-18 11:45:28 - Tables created successfully
2025-12-18 11:45:29 - Tables created successfully
2025-12-18 11:45:29 - Tables created successfully
2025-12-18 11:45:29 - Tables created successfully
2025-12-18 11:45:29 - Tables created successfully
2025-12-18 11:45:29 - Tables created successfully
2025-12-18 11:45:29 - Tables created successfully
2025-12-18 11:45:29 - Tables created successfully
2025-12-18 11:45:29 - Tables created successfully
2025-12-18 11:45:29 - Tables created successfully
2025-12-18 11:45:29 - Tables created successfully
2025-12-18 11:45:36 - Tables created successfully
2025-12-18 11:45:50 - Tables created successfully
2025-12-18 11:45:50 - Tables created successfully
2025-12-18 11:45:54 - Tables created successfully
2025-12-18 11:45:57 - Tables created successfully
2025-12-18 11:46:07 - Tables created successfully
2025-12-18 11:46:13 - Tables created successfully
2025-12-18 11:46:13 - Tables created successfully
2025-12-18 11:47:46 - Tables created successfully
2025-12-18 11:47:47 - Tables created successfully
2025-12-18 11:47:49 - Tables created successfully
2025-12-18 11:47:49 - Tables created successfully
2025-12-18 11:47:52 - Tables created successfully
2025-12-18 11:47:55 - Tables created successfully
2025-12-18 11:47:57 - Tables created successfully
2025-12-18 11:48:08 - Tables created successfully
2025-12-18 11:48:19 - Tables created successfully
2025-12-18 11:48:26 - Tables created successfully
2025-12-18 11:48:28 - Tables created successfully
2025-12-18 11:48:30 - Tables created successfully
2025-12-18 11:48:31 - Tables created successfully
2025-12-18 11:48:45 - Tables created successfully
2025-12-18 11:48:48 - Tables created successfully
2025-12-18 11:48:48 - Tables created successfully
2025-12-18 11:48:49 - Tables created successfully
2025-12-18 11:49:45 - Tables created successfully
2025-12-18 11:49:45 - Tables created successfully
2025-12-18 11:49:46 - Tables created successfully
2025-12-18 11:49:46 - Tables created successfully
2025-12-18 11:52:00 - Tables created successfully
2025-12-18 11:52:04 - Tables created successfully
2025-12-18 11:52:17 - Tables created successfully
2025-12-18 11:52:49 - Tables created successfully
2025-12-18 11:52:52 - Tables created successfully
2025-12-18 11:53:11 - Tables created successfully
2025-12-18 11:53:14 - Tables created successfully
2025-12-18 11:53:16 - Tables created successfully
2025-12-18 11:59:20 - Tables created successfully
2025-12-18 11:59:25 - Tables created successfully
2025-12-18 11:59:26 - Tables created successfully
2025-12-18 11:59:26 - Tables created successfully
2025-12-18 11:59:26 - Tables created successfully
2025-12-18 11:59:26 - Tables created successfully
2025-12-18 12:04:08 - Tables created successfully
2025-12-18 12:04:12 - Tables created successfully
2025-12-18 12:04:14 - Tables created successfully
2025-12-18 12:04:20 - Tables created successfully
2025-12-18 12:04:22 - Tables created successfully
2025-12-18 12:04:22 - Tables created successfully
2025-12-18 12:04:24 - Tables created successfully
2025-12-18 12:04:25 - Tables created successfully
2025-12-18 12:08:11 - Tables created successfully
2025-12-18 12:08:11 - Tables created successfully
2025-12-18 12:08:27 - Tables created successfully
2025-12-18 12:10:22 - Tables created successfully
2025-12-18 12:10:23 - Tables created successfully
2025-12-18 12:10:23 - Tables created successfully
2025-12-18 12:10:24 - Tables created successfully
2025-12-18 12:10:24 - Tables created successfully
2025-12-18 12:10:24 - Tables created successfully
2025-12-18 12:10:26 - Tables created successfully
2025-12-18 12:10:27 - Tables created successfully
2025-12-18 12:11:32 - Tables created successfully
2025-12-18 12:11:33 - Tables created successfully
2025-12-18 12:11:33 - Tables created successfully
2025-12-18 12:11:37 - Tables created successfully
2025-12-18 12:11:38 - Tables created successfully
2025-12-18 12:11:41 - Tables created successfully
2025-12-18 12:11:42 - Tables created successfully
2025-12-18 12:11:42 - Tables created successfully
2025-12-18 12:11:43 - Tables created successfully
2025-12-18 12:11:45 - Tables created successfully
2025-12-18 12:12:27 - Tables created successfully
2025-12-18 12:12:37 - Tables created successfully
2025-12-18 12:12:38 - Tables created successfully
2025-12-18 12:12:39 - Tables created successfully
2025-12-18 12:12:41 - Tables created successfully
2025-12-18 12:12:42 - Tables created successfully
2025-12-18 12:12:43 - Tables created successfully
2025-12-18 12:12:43 - Tables created successfully
2025-12-18 12:12:44 - Tables created successfully
2025-12-18 12:16:26 - Tables created successfully
2025-12-18 12:16:27 - Tables created successfully
2025-12-18 12:16:28 - Tables created successfully
2025-12-18 12:16:30 - Tables created successfully
2025-12-18 12:16:30 - Tables created successfully
2025-12-18 12:16:31 - Tables created successfully
2025-12-18 12:16:32 - Tables created successfully
2025-12-18 12:16:33 - Tables created successfully
2025-12-18 12:16:34 - Tables created successfully
2025-12-18 12:16:35 - Tables created successfully
2025-12-18 12:16:35 - Tables created successfully
2025-12-18 12:16:36 - Tables created successfully
2025-12-18 12:16:37 - Tables created successfully
2025-12-18 12:16:37 - Tables created successfully
2025-12-18 12:16:38 - Tables created successfully
2025-12-18 12:16:38 - Tables created successfully
2025-12-18 12:16:38 - Tables created successfully
2025-12-18 12:16:39 - Tables created successfully
2025-12-18 12:16:42 - Tables created successfully
2025-12-18 12:16:43 - Tables created successfully
2025-12-18 12:17:42 - Tables created successfully
2025-12-18 12:18:37 - Tables created successfully
2025-12-18 12:18:39 - Tables created successfully
2025-12-18 12:18:40 - Tables created successfully
2025-12-18 12:18:40 - Tables created successfully
2025-12-18 12:18:41 - Tables created successfully
2025-12-18 12:19:15 - Tables created successfully
2025-12-18 12:20:06 - Tables created successfully
2025-12-18 12:20:49 - Tables created successfully
2025-12-18 12:20:57 - Tables created successfully
2025-12-18 12:21:22 - Tables created successfully
2025-12-18 12:21:48 - Tables created successfully
2025-12-18 12:21:49 - Tables created successfully
2025-12-18 12:21:59 - Tables created successfully
2025-12-18 12:22:00 - Tables created successfully
2025-12-18 12:22:00 - Tables created successfully
2025-12-18 12:22:00 - Tables created successfully
2025-12-18 12:22:00 - Tables created successfully
2025-12-18 12:22:00 - Tables created successfully
2025-12-18 12:22:01 - Tables created successfully
2025-12-18 12:22:01 - Tables created successfully
2025-12-18 12:22:01 - Tables created successfully
2025-12-18 12:24:06 - Tables created successfully
2025-12-18 12:24:19 - Tables created successfully
2025-12-18 12:24:36 - Tables created successfully
2025-12-18 12:24:37 - Tables created successfully
2025-12-18 12:24:49 - Tables created successfully
2025-12-18 12:25:33 - Tables created successfully
2025-12-18 12:25:34 - Tables created successfully
2025-12-18 12:25:34 - Tables created successfully
2025-12-18 12:25:41 - Tables created successfully
2025-12-18 12:25:50 - Tables created successfully
2025-12-18 12:25:54 - Tables created successfully
2025-12-18 12:25:54 - Tables created successfully
2025-12-18 12:25:56 - Tables created successfully
2025-12-18 12:25:56 - Tables created successfully
2025-12-18 12:41:47 - Tables created successfully
2025-12-18 12:44:56 - Tables created successfully
2025-12-18 12:44:57 - Tables created successfully
2025-12-18 12:44:58 - Tables created successfully
2025-12-18 12:44:58 - Tables created successfully
2025-12-18 12:44:58 - Tables created successfully
2025-12-18 12:44:59 - Tables created successfully
2025-12-18 13:13:03 - Tables created successfully
2025-12-18 13:19:49 - Tables created successfully
2025-12-18 13:19:53 - Tables created successfully
2025-12-18 13:19:54 - Tables created successfully
2025-12-18 13:22:48 - Tables created successfully
2025-12-18 13:22:50 - Tables created successfully
2025-12-18 13:22:55 - Tables created successfully
2025-12-18 13:26:52 - Tables created successfully
2025-12-18 13:26:53 - Tables created successfully
2025-12-18 13:26:53 - Tables created successfully
2025-12-18 13:26:54 - Tables created successfully
2025-12-18 13:26:54 - Tables created successfully
2025-12-18 13:26:59 - Tables created successfully
2025-12-18 13:27:00 - Tables created successfully
2025-12-18 13:27:00 - Tables created successfully
2025-12-18 13:27:01 - Tables created successfully
2025-12-18 13:27:01 - Tables created successfully
2025-12-18 13:27:02 - Tables created successfully
2025-12-18 13:27:03 - Tables created successfully
2025-12-18 13:27:04 - Tables created successfully
2025-12-18 13:27:04 - Tables created successfully
2025-12-18 13:27:04 - Tables created successfully
2025-12-18 13:27:07 - Tables created successfully
2025-12-18 13:27:08 - Tables created successfully
2025-12-18 13:27:08 - Tables created successfully
2025-12-18 13:27:08 - Tables created successfully
2025-12-18 13:27:09 - Tables created successfully
2025-12-18 13:27:10 - Tables created successfully
2025-12-18 13:27:10 - Tables created successfully
2025-12-18 13:27:10 - Tables created successfully
2025-12-18 13:27:10 - Tables created successfully
2025-12-18 13:27:11 - Tables created successfully
2025-12-18 13:27:11 - Tables created successfully
2025-12-18 13:28:04 - Tables created successfully
2025-12-18 13:28:05 - Tables created successfully
2025-12-18 13:28:07 - Tables created successfully
2025-12-18 13:28:07 - Tables created successfully
2025-12-18 13:29:06 - Tables created successfully
2025-12-18 13:29:07 - Tables created successfully
2025-12-18 13:29:08 - Tables created successfully
2025-12-18 13:29:08 - Tables created successfully
2025-12-18 13:29:08 - Tables created successfully
2025-12-18 13:29:09 - Tables created successfully
2025-12-18 13:29:09 - Tables created successfully
2025-12-18 13:29:09 - Tables created successfully
2025-12-18 13:29:09 - Tables created successfully
2025-12-18 13:29:09 - Tables created successfully
2025-12-18 13:29:47 - Tables created successfully
2025-12-18 13:29:48 - Tables created successfully
2025-12-18 13:29:48 - Tables created successfully
2025-12-18 13:29:48 - Tables created successfully
2025-12-18 13:29:48 - Tables created successfully
2025-12-18 13:29:49 - Tables created successfully
2025-12-18 13:29:49 - Tables created successfully
2025-12-18 13:29:49 - Tables created successfully
2025-12-18 13:29:49 - Tables created successfully
2025-12-18 13:29:49 - Tables created successfully
2025-12-18 13:29:49 - Tables created successfully
2025-12-18 13:29:50 - Tables created successfully
2025-12-18 13:29:50 - Tables created successfully
2025-12-18 13:29:50 - Tables created successfully
2025-12-18 13:30:00 - Tables created successfully
2025-12-18 13:30:00 - Tables created successfully
2025-12-18 13:30:00 - Tables created successfully
2025-12-18 13:30:00 - Tables created successfully
2025-12-18 13:30:00 - Tables created successfully
2025-12-18 13:30:03 - Tables created successfully
2025-12-18 13:30:05 - Tables created successfully
2025-12-18 13:30:05 - Tables created successfully
2025-12-18 13:30:06 - Tables created successfully
2025-12-18 13:30:06 - Tables created successfully
2025-12-18 13:30:08 - Tables created successfully
2025-12-18 13:30:10 - Tables created successfully
2025-12-18 13:30:11 - Tables created successfully
2025-12-18 13:30:12 - Tables created successfully
2025-12-18 13:30:14 - Tables created successfully
2025-12-18 13:30:16 - Tables created successfully
2025-12-18 13:30:23 - Tables created successfully
2025-12-18 13:30:24 - Tables created successfully
2025-12-18 13:30:24 - Tables created successfully
2025-12-18 13:30:25 - Tables created successfully
2025-12-18 13:30:25 - Tables created successfully
2025-12-18 13:30:25 - Tables created successfully
2025-12-18 13:30:31 - Tables created successfully
2025-12-18 13:30:32 - Tables created successfully
2025-12-18 13:37:32 - Tables created successfully
2025-12-18 13:39:05 - Tables created successfully
2025-12-18 13:39:17 - Tables created successfully
2025-12-18 13:42:01 - Tables created successfully
2025-12-18 13:42:06 - Tables created successfully
2025-12-18 13:42:07 - Tables created successfully
2025-12-18 13:42:07 - Tables created successfully
2025-12-18 13:42:07 - Tables created successfully
2025-12-18 13:42:07 - Tables created successfully
2025-12-18 13:42:07 - Tables created successfully
2025-12-18 13:42:08 - Tables created successfully
2025-12-18 13:42:08 - Tables created successfully
2025-12-18 13:42:08 - Tables created successfully
2025-12-18 13:42:08 - Tables created successfully
2025-12-18 13:42:09 - Tables created successfully
2025-12-18 13:42:09 - Tables created successfully
2025-12-18 13:42:09 - Tables created successfully
2025-12-18 13:42:09 - Tables created successfully
2025-12-18 13:42:09 - Tables created successfully
2025-12-18 13:42:10 - Tables created successfully
2025-12-18 13:42:10 - Tables created successfully
2025-12-18 13:42:10 - Tables created successfully
2025-12-18 13:42:10 - Tables created successfully
2025-12-18 13:42:11 - Tables created successfully
2025-12-18 13:48:52 - Tables created successfully
2025-12-18 13:48:53 - Tables created successfully
2025-12-18 13:48:56 - Tables created successfully
2025-12-18 13:48:57 - Tables created successfully
2025-12-18 13:48:58 - Tables created successfully
2025-12-18 13:48:58 - Tables created successfully
2025-12-18 13:48:58 - Tables created successfully
2025-12-18 13:48:58 - Tables created successfully
2025-12-18 13:48:59 - Tables created successfully
2025-12-18 13:48:59 - Tables created successfully
2025-12-18 13:48:59 - Tables created successfully
2025-12-18 13:49:00 - Tables created successfully
2025-12-18 13:49:00 - Tables created successfully
2025-12-18 13:49:00 - Tables created successfully
2025-12-18 13:49:00 - Tables created successfully
2025-12-18 13:49:00 - Tables created successfully
2025-12-18 13:49:00 - Tables created successfully
2025-12-18 13:49:01 - Tables created successfully
2025-12-18 13:49:01 - Tables created successfully
2025-12-18 13:49:01 - Tables created successfully
2025-12-18 13:49:01 - Tables created successfully
2025-12-18 13:49:07 - Tables created successfully
2025-12-18 13:49:10 - Tables created successfully
2025-12-18 13:49:15 - Tables created successfully
2025-12-18 13:49:22 - Tables created successfully
2025-12-18 13:49:33 - Tables created successfully
2025-12-18 13:49:46 - Tables created successfully
2025-12-18 13:49:49 - Tables created successfully
2025-12-18 13:52:36 - Tables created successfully
2025-12-18 13:52:54 - Tables created successfully
2025-12-18 13:53:01 - Tables created successfully
2025-12-18 13:53:02 - Tables created successfully
2025-12-18 13:53:15 - Tables created successfully
2025-12-18 13:53:16 - Tables created successfully
2025-12-18 13:53:16 - Tables created successfully
2025-12-18 13:53:16 - Tables created successfully
2025-12-18 13:53:16 - Tables created successfully
2025-12-18 13:53:17 - Tables created successfully
2025-12-18 13:53:17 - Tables created successfully
2025-12-18 13:53:17 - Tables created successfully
2025-12-18 13:53:17 - Tables created successfully
2025-12-18 13:53:17 - Tables created successfully
2025-12-18 13:53:17 - Tables created successfully
2025-12-18 13:53:18 - Tables created successfully
2025-12-18 13:53:18 - Tables created successfully
2025-12-18 13:53:18 - Tables created successfully
2025-12-18 13:53:19 - Tables created successfully
2025-12-18 13:53:19 - Tables created successfully
2025-12-18 13:53:19 - Tables created successfully
2025-12-18 13:53:19 - Tables created successfully
2025-12-18 13:53:19 - Tables created successfully
2025-12-18 13:53:20 - Tables created successfully
2025-12-18 13:53:20 - Tables created successfully
2025-12-18 13:53:20 - Tables created successfully
2025-12-18 13:53:20 - Tables created successfully
2025-12-18 13:53:21 - Tables created successfully
2025-12-18 13:53:21 - Tables created successfully
2025-12-18 13:53:21 - Tables created successfully
2025-12-18 13:53:22 - Tables created successfully
2025-12-18 13:53:22 - Tables created successfully
2025-12-18 13:53:22 - Tables created successfully
2025-12-18 13:53:22 - Tables created successfully
2025-12-18 13:53:23 - Tables created successfully
2025-12-18 13:53:23 - Tables created successfully
2025-12-18 13:53:23 - Tables created successfully
2025-12-18 13:53:23 - Tables created successfully
2025-12-18 13:53:23 - Tables created successfully
2025-12-18 13:53:24 - Tables created successfully
2025-12-18 13:53:24 - Tables created successfully
2025-12-18 13:53:24 - Tables created successfully
2025-12-18 13:53:25 - Tables created successfully
2025-12-18 13:53:25 - Tables created successfully
2025-12-18 13:54:32 - Tables created successfully
2025-12-18 13:54:39 - Tables created successfully
2025-12-18 13:54:50 - Tables created successfully
2025-12-18 13:54:56 - Tables created successfully
2025-12-18 13:54:59 - Tables created successfully
2025-12-18 13:55:00 - Tables created successfully
2025-12-18 13:55:00 - Tables created successfully
2025-12-18 13:55:01 - Tables created successfully
2025-12-18 13:55:05 - Tables created successfully
2025-12-18 13:55:06 - Tables created successfully
2025-12-18 13:55:06 - Tables created successfully
2025-12-18 13:55:06 - Tables created successfully
2025-12-18 13:55:06 - Tables created successfully
2025-12-18 13:55:06 - Tables created successfully
2025-12-18 13:55:07 - Tables created successfully
2025-12-18 13:55:07 - Tables created successfully
2025-12-18 13:55:07 - Tables created successfully
2025-12-18 13:55:07 - Tables created successfully
2025-12-18 13:55:08 - Tables created successfully
2025-12-18 13:55:08 - Tables created successfully
2025-12-18 13:55:08 - Tables created successfully
2025-12-18 13:55:08 - Tables created successfully
2025-12-18 13:55:09 - Tables created successfully
2025-12-18 13:55:09 - Tables created successfully
2025-12-18 13:55:09 - Tables created successfully
2025-12-18 13:55:10 - Tables created successfully
2025-12-18 13:55:11 - Tables created successfully
2025-12-18 13:55:14 - Tables created successfully
2025-12-18 13:55:25 - Tables created successfully
2025-12-18 13:55:26 - Tables created successfully
2025-12-18 13:55:26 - Tables created successfully
2025-12-18 13:55:54 - Tables created successfully
2025-12-18 13:56:36 - Tables created successfully
2025-12-18 13:56:41 - Tables created successfully
2025-12-18 13:56:45 - Tables created successfully
2025-12-18 13:56:56 - Tables created successfully
2025-12-18 13:57:07 - Tables created successfully
2025-12-18 13:57:14 - Tables created successfully
2025-12-18 13:57:15 - Tables created successfully
2025-12-18 13:57:16 - Tables created successfully
2025-12-18 13:57:28 - Tables created successfully
2025-12-18 13:57:30 - Tables created successfully
2025-12-18 13:57:38 - Tables created successfully
2025-12-18 13:57:46 - Tables created successfully
2025-12-18 13:58:04 - Tables created successfully
2025-12-18 13:58:16 - Tables created successfully
2025-12-18 13:58:18 - Tables created successfully
2025-12-18 13:58:18 - Tables created successfully
2025-12-18 13:59:01 - Tables created successfully
2025-12-18 14:19:28 - Tables created successfully
2025-12-18 14:19:34 - Tables created successfully
2025-12-18 14:19:43 - Tables created successfully
2025-12-18 14:20:43 - Tables created successfully
2025-12-18 14:20:43 - Tables created successfully
2025-12-18 14:20:54 - Tables created successfully
2025-12-18 14:21:18 - Tables created successfully
2025-12-18 14:21:18 - Tables created successfully
2025-12-18 14:21:27 - Tables created successfully
2025-12-18 14:21:57 - Tables created successfully
2025-12-18 14:22:01 - Tables created successfully
2025-12-18 14:22:01 - Tables created successfully
2025-12-18 14:22:11 - Tables created successfully
2025-12-18 14:24:26 - Tables created successfully
2025-12-18 14:24:34 - Tables created successfully
2025-12-18 14:24:34 - Tables created successfully
2025-12-18 14:24:36 - Tables created successfully
2025-12-18 14:24:36 - Tables created successfully
2025-12-18 14:24:37 - Tables created successfully
2025-12-18 14:24:37 - Tables created successfully
2025-12-18 14:24:38 - Tables created successfully
2025-12-18 14:24:39 - Tables created successfully
2025-12-18 14:24:48 - Tables created successfully
2025-12-18 14:24:48 - Tables created successfully
2025-12-18 14:30:25 - Tables created successfully
2025-12-18 14:30:25 - Admin tables created successfully
2025-12-18 14:30:25 - Login error - SQLSTATE[42S22]: Column not found: 1054 Unknown column 'full_name' in 'field list'
2025-12-18 14:30:30 - Tables created successfully
2025-12-18 14:30:30 - Admin tables created successfully
2025-12-18 14:30:30 - Login error - SQLSTATE[42S22]: Column not found: 1054 Unknown column 'full_name' in 'field list'
2025-12-18 14:30:38 - Tables created successfully
2025-12-18 14:30:38 - Admin tables created successfully
2025-12-18 14:30:38 - Login error - SQLSTATE[42S22]: Column not found: 1054 Unknown column 'full_name' in 'field list'
2025-12-18 14:30:43 - Tables created successfully
2025-12-18 14:30:43 - Admin tables created successfully
2025-12-18 14:30:43 - Login error - SQLSTATE[42S22]: Column not found: 1054 Unknown column 'full_name' in 'field list'
2025-12-18 14:30:50 - Tables created successfully
2025-12-18 14:30:50 - Admin tables created successfully
2025-12-18 14:30:50 - Login error - SQLSTATE[42S22]: Column not found: 1054 Unknown column 'full_name' in 'field list'
2025-12-18 14:31:05 - Tables created successfully
2025-12-18 14:31:33 - Tables created successfully
2025-12-18 14:31:36 - Tables created successfully
2025-12-18 14:31:37 - Tables created successfully
2025-12-18 14:31:37 - Tables created successfully
2025-12-18 14:31:37 - Tables created successfully
2025-12-18 14:31:37 - Tables created successfully
2025-12-18 14:31:38 - Tables created successfully
2025-12-18 14:31:38 - Tables created successfully
2025-12-18 14:31:39 - Tables created successfully
2025-12-18 14:31:39 - Tables created successfully
2025-12-18 14:31:39 - Tables created successfully
2025-12-18 14:31:39 - Tables created successfully
2025-12-18 14:31:42 - Tables created successfully
2025-12-18 14:31:42 - Tables created successfully
2025-12-18 14:31:50 - Tables created successfully
2025-12-18 14:31:52 - Tables created successfully
2025-12-18 14:31:54 - Tables created successfully
2025-12-18 14:31:54 - Tables created successfully
2025-12-18 14:32:02 - Tables created successfully
2025-12-18 14:32:11 - Tables created successfully
2025-12-18 14:32:18 - Tables created successfully
2025-12-18 14:32:20 - Tables created successfully
2025-12-18 14:32:22 - Tables created successfully
2025-12-18 14:32:22 - Tables created successfully
2025-12-18 14:32:23 - Tables created successfully
2025-12-18 14:32:23 - Tables created successfully
2025-12-18 14:32:23 - Tables created successfully
2025-12-18 14:32:23 - Tables created successfully
2025-12-18 14:32:24 - Tables created successfully
2025-12-18 14:32:27 - Tables created successfully
2025-12-18 14:32:27 - Tables created successfully
2025-12-18 14:32:34 - Tables created successfully
2025-12-18 14:32:37 - Tables created successfully
2025-12-18 14:32:40 - Tables created successfully
2025-12-18 14:32:42 - Tables created successfully
2025-12-18 14:32:42 - Tables created successfully
2025-12-18 14:32:56 - Tables created successfully
2025-12-18 14:37:45 - Tables created successfully
2025-12-18 14:38:20 - Tables created successfully
2025-12-18 14:38:49 - Tables created successfully
2025-12-18 14:39:17 - Tables created successfully
2025-12-18 14:40:07 - Tables created successfully
2025-12-18 14:40:32 - Tables created successfully
2025-12-18 14:40:57 - Tables created successfully
2025-12-18 14:41:19 - Tables created successfully
2025-12-18 14:41:42 - Tables created successfully
2025-12-18 14:41:53 - Tables created successfully
2025-12-18 14:42:01 - Tables created successfully
2025-12-18 14:42:13 - Tables created successfully
2025-12-18 14:42:27 - Tables created successfully
2025-12-18 14:49:28 - Tables created successfully
2025-12-18 14:56:01 - Tables created successfully
2025-12-18 14:56:04 - Tables created successfully
2025-12-18 14:56:06 - Tables created successfully
2025-12-18 14:56:11 - Tables created successfully
2025-12-18 14:56:11 - Tables created successfully
2025-12-18 14:56:19 - Tables created successfully
2025-12-18 14:56:46 - Tables created successfully
2025-12-18 14:56:47 - Tables created successfully
2025-12-18 14:57:12 - Tables created successfully
2025-12-18 14:57:12 - Tables created successfully
2025-12-18 14:57:20 - Tables created successfully
2025-12-18 14:57:22 - Tables created successfully
2025-12-18 14:57:27 - Tables created successfully
2025-12-18 14:57:30 - Tables created successfully
2025-12-18 14:57:34 - Tables created successfully
2025-12-18 14:57:36 - Tables created successfully
2025-12-18 14:57:51 - Tables created successfully
2025-12-18 14:57:52 - Tables created successfully
2025-12-18 14:57:52 - Tables created successfully
2025-12-18 14:57:52 - Tables created successfully
2025-12-18 14:58:04 - Tables created successfully
2025-12-18 14:59:07 - Tables created successfully
2025-12-18 14:59:07 - Tables created successfully
2025-12-18 14:59:21 - Tables created successfully
2025-12-18 15:00:11 - Tables created successfully
2025-12-18 16:26:30 - Tables created successfully
2025-12-18 16:29:31 - Tables created successfully
2025-12-18 16:29:31 - Tables created successfully
2025-12-18 16:29:40 - Tables created successfully
2025-12-18 16:29:57 - Tables created successfully
2025-12-18 16:29:58 - Tables created successfully
2025-12-18 16:30:15 - Tables created successfully
2025-12-18 16:30:22 - Tables created successfully
2025-12-18 16:30:24 - Tables created successfully
2025-12-18 16:30:24 - Tables created successfully
2025-12-18 16:31:05 - Tables created successfully
2025-12-18 16:31:13 - Tables created successfully
2025-12-18 16:31:13 - Tables created successfully
2025-12-18 16:31:16 - Tables created successfully
2025-12-18 16:31:17 - Tables created successfully
2025-12-18 16:31:18 - Tables created successfully
2025-12-18 16:31:18 - Tables created successfully
2025-12-18 16:31:20 - Tables created successfully
2025-12-18 16:31:21 - Tables created successfully
2025-12-18 16:31:22 - Tables created successfully
2025-12-18 16:31:24 - Tables created successfully
2025-12-18 16:31:25 - Tables created successfully
2025-12-18 16:31:26 - Tables created successfully
2025-12-18 16:31:27 - Tables created successfully
2025-12-18 16:31:28 - Tables created successfully
2025-12-18 16:31:34 - Tables created successfully
2025-12-18 16:31:35 - Tables created successfully
2025-12-18 16:31:35 - Tables created successfully
2025-12-18 16:31:37 - Tables created successfully
2025-12-18 16:31:38 - Tables created successfully
2025-12-18 16:31:39 - Tables created successfully
2025-12-18 16:32:08 - Tables created successfully
2025-12-18 16:32:10 - Tables created successfully
2025-12-18 16:32:11 - Tables created successfully
2025-12-18 16:32:11 - Tables created successfully
2025-12-18 16:32:21 - Tables created successfully
2025-12-18 16:32:21 - Tables created successfully
2025-12-18 16:32:26 - Tables created successfully
2025-12-18 16:32:26 - Tables created successfully
2025-12-18 16:32:26 - Tables created successfully
2025-12-18 16:32:28 - Tables created successfully
2025-12-18 16:33:45 - Tables created successfully
2025-12-18 16:33:46 - Tables created successfully
2025-12-18 16:33:46 - Tables created successfully
2025-12-18 16:33:50 - Tables created successfully
2025-12-18 16:33:51 - Tables created successfully
2025-12-18 16:33:51 - Tables created successfully
2025-12-18 16:33:51 - Tables created successfully
2025-12-18 16:33:51 - Tables created successfully
2025-12-18 16:33:51 - Tables created successfully
2025-12-18 16:34:33 - Tables created successfully
2025-12-18 16:34:34 - Tables created successfully
2025-12-18 16:34:35 - Tables created successfully
2025-12-18 16:34:59 - Tables created successfully
2025-12-18 16:35:14 - Tables created successfully
2025-12-18 16:35:24 - Tables created successfully
2025-12-18 16:35:25 - Tables created successfully
2025-12-18 16:37:06 - Tables created successfully
2025-12-18 16:37:08 - Tables created successfully
2025-12-18 16:37:08 - Tables created successfully
2025-12-18 16:37:35 - Tables created successfully
2025-12-18 16:37:51 - Tables created successfully
2025-12-18 16:37:52 - Tables created successfully
2025-12-18 16:37:52 - Tables created successfully
2025-12-18 16:38:13 - Tables created successfully
2025-12-18 16:38:14 - Tables created successfully
2025-12-18 16:38:14 - Tables created successfully
2025-12-18 16:38:40 - Tables created successfully
2025-12-18 16:38:41 - Tables created successfully
2025-12-18 16:38:54 - Tables created successfully
2025-12-18 16:38:54 - Tables created successfully
2025-12-18 16:38:55 - Tables created successfully
2025-12-18 16:38:57 - Tables created successfully
2025-12-18 16:38:57 - Tables created successfully
2025-12-18 16:38:58 - Tables created successfully
2025-12-18 16:38:58 - Tables created successfully
2025-12-18 16:38:58 - Tables created successfully
2025-12-18 16:38:58 - Tables created successfully
2025-12-18 16:38:59 - Tables created successfully
2025-12-18 16:38:59 - Tables created successfully
2025-12-18 16:39:03 - Tables created successfully
2025-12-18 16:39:04 - Tables created successfully
2025-12-18 16:39:06 - Tables created successfully
2025-12-18 16:39:41 - Tables created successfully
2025-12-18 16:39:42 - Tables created successfully
2025-12-18 16:39:52 - Tables created successfully
2025-12-18 16:39:52 - Tables created successfully
2025-12-18 16:39:53 - Tables created successfully
2025-12-18 16:40:06 - Tables created successfully
2025-12-18 16:40:07 - Tables created successfully
2025-12-18 16:40:43 - Tables created successfully
2025-12-18 16:40:46 - Tables created successfully
2025-12-18 16:40:59 - Tables created successfully
2025-12-18 16:41:00 - Tables created successfully
2025-12-18 16:41:01 - Tables created successfully
2025-12-18 16:41:03 - Tables created successfully
2025-12-18 16:41:05 - Tables created successfully
2025-12-18 16:41:11 - Tables created successfully
2025-12-18 16:41:34 - Tables created successfully
2025-12-18 16:41:38 - Tables created successfully
2025-12-18 16:41:39 - Tables created successfully
2025-12-18 16:41:39 - Tables created successfully
2025-12-18 16:41:40 - Tables created successfully
2025-12-18 16:41:40 - Tables created successfully
2025-12-18 16:41:41 - Tables created successfully
2025-12-18 16:41:44 - Tables created successfully
2025-12-18 16:41:57 - Tables created successfully
2025-12-18 16:43:11 - Tables created successfully
2025-12-18 16:43:11 - Tables created successfully
2025-12-18 16:43:12 - Tables created successfully
2025-12-18 16:43:14 - Tables created successfully
2025-12-18 16:43:15 - Tables created successfully
2025-12-18 16:43:16 - Tables created successfully
2025-12-18 16:43:17 - Tables created successfully
2025-12-18 16:43:18 - Tables created successfully
2025-12-18 16:43:18 - Tables created successfully
2025-12-18 16:43:18 - Tables created successfully
2025-12-18 16:43:18 - Tables created successfully
2025-12-18 16:43:19 - Tables created successfully
2025-12-18 16:43:19 - Tables created successfully
2025-12-18 16:43:20 - Tables created successfully
2025-12-18 16:43:28 - Tables created successfully
2025-12-18 16:43:28 - Tables created successfully
2025-12-18 16:43:31 - Tables created successfully
2025-12-18 16:43:33 - Tables created successfully
2025-12-18 16:45:11 - Tables created successfully
2025-12-18 16:45:14 - Tables created successfully
2025-12-18 16:45:14 - Tables created successfully
2025-12-18 16:45:21 - Tables created successfully
2025-12-18 16:45:21 - Tables created successfully
2025-12-18 16:45:24 - Tables created successfully
2025-12-18 16:45:27 - Tables created successfully
2025-12-18 16:46:09 - Tables created successfully
2025-12-18 16:46:11 - Tables created successfully
2025-12-18 16:46:18 - Tables created successfully
2025-12-18 16:46:29 - Tables created successfully
2025-12-18 16:46:29 - Tables created successfully
2025-12-18 16:46:31 - Tables created successfully
2025-12-18 16:47:25 - Tables created successfully
2025-12-18 16:47:25 - Tables created successfully
2025-12-18 16:47:26 - Tables created successfully
2025-12-18 16:47:26 - Tables created successfully
2025-12-18 16:47:26 - Tables created successfully
2025-12-18 16:47:26 - Tables created successfully
2025-12-18 16:47:46 - Tables created successfully
2025-12-18 16:47:47 - Tables created successfully
2025-12-18 16:48:04 - Tables created successfully
2025-12-18 16:48:07 - Tables created successfully
2025-12-18 22:03:01 - Tables created successfully
2025-12-18 22:03:04 - Tables created successfully
2025-12-18 22:03:04 - Tables created successfully
2025-12-18 22:03:13 - Tables created successfully
2025-12-18 22:03:13 - Tables created successfully
2025-12-18 22:03:18 - Tables created successfully
2025-12-18 22:03:23 - Tables created successfully
2025-12-18 22:03:36 - Tables created successfully
2025-12-18 22:03:39 - Tables created successfully
2025-12-18 22:03:45 - Tables created successfully
2025-12-18 22:03:48 - Tables created successfully
2025-12-18 22:08:14 - Tables created successfully
2025-12-18 22:13:15 - Tables created successfully
2025-12-18 22:18:16 - Tables created successfully
2025-12-18 22:22:37 - Tables created successfully
2025-12-18 22:22:38 - Tables created successfully
2025-12-18 22:22:39 - Tables created successfully
2025-12-18 22:22:39 - Tables created successfully
2025-12-18 22:22:39 - Tables created successfully
2025-12-18 22:22:39 - Tables created successfully
2025-12-18 22:22:39 - Tables created successfully
2025-12-18 22:22:40 - Tables created successfully
2025-12-18 22:22:40 - Tables created successfully
2025-12-18 22:22:40 - Tables created successfully
2025-12-18 22:22:40 - Tables created successfully
2025-12-18 22:22:40 - Tables created successfully
2025-12-18 22:22:41 - Tables created successfully
2025-12-18 22:22:41 - Tables created successfully
2025-12-18 22:22:41 - Tables created successfully
2025-12-18 22:22:41 - Tables created successfully
2025-12-18 22:22:41 - Tables created successfully
2025-12-18 22:22:42 - Tables created successfully
2025-12-18 22:22:42 - Tables created successfully
2025-12-18 22:22:42 - Tables created successfully
2025-12-18 22:22:43 - Tables created successfully
2025-12-18 22:22:43 - Tables created successfully
2025-12-18 22:23:27 - Tables created successfully
2025-12-18 22:23:43 - Tables created successfully
2025-12-18 22:24:21 - Tables created successfully
2025-12-18 22:24:22 - Tables created successfully
2025-12-18 22:24:24 - Tables created successfully
2025-12-18 22:24:25 - Tables created successfully
2025-12-18 22:24:27 - Tables created successfully
2025-12-18 22:24:30 - Tables created successfully
2025-12-18 22:24:38 - Tables created successfully
2025-12-18 22:24:41 - Tables created successfully
2025-12-18 22:24:48 - Tables created successfully
2025-12-18 22:24:57 - Tables created successfully
2025-12-18 22:24:57 - Tables created successfully
2025-12-18 22:25:04 - Tables created successfully
2025-12-18 22:25:12 - Tables created successfully
2025-12-18 22:25:19 - Tables created successfully
2025-12-18 22:25:24 - Tables created successfully
2025-12-18 22:25:46 - Tables created successfully
2025-12-18 22:25:50 - Tables created successfully
2025-12-18 22:25:56 - Tables created successfully
2025-12-18 22:26:00 - Tables created successfully
2025-12-18 22:26:03 - Tables created successfully
2025-12-18 22:26:05 - Tables created successfully
2025-12-18 22:27:44 - Tables created successfully
2025-12-18 22:27:45 - Tables created successfully
2025-12-18 22:27:45 - Tables created successfully
2025-12-18 22:27:46 - Tables created successfully
2025-12-18 22:27:46 - Tables created successfully
2025-12-18 22:27:47 - Tables created successfully
2025-12-18 22:27:47 - Tables created successfully
2025-12-18 22:27:48 - Tables created successfully
2025-12-18 22:27:48 - Tables created successfully
2025-12-18 22:28:09 - Tables created successfully
2025-12-18 22:28:10 - Tables created successfully
2025-12-18 22:29:25 - Tables created successfully
2025-12-18 22:31:52 - Tables created successfully
2025-12-18 22:31:53 - Tables created successfully
2025-12-18 22:31:54 - Tables created successfully
2025-12-18 22:31:54 - Tables created successfully
2025-12-18 22:31:54 - Tables created successfully
2025-12-18 22:31:54 - Tables created successfully
2025-12-18 22:31:55 - Tables created successfully
2025-12-18 22:31:55 - Tables created successfully
2025-12-18 22:31:55 - Tables created successfully
2025-12-18 22:31:55 - Tables created successfully
2025-12-18 22:32:00 - Tables created successfully
2025-12-18 22:32:01 - Tables created successfully
2025-12-18 22:32:01 - Tables created successfully
2025-12-18 22:32:01 - Tables created successfully
2025-12-18 22:32:50 - Tables created successfully
2025-12-18 22:32:51 - Tables created successfully
2025-12-18 22:33:46 - Tables created successfully
2025-12-18 22:33:48 - Tables created successfully
2025-12-18 22:34:01 - Tables created successfully
2025-12-18 22:34:06 - Tables created successfully
2025-12-18 22:34:10 - Tables created successfully
2025-12-18 22:34:12 - Tables created successfully
2025-12-18 22:34:16 - Tables created successfully
2025-12-18 22:55:07 - Tables created successfully
2025-12-18 22:55:36 - Tables created successfully
2025-12-18 23:00:36 - Tables created successfully
2025-12-18 23:00:39 - Tables created successfully
2025-12-18 23:00:44 - Tables created successfully
2025-12-18 23:00:45 - Tables created successfully
2025-12-18 23:01:17 - Tables created successfully
2025-12-18 23:01:44 - Tables created successfully
2025-12-18 23:01:53 - Tables created successfully
2025-12-18 23:01:57 - Tables created successfully
2025-12-18 23:02:00 - Tables created successfully
2025-12-18 23:02:03 - Tables created successfully
2025-12-18 23:03:38 - Tables created successfully
2025-12-18 23:03:42 - Tables created successfully
2025-12-18 23:08:50 - Tables created successfully
2025-12-18 23:09:22 - Tables created successfully
2025-12-18 23:09:36 - Tables created successfully
2025-12-18 23:09:55 - Tables created successfully
2025-12-18 23:10:16 - Tables created successfully
2025-12-18 23:10:32 - Tables created successfully
2025-12-18 23:10:34 - Tables created successfully
2025-12-18 23:10:35 - Tables created successfully
2025-12-18 23:10:35 - Tables created successfully
2025-12-18 23:10:36 - Tables created successfully
2025-12-18 23:19:52 - Tables created successfully
2025-12-18 23:21:49 - Tables created successfully
2025-12-18 23:21:56 - Tables created successfully
2025-12-18 23:21:58 - Tables created successfully
2025-12-18 23:22:00 - Tables created successfully
2025-12-18 23:22:02 - Tables created successfully
2025-12-18 23:22:04 - Tables created successfully
2025-12-18 23:22:05 - Tables created successfully
2025-12-18 23:22:11 - Tables created successfully
2025-12-18 23:22:14 - Tables created successfully
2025-12-18 23:22:22 - Tables created successfully
2025-12-18 23:22:24 - Tables created successfully
2025-12-18 23:22:58 - Tables created successfully
2025-12-18 23:23:31 - Tables created successfully
2025-12-18 23:23:33 - Tables created successfully
2025-12-18 23:23:36 - Tables created successfully
2025-12-18 23:46:59 - Tables created successfully
2025-12-18 23:47:01 - Tables created successfully
2025-12-18 23:47:04 - Tables created successfully
2025-12-18 23:47:38 - Tables created successfully
2025-12-18 23:47:41 - Tables created successfully
2025-12-18 23:47:43 - Tables created successfully
2025-12-18 23:56:15 - Tables created successfully
2025-12-18 23:56:24 - Tables created successfully
2025-12-18 23:56:26 - Tables created successfully
2025-12-18 23:56:30 - Tables created successfully
2025-12-18 23:56:39 - Tables created successfully
2025-12-18 23:56:50 - Tables created successfully
2025-12-18 23:56:54 - Tables created successfully
2025-12-18 23:56:57 - Tables created successfully
2025-12-18 23:57:05 - Tables created successfully
2025-12-18 23:57:59 - Tables created successfully
2025-12-18 23:58:01 - Tables created successfully
2025-12-18 23:58:03 - Tables created successfully
2025-12-18 23:58:06 - Tables created successfully
2025-12-18 23:58:26 - Tables created successfully
2025-12-18 23:58:54 - Tables created successfully
2025-12-18 23:58:56 - Tables created successfully
2025-12-18 23:59:11 - Tables created successfully
2025-12-18 23:59:15 - Tables created successfully
2025-12-18 23:59:17 - Tables created successfully
2025-12-18 23:59:18 - Tables created successfully
2025-12-18 23:59:44 - Tables created successfully
2025-12-19 00:00:46 - Tables created successfully
2025-12-19 00:04:44 - Tables created successfully
2025-12-19 09:32:14 - Tables created successfully
2025-12-19 09:32:17 - Tables created successfully
2025-12-19 09:32:18 - Tables created successfully
2025-12-19 09:32:18 - Tables created successfully
2025-12-19 09:32:26 - Tables created successfully
2025-12-19 09:32:26 - Tables created successfully
2025-12-19 09:32:29 - Tables created successfully
2025-12-19 09:32:34 - Tables created successfully
2025-12-19 09:36:35 - Tables created successfully
2025-12-19 09:36:50 - Tables created successfully
2025-12-19 09:36:50 - Tables created successfully
2025-12-19 09:36:52 - Tables created successfully
2025-12-19 09:36:56 - Tables created successfully
2025-12-19 09:36:57 - Tables created successfully
2025-12-19 09:37:02 - Tables created successfully
2025-12-19 09:37:05 - Tables created successfully
2025-12-19 09:41:51 - Tables created successfully
2025-12-19 09:42:05 - Tables created successfully
2025-12-19 09:45:13 - Tables created successfully
2025-12-19 09:45:13 - Tables created successfully
2025-12-19 09:45:15 - Tables created successfully
2025-12-19 09:45:21 - Tables created successfully
2025-12-19 09:45:24 - Tables created successfully
2025-12-19 09:45:24 - Tables created successfully
2025-12-19 09:45:26 - Tables created successfully
2025-12-19 09:46:52 - Tables created successfully
2025-12-19 10:16:45 - Tables created successfully
2025-12-19 10:16:46 - Tables created successfully
2025-12-19 10:16:46 - Tables created successfully
2025-12-19 10:16:46 - Tables created successfully
2025-12-19 10:16:46 - Tables created successfully
2025-12-19 10:16:47 - Tables created successfully
2025-12-19 10:18:41 - Tables created successfully
2025-12-19 10:24:02 - Tables created successfully
2025-12-19 10:24:02 - Tables created successfully
2025-12-19 10:24:07 - Tables created successfully
2025-12-19 10:24:08 - Tables created successfully
2025-12-19 10:24:08 - Tables created successfully
2025-12-19 10:24:43 - Tables created successfully
2025-12-19 10:24:54 - Tables created successfully
2025-12-19 10:25:11 - Tables created successfully
2025-12-19 10:25:12 - Tables created successfully
2025-12-19 10:25:12 - Tables created successfully
2025-12-19 10:25:12 - Tables created successfully
2025-12-19 10:25:14 - Tables created successfully
2025-12-19 10:25:19 - Tables created successfully
2025-12-19 10:26:11 - Tables created successfully
2025-12-19 10:31:18 - Tables created successfully
2025-12-19 10:31:27 - Tables created successfully
2025-12-19 10:31:27 - Tables created successfully
2025-12-19 10:31:29 - Tables created successfully
2025-12-19 10:31:29 - Tables created successfully
2025-12-19 10:31:30 - Tables created successfully
2025-12-19 10:31:31 - Tables created successfully
2025-12-19 10:31:32 - Tables created successfully
2025-12-19 10:31:33 - Tables created successfully
2025-12-19 10:31:52 - Tables created successfully
2025-12-19 10:32:01 - Tables created successfully
2025-12-19 10:32:14 - Tables created successfully
2025-12-19 10:32:15 - Tables created successfully
2025-12-19 10:32:17 - Tables created successfully
2025-12-19 10:32:26 - Tables created successfully
2025-12-19 10:32:26 - Tables created successfully
2025-12-19 10:32:29 - Tables created successfully
2025-12-19 10:32:31 - Tables created successfully
2025-12-19 10:32:32 - Tables created successfully
2025-12-19 10:36:03 - Tables created successfully
2025-12-19 10:40:33 - Tables created successfully
2025-12-19 10:40:44 - Tables created successfully
2025-12-19 10:40:48 - Tables created successfully
2025-12-19 10:51:51 - Tables created successfully
2025-12-19 10:51:52 - Tables created successfully
2025-12-19 11:02:28 - Tables created successfully
2025-12-19 11:02:30 - Tables created successfully
2025-12-19 11:03:14 - Tables created successfully
2025-12-19 11:03:32 - Tables created successfully
2025-12-19 11:03:37 - Tables created successfully
2025-12-19 11:04:01 - Tables created successfully
2025-12-19 11:04:24 - Tables created successfully
2025-12-19 11:04:26 - Tables created successfully
2025-12-19 11:05:20 - Tables created successfully
2025-12-19 11:05:24 - Tables created successfully
2025-12-19 11:05:27 - Tables created successfully
2025-12-19 11:05:27 - Tables created successfully
2025-12-19 11:05:29 - Tables created successfully
2025-12-19 11:05:29 - Tables created successfully
2025-12-19 11:05:29 - Tables created successfully
2025-12-19 11:05:29 - Tables created successfully
2025-12-19 11:05:29 - Tables created successfully
2025-12-19 11:05:29 - Tables created successfully
2025-12-19 11:05:30 - Tables created successfully
2025-12-19 11:05:30 - Tables created successfully
2025-12-19 11:05:30 - Tables created successfully
2025-12-19 11:05:30 - Tables created successfully
2025-12-19 11:05:31 - Tables created successfully
2025-12-19 11:05:31 - Tables created successfully
2025-12-19 11:05:31 - Tables created successfully
2025-12-19 11:05:31 - Tables created successfully
2025-12-19 11:05:32 - Tables created successfully
2025-12-19 11:05:32 - Tables created successfully
2025-12-19 11:05:32 - Tables created successfully
2025-12-19 11:05:32 - Tables created successfully
2025-12-19 11:05:33 - Tables created successfully
2025-12-19 11:05:35 - Tables created successfully
2025-12-19 11:05:35 - Tables created successfully
2025-12-19 11:05:39 - Tables created successfully
2025-12-19 11:05:39 - Tables created successfully
2025-12-19 11:05:42 - Tables created successfully
2025-12-19 11:05:43 - Tables created successfully
2025-12-19 11:05:44 - Tables created successfully
2025-12-19 11:05:45 - Tables created successfully
2025-12-19 11:05:49 - Tables created successfully
2025-12-19 11:06:00 - Tables created successfully
2025-12-19 11:06:02 - Tables created successfully
2025-12-19 11:06:03 - Tables created successfully
2025-12-19 11:06:13 - Tables created successfully
2025-12-19 11:06:25 - Tables created successfully
2025-12-19 11:06:40 - Tables created successfully
2025-12-19 11:06:41 - Tables created successfully
2025-12-19 11:06:43 - Tables created successfully
2025-12-19 11:08:02 - Tables created successfully
2025-12-19 11:08:03 - Tables created successfully
2025-12-19 11:08:05 - Tables created successfully
2025-12-19 11:08:48 - Tables created successfully
2025-12-19 11:08:52 - Tables created successfully
2025-12-19 11:12:04 - Tables created successfully
2025-12-19 11:12:04 - Tables created successfully
2025-12-19 11:13:56 - Tables created successfully
2025-12-19 11:14:28 - Tables created successfully
2025-12-19 11:16:07 - Tables created successfully
2025-12-19 11:16:43 - Tables created successfully
2025-12-19 11:17:00 - Tables created successfully
2025-12-19 11:17:21 - Tables created successfully
2025-12-19 11:52:27 - Tables created successfully
2025-12-19 11:53:24 - Tables created successfully
2025-12-19 11:53:26 - Tables created successfully
2025-12-19 11:53:26 - Tables created successfully
2025-12-19 11:53:27 - Tables created successfully
2025-12-19 11:53:28 - Tables created successfully
2025-12-19 11:53:30 - Tables created successfully
2025-12-19 11:53:44 - Tables created successfully
2025-12-19 11:53:45 - Tables created successfully
2025-12-19 11:53:50 - Tables created successfully
2025-12-19 11:53:52 - Tables created successfully
2025-12-19 11:53:53 - Tables created successfully
2025-12-19 11:53:54 - Tables created successfully
2025-12-19 11:53:57 - Tables created successfully
2025-12-19 11:53:57 - Tables created successfully
2025-12-19 11:53:59 - Tables created successfully
2025-12-19 11:54:00 - Tables created successfully
2025-12-19 11:54:02 - Tables created successfully
2025-12-19 11:54:05 - Tables created successfully
2025-12-19 11:54:05 - Tables created successfully
2025-12-19 11:54:06 - Tables created successfully
2025-12-19 11:57:29 - Tables created successfully
2025-12-19 11:57:33 - Tables created successfully
2025-12-19 11:57:35 - Tables created successfully
2025-12-19 11:57:35 - Tables created successfully
2025-12-19 11:57:39 - Tables created successfully
2025-12-19 11:57:43 - Tables created successfully
2025-12-19 11:57:43 - Tables created successfully
2025-12-19 11:57:45 - Tables created successfully
2025-12-19 11:57:49 - Tables created successfully
2025-12-19 11:57:51 - Tables created successfully
2025-12-19 12:00:13 - Tables created successfully
2025-12-19 12:16:12 - Tables created successfully
2025-12-19 12:16:14 - Tables created successfully
2025-12-19 12:16:17 - Tables created successfully
2025-12-19 12:19:59 - Tables created successfully
2025-12-19 12:20:04 - Tables created successfully
2025-12-19 12:20:20 - Tables created successfully
2025-12-19 12:20:24 - Tables created successfully
2025-12-19 12:20:31 - Tables created successfully
2025-12-19 12:24:29 - Tables created successfully
2025-12-19 12:24:29 - Tables created successfully
2025-12-19 12:25:42 - Tables created successfully
2025-12-19 12:25:55 - Tables created successfully
2025-12-19 12:37:29 - Tables created successfully
2025-12-19 12:37:48 - Tables created successfully
2025-12-19 12:37:49 - Tables created successfully
2025-12-19 12:37:50 - Tables created successfully
2025-12-19 12:38:03 - Tables created successfully
2025-12-19 12:38:04 - Tables created successfully
2025-12-19 12:38:05 - Tables created successfully
2025-12-19 12:38:18 - Tables created successfully
2025-12-19 12:38:23 - Tables created successfully
2025-12-19 12:38:44 - Tables created successfully
2025-12-19 12:38:59 - Tables created successfully
2025-12-19 12:39:02 - Tables created successfully
2025-12-19 12:39:13 - Tables created successfully
2025-12-19 12:39:15 - Tables created successfully
2025-12-19 12:39:16 - Tables created successfully
2025-12-19 12:39:16 - Tables created successfully
2025-12-19 12:39:16 - Tables created successfully
2025-12-19 12:39:17 - Tables created successfully
2025-12-19 12:39:18 - Tables created successfully
2025-12-19 12:39:19 - Tables created successfully
2025-12-19 12:39:19 - Tables created successfully
2025-12-19 12:39:21 - Tables created successfully
2025-12-19 12:39:26 - Tables created successfully
2025-12-19 12:39:28 - Tables created successfully
2025-12-19 12:39:45 - Tables created successfully
2025-12-19 12:39:48 - Tables created successfully
2025-12-19 12:39:49 - Tables created successfully
2025-12-19 12:40:01 - Tables created successfully
2025-12-19 12:40:02 - Tables created successfully
2025-12-19 12:40:35 - Tables created successfully
2025-12-19 12:40:40 - Tables created successfully
2025-12-19 12:40:43 - Tables created successfully
2025-12-19 12:41:34 - Tables created successfully
2025-12-19 12:41:49 - Tables created successfully
2025-12-19 12:41:51 - Tables created successfully
2025-12-19 12:41:52 - Tables created successfully
2025-12-19 12:42:00 - Tables created successfully
2025-12-19 13:02:21 - Tables created successfully
2025-12-19 13:05:30 - Tables created successfully
2025-12-19 13:05:36 - Tables created successfully
2025-12-19 13:05:38 - Tables created successfully
2025-12-19 13:05:40 - Tables created successfully
2025-12-19 13:10:45 - Tables created successfully
2025-12-19 13:10:50 - Tables created successfully
2025-12-19 13:10:54 - Tables created successfully
2025-12-19 13:10:55 - Tables created successfully
2025-12-19 13:10:55 - Tables created successfully
2025-12-19 13:10:56 - Tables created successfully
2025-12-19 13:10:56 - Tables created successfully
2025-12-19 13:10:57 - Tables created successfully
2025-12-19 13:11:00 - Tables created successfully
2025-12-19 13:11:00 - Tables created successfully
2025-12-19 13:11:02 - Tables created successfully
2025-12-19 13:11:02 - Tables created successfully
2025-12-19 13:11:03 - Tables created successfully
2025-12-19 13:12:25 - Tables created successfully
2025-12-19 13:12:26 - Tables created successfully
2025-12-19 13:12:27 - Tables created successfully
2025-12-19 13:12:29 - Tables created successfully
2025-12-19 13:12:30 - Tables created successfully
2025-12-19 14:13:47 - Tables created successfully
2025-12-19 14:16:43 - Tables created successfully
2025-12-19 14:16:44 - Tables created successfully
2025-12-19 14:17:07 - Tables created successfully
2025-12-19 14:17:10 - Tables created successfully
2025-12-19 14:17:10 - Tables created successfully
2025-12-19 14:17:12 - Tables created successfully
2025-12-19 14:17:12 - Tables created successfully
2025-12-19 14:17:13 - Tables created successfully
2025-12-19 14:17:13 - Tables created successfully
2025-12-19 14:17:15 - Tables created successfully
2025-12-19 14:17:15 - Tables created successfully
2025-12-19 14:17:17 - Tables created successfully
2025-12-19 14:17:17 - Tables created successfully
2025-12-19 14:17:32 - Tables created successfully
2025-12-19 14:17:36 - Tables created successfully
2025-12-19 14:17:39 - Tables created successfully
2025-12-19 14:17:46 - Tables created successfully
2025-12-19 14:17:49 - Tables created successfully
2025-12-19 14:18:12 - Tables created successfully
2025-12-19 14:18:12 - Tables created successfully
2025-12-19 14:18:14 - Tables created successfully
2025-12-19 14:18:19 - Tables created successfully
2025-12-19 14:18:19 - Tables created successfully
2025-12-19 14:18:19 - Tables created successfully
2025-12-19 14:18:27 - Tables created successfully
2025-12-19 14:18:28 - Tables created successfully
2025-12-19 14:18:43 - Tables created successfully
2025-12-19 14:20:24 - Tables created successfully
2025-12-19 14:20:37 - Tables created successfully
2025-12-19 14:20:40 - Tables created successfully
2025-12-19 14:20:42 - Tables created successfully
2025-12-19 14:20:42 - Tables created successfully
2025-12-19 14:20:42 - Tables created successfully
2025-12-19 14:20:43 - Tables created successfully
2025-12-19 14:20:58 - Tables created successfully
2025-12-19 14:21:01 - Tables created successfully
2025-12-19 14:21:11 - Tables created successfully
2025-12-19 14:21:17 - Tables created successfully
2025-12-19 14:21:19 - Tables created successfully
2025-12-19 14:21:21 - Tables created successfully
2025-12-19 14:23:51 - Tables created successfully
2025-12-19 14:23:52 - Tables created successfully
2025-12-19 14:24:02 - Tables created successfully
2025-12-19 14:27:28 - Tables created successfully
2025-12-19 14:27:30 - Tables created successfully
2025-12-19 14:27:30 - Tables created successfully
2025-12-19 14:27:31 - Tables created successfully
2025-12-19 14:27:32 - Tables created successfully
2025-12-19 14:27:34 - Tables created successfully
2025-12-19 14:28:59 - Tables created successfully
2025-12-19 14:29:00 - Tables created successfully
2025-12-19 14:29:02 - Tables created successfully
2025-12-19 14:29:05 - Tables created successfully
2025-12-19 14:29:10 - Tables created successfully
2025-12-19 14:29:11 - Tables created successfully
2025-12-19 14:29:54 - Tables created successfully
2025-12-19 14:29:57 - Tables created successfully
2025-12-19 14:29:57 - Tables created successfully
2025-12-19 14:30:00 - Tables created successfully
2025-12-19 14:32:18 - Tables created successfully
2025-12-19 14:32:38 - Tables created successfully
2025-12-19 14:32:39 - Tables created successfully
2025-12-19 14:32:47 - Tables created successfully
2025-12-19 14:32:49 - Tables created successfully
2025-12-19 14:32:50 - Tables created successfully
2025-12-19 14:32:53 - Tables created successfully
2025-12-19 14:32:53 - Tables created successfully
2025-12-19 14:33:28 - Tables created successfully
2025-12-19 14:33:35 - Tables created successfully
2025-12-19 14:33:35 - Tables created successfully
2025-12-19 14:33:37 - Tables created successfully
2025-12-19 14:33:43 - Tables created successfully
2025-12-19 14:33:43 - Tables created successfully
2025-12-19 14:33:45 - Tables created successfully
2025-12-19 14:33:48 - Tables created successfully
2025-12-19 14:35:21 - Tables created successfully
2025-12-19 14:35:31 - Tables created successfully
2025-12-19 14:35:33 - Tables created successfully
2025-12-19 14:35:35 - Tables created successfully
2025-12-19 14:35:45 - Tables created successfully
2025-12-19 14:35:46 - Tables created successfully
2025-12-19 14:36:53 - Tables created successfully
2025-12-19 14:36:59 - Tables created successfully
2025-12-19 14:37:14 - Tables created successfully
2025-12-19 14:37:18 - Tables created successfully
2025-12-19 14:37:20 - Tables created successfully
2025-12-19 14:39:20 - Tables created successfully
2025-12-19 14:39:21 - Tables created successfully
2025-12-19 14:42:22 - Tables created successfully
2025-12-19 14:42:46 - Tables created successfully
2025-12-19 14:42:50 - Tables created successfully
2025-12-19 14:45:34 - Tables created successfully
2025-12-19 14:45:37 - Tables created successfully
2025-12-19 14:45:39 - Tables created successfully
2025-12-19 14:45:40 - Tables created successfully
2025-12-19 14:45:42 - Tables created successfully
2025-12-19 14:46:05 - Tables created successfully
2025-12-19 14:46:17 - Tables created successfully
2025-12-19 14:47:07 - Tables created successfully
2025-12-19 14:47:29 - Tables created successfully
2025-12-19 14:47:32 - Tables created successfully
2025-12-19 14:47:34 - Tables created successfully
2025-12-19 14:47:36 - Tables created successfully
2025-12-19 14:48:02 - Tables created successfully
2025-12-19 14:48:22 - Tables created successfully
2025-12-19 14:48:31 - Tables created successfully
2025-12-19 14:48:33 - Tables created successfully
2025-12-19 14:48:35 - Tables created successfully
2025-12-19 14:48:36 - Tables created successfully
2025-12-19 14:48:39 - Tables created successfully
2025-12-19 14:48:51 - Tables created successfully
2025-12-19 14:48:57 - Tables created successfully
2025-12-19 14:48:58 - Tables created successfully
2025-12-19 14:57:09 - Tables created successfully
2025-12-19 14:57:09 - Tables created successfully
2025-12-19 14:57:10 - Tables created successfully
2025-12-19 14:57:12 - Tables created successfully
2025-12-19 14:57:12 - Tables created successfully
2025-12-19 14:57:12 - Tables created successfully
2025-12-19 14:57:12 - Tables created successfully
2025-12-19 14:57:27 - Tables created successfully
2025-12-19 14:57:34 - Tables created successfully
2025-12-19 14:57:34 - Tables created successfully
2025-12-19 14:58:57 - Tables created successfully
2025-12-19 14:58:58 - Tables created successfully
2025-12-19 14:58:59 - Tables created successfully
2025-12-19 14:59:03 - Tables created successfully
2025-12-19 15:04:04 - Tables created successfully
2025-12-19 15:09:05 - Tables created successfully
2025-12-19 15:14:06 - Tables created successfully
2025-12-19 15:19:07 - Tables created successfully
2025-12-19 15:22:34 - Tables created successfully
2025-12-19 15:22:53 - Tables created successfully
2025-12-19 15:22:54 - Tables created successfully
2025-12-19 15:22:55 - Tables created successfully
2025-12-19 15:23:05 - Tables created successfully
2025-12-19 15:23:24 - Tables created successfully
2025-12-19 15:24:08 - Tables created successfully
2025-12-19 15:24:44 - Tables created successfully
2025-12-19 15:26:50 - Tables created successfully
2025-12-19 15:27:01 - Tables created successfully
2025-12-19 15:27:17 - Tables created successfully
2025-12-19 15:27:18 - Tables created successfully
2025-12-19 15:27:18 - Tables created successfully
2025-12-19 15:27:26 - Tables created successfully
2025-12-19 15:27:26 - Tables created successfully
2025-12-19 15:27:30 - Tables created successfully
2025-12-19 15:28:05 - Tables created successfully
2025-12-19 15:29:09 - Tables created successfully
2025-12-19 15:29:39 - Tables created successfully
2025-12-19 15:29:39 - Form submission started - Array
(
    [fullName] => uma
    [nameWithInitials] => U M A
    [nicNo] => 1122336688990
    [telNo] => 0713466678
    [dob] => 2007-12-05
    [email] => uma@gmail.com
    [address] => ssaqw
    [occupation] => qa
    [employerName] => Kasun Dilshan
    [beneficiaryName] => Array
        (
            [0] => wq
        )

    [beneficiaryNIC] => Array
        (
            [0] => 112200998
        )

    [beneficiaryPercentage] => Array
        (
            [0] => 100
        )

    [years] => 2
    [signingDate] => 2025-12-19
    [accountNo] => 1111111111111
    [bank] => BOC
    [branch] => sas
    [declaration] => accepted
    [declarationDate] => 2025-12-19
)

2025-12-19 15:29:39 - Files received - Array
(
    [signatureUpload] => Array
        (
            [name] => ID_4.pdf
            [type] => application/pdf
            [tmp_name] => C:\xampp\tmp\phpAFC3.tmp
            [error] => 0
            [size] => 149739
        )

    [investorId] => Array
        (
            [name] => ID_4.pdf
            [type] => application/pdf
            [tmp_name] => C:\xampp\tmp\phpAFC4.tmp
            [error] => 0
            [size] => 149739
        )

    [beneficiaryId] => Array
        (
            [name] => ID_3.pdf
            [type] => application/pdf
            [tmp_name] => C:\xampp\tmp\phpAFD5.tmp
            [error] => 0
            [size] => 149739
        )

    [passbook] => Array
        (
            [name] => ID_1 (2).pdf
            [type] => application/pdf
            [tmp_name] => C:\xampp\tmp\phpAFD6.tmp
            [error] => 0
            [size] => 149739
        )

    [paymentSlip] => Array
        (
            [name] => Bank_Slip_1.pdf
            [type] => application/pdf
            [tmp_name] => C:\xampp\tmp\phpAFD7.tmp
            [error] => 0
            [size] => 150243
        )

    [finalSignature] => Array
        (
            [name] => ID_4.pdf
            [type] => application/pdf
            [tmp_name] => C:\xampp\tmp\phpAFE7.tmp
            [error] => 0
            [size] => 149739
        )

)

2025-12-19 15:29:39 - POST request received
2025-12-19 15:29:39 - Processing form data - Array
(
    [fullName] => uma
    [nameWithInitials] => U M A
    [nicNo] => 1122336688990
    [telNo] => 0713466678
    [dob] => 2007-12-05
    [email] => uma@gmail.com
    [address] => ssaqw
    [occupation] => qa
    [employerName] => Kasun Dilshan
    [beneficiaryName] => Array
        (
            [0] => wq
        )

    [beneficiaryNIC] => Array
        (
            [0] => 112200998
        )

    [beneficiaryPercentage] => Array
        (
            [0] => 100
        )

    [years] => 2
    [signingDate] => 2025-12-19
    [accountNo] => 1111111111111
    [bank] => BOC
    [branch] => sas
    [declaration] => accepted
    [declarationDate] => 2025-12-19
)

2025-12-19 15:29:39 - Attempting to upload file - Array
(
    [source] => C:\xampp\tmp\phpAFC3.tmp
    [destination] => C:\xampp\htdocs\eco-wealth-portal/uploads/6945220bb3fbf_1766138379_ID_4.pdf
    [file_size] => 149739
)

2025-12-19 15:29:39 - File uploaded successfully - 6945220bb3fbf_1766138379_ID_4.pdf
2025-12-19 15:29:39 - Attempting to upload file - Array
(
    [source] => C:\xampp\tmp\phpAFC4.tmp
    [destination] => C:\xampp\htdocs\eco-wealth-portal/uploads/6945220bb602e_1766138379_ID_4.pdf
    [file_size] => 149739
)

2025-12-19 15:29:39 - File uploaded successfully - 6945220bb602e_1766138379_ID_4.pdf
2025-12-19 15:29:39 - Attempting to upload file - Array
(
    [source] => C:\xampp\tmp\phpAFD5.tmp
    [destination] => C:\xampp\htdocs\eco-wealth-portal/uploads/6945220bb7105_1766138379_ID_3.pdf
    [file_size] => 149739
)

2025-12-19 15:29:39 - File uploaded successfully - 6945220bb7105_1766138379_ID_3.pdf
2025-12-19 15:29:39 - Attempting to upload file - Array
(
    [source] => C:\xampp\tmp\phpAFD6.tmp
    [destination] => C:\xampp\htdocs\eco-wealth-portal/uploads/6945220bb7c8a_1766138379_ID_1__2_.pdf
    [file_size] => 149739
)

2025-12-19 15:29:39 - File uploaded successfully - 6945220bb7c8a_1766138379_ID_1__2_.pdf
2025-12-19 15:29:39 - Attempting to upload file - Array
(
    [source] => C:\xampp\tmp\phpAFD7.tmp
    [destination] => C:\xampp\htdocs\eco-wealth-portal/uploads/6945220bb8896_1766138379_Bank_Slip_1.pdf
    [file_size] => 150243
)

2025-12-19 15:29:39 - File uploaded successfully - 6945220bb8896_1766138379_Bank_Slip_1.pdf
2025-12-19 15:29:39 - Attempting to upload file - Array
(
    [source] => C:\xampp\tmp\phpAFE7.tmp
    [destination] => C:\xampp\htdocs\eco-wealth-portal/uploads/6945220bb9a53_1766138379_ID_4.pdf
    [file_size] => 149739
)

2025-12-19 15:29:39 - File uploaded successfully - 6945220bb9a53_1766138379_ID_4.pdf
2025-12-19 15:29:39 - Investor inserted successfully - Array
(
    [id] => 13
)

2025-12-19 15:29:39 - Beneficiary inserted - Array
(
    [investor_id] => 13
    [name] => wq
)

2025-12-19 15:29:39 - Transaction committed successfully - Array
(
    [application_id] => 13
)

2025-12-19 15:29:41 - Email sending attempt - Array
(
    [sent] => 
    [to] => uma@gmail.com
)

2025-12-19 15:29:41 - Redirecting to submit.php - Array
(
    [application_id] => 13
)

2025-12-19 15:29:41 - Tables created successfully
2025-12-19 15:29:49 - Tables created successfully
2025-12-19 15:29:57 - Tables created successfully
2025-12-19 15:29:58 - Tables created successfully
2025-12-19 15:29:59 - Tables created successfully
2025-12-19 15:29:59 - Tables created successfully
2025-12-19 15:29:59 - Tables created successfully
2025-12-19 15:30:00 - Tables created successfully
2025-12-19 15:30:00 - Tables created successfully
2025-12-19 15:30:00 - Tables created successfully
2025-12-19 15:30:01 - Tables created successfully
2025-12-19 15:30:01 - Tables created successfully
2025-12-19 15:30:02 - Tables created successfully
2025-12-19 15:30:02 - Tables created successfully
2025-12-19 15:30:02 - Tables created successfully
2025-12-19 15:30:02 - Tables created successfully
2025-12-19 15:30:03 - Tables created successfully
2025-12-19 15:30:03 - Tables created successfully
2025-12-19 15:30:03 - Tables created successfully
2025-12-19 15:30:03 - Tables created successfully
2025-12-19 15:30:06 - Tables created successfully
2025-12-19 15:30:09 - Tables created successfully
2025-12-19 15:31:33 - Tables created successfully
2025-12-19 15:31:41 - Tables created successfully
2025-12-19 15:31:43 - Tables created successfully
2025-12-19 15:31:57 - Tables created successfully
2025-12-19 15:31:59 - Tables created successfully
2025-12-19 15:32:43 - Tables created successfully
2025-12-19 15:32:47 - Tables created successfully
2025-12-19 15:33:08 - Tables created successfully
2025-12-19 15:33:13 - Tables created successfully
2025-12-19 15:33:17 - Tables created successfully
2025-12-19 15:33:22 - Tables created successfully
2025-12-19 15:33:25 - Tables created successfully
2025-12-19 15:33:28 - Tables created successfully
2025-12-19 15:38:28 - Tables created successfully
2025-12-19 15:43:28 - Tables created successfully
2025-12-19 15:48:29 - Tables created successfully
2025-12-19 15:53:30 - Tables created successfully
2025-12-19 15:58:31 - Tables created successfully
2025-12-19 16:03:08 - Tables created successfully
2025-12-19 16:03:08 - Tables created successfully
2025-12-19 16:03:12 - Tables created successfully
2025-12-19 16:03:12 - Tables created successfully
2025-12-19 16:03:15 - Tables created successfully
2025-12-22 10:37:15 - Tables created successfully
2025-12-22 10:37:17 - Tables created successfully
2025-12-22 10:37:19 - Tables created successfully
2025-12-22 10:37:20 - Tables created successfully
2025-12-22 10:37:20 - Tables created successfully
2025-12-22 10:37:29 - Tables created successfully
2025-12-22 10:37:29 - Tables created successfully
2025-12-22 10:37:31 - Tables created successfully
2025-12-22 10:38:00 - Tables created successfully
2025-12-22 10:38:04 - Tables created successfully
2025-12-22 10:38:06 - Tables created successfully
2025-12-22 10:43:06 - Tables created successfully
2025-12-22 10:44:54 - Tables created successfully
2025-12-22 10:44:59 - Tables created successfully
2025-12-22 10:45:01 - Tables created successfully
2025-12-22 10:48:02 - Tables created successfully
2025-12-22 10:48:39 - Tables created successfully
2025-12-22 10:49:04 - Tables created successfully
2025-12-22 11:02:31 - Tables created successfully
2025-12-22 11:03:22 - Tables created successfully
2025-12-22 11:12:30 - Tables created successfully
2025-12-22 11:12:33 - Tables created successfully
2025-12-22 11:12:34 - Tables created successfully
2025-12-22 11:12:38 - Tables created successfully
2025-12-22 11:12:41 - Tables created successfully
2025-12-22 11:13:11 - Tables created successfully
2025-12-22 11:13:27 - Tables created successfully
2025-12-22 11:13:28 - Tables created successfully
2025-12-22 11:13:31 - Tables created successfully
2025-12-22 11:17:03 - Tables created successfully
2025-12-22 11:18:14 - Tables created successfully
2025-12-22 11:18:15 - Tables created successfully
2025-12-22 11:18:59 - Tables created successfully
2025-12-22 11:23:23 - Tables created successfully
2025-12-22 11:23:24 - Tables created successfully
2025-12-22 11:23:24 - Tables created successfully
2025-12-22 11:23:25 - Tables created successfully
2025-12-22 11:23:25 - Tables created successfully
2025-12-22 11:29:59 - Tables created successfully
2025-12-22 11:30:22 - Tables created successfully
2025-12-22 11:31:12 - Tables created successfully
2025-12-22 11:31:14 - Tables created successfully
2025-12-22 11:31:19 - Tables created successfully
2025-12-22 11:31:20 - Tables created successfully
2025-12-22 11:31:23 - Tables created successfully
2025-12-22 11:31:24 - Tables created successfully
2025-12-22 11:31:26 - Tables created successfully
2025-12-22 11:36:33 - Tables created successfully
2025-12-22 11:36:34 - Tables created successfully
2025-12-22 11:36:39 - Tables created successfully
2025-12-22 11:36:40 - Tables created successfully
2025-12-22 11:51:13 - Tables created successfully
2025-12-22 11:52:06 - Tables created successfully
2025-12-22 11:52:14 - Tables created successfully
2025-12-22 11:52:16 - Tables created successfully
2025-12-22 11:53:24 - Tables created successfully
2025-12-22 11:53:37 - Tables created successfully
2025-12-22 11:53:48 - Tables created successfully
2025-12-22 11:53:50 - Tables created successfully
2025-12-22 11:53:55 - Tables created successfully
2025-12-22 11:54:19 - Tables created successfully
2025-12-22 12:32:59 - Tables created successfully
2025-12-22 12:33:28 - Tables created successfully
2025-12-22 12:33:52 - Tables created successfully
2025-12-22 12:34:16 - Tables created successfully
2025-12-22 12:35:05 - Tables created successfully
2025-12-22 12:35:26 - Tables created successfully
2025-12-22 12:35:28 - Tables created successfully
2025-12-22 12:36:02 - Tables created successfully
2025-12-22 12:36:03 - Tables created successfully
2025-12-22 12:36:58 - Tables created successfully
2025-12-22 12:36:58 - Tables created successfully
2025-12-22 12:36:59 - Tables created successfully
2025-12-22 12:37:00 - Tables created successfully
2025-12-22 12:37:00 - Tables created successfully
2025-12-22 12:37:01 - Tables created successfully
2025-12-22 12:37:01 - Tables created successfully
2025-12-22 12:37:01 - Tables created successfully
2025-12-22 12:37:02 - Tables created successfully
2025-12-22 12:37:02 - Tables created successfully
2025-12-22 12:37:03 - Tables created successfully
2025-12-22 12:37:04 - Tables created successfully
2025-12-22 12:38:18 - Tables created successfully
2025-12-22 12:39:34 - Tables created successfully
2025-12-22 12:39:35 - Tables created successfully
2025-12-22 12:39:41 - Tables created successfully
2025-12-22 12:39:42 - Tables created successfully
2025-12-22 12:42:50 - Tables created successfully
2025-12-22 12:42:52 - Tables created successfully
2025-12-22 12:45:16 - Tables created successfully
2025-12-22 12:45:26 - Tables created successfully
2025-12-22 12:45:50 - Tables created successfully
2025-12-22 12:46:11 - Tables created successfully
2025-12-22 12:58:15 - Tables created successfully
2025-12-22 13:54:00 - Tables created successfully
2025-12-22 13:55:46 - Tables created successfully
2025-12-22 13:55:49 - Tables created successfully
2025-12-22 13:55:50 - Tables created successfully
2025-12-22 13:55:52 - Tables created successfully
2025-12-22 13:55:54 - Tables created successfully
2025-12-22 13:55:56 - Tables created successfully
2025-12-22 13:55:58 - Tables created successfully
2025-12-22 13:56:00 - Tables created successfully
2025-12-22 13:56:01 - Tables created successfully
2025-12-22 13:56:03 - Tables created successfully
2025-12-22 13:56:05 - Tables created successfully
2025-12-22 13:56:08 - Tables created successfully
2025-12-22 13:56:10 - Tables created successfully
2025-12-22 13:56:12 - Tables created successfully
2025-12-22 13:56:14 - Tables created successfully
2025-12-22 13:56:31 - Tables created successfully
2025-12-22 13:59:04 - Tables created successfully
2025-12-22 13:59:10 - Tables created successfully
2025-12-22 14:11:40 - Tables created successfully
2025-12-22 14:11:43 - Tables created successfully
2025-12-22 14:12:08 - Tables created successfully
2025-12-22 14:12:12 - Tables created successfully
2025-12-22 14:12:39 - Tables created successfully
2025-12-22 14:12:43 - Tables created successfully
2025-12-22 14:27:53 - Tables created successfully
2025-12-22 14:27:57 - Tables created successfully
2025-12-22 14:29:18 - Tables created successfully
2025-12-22 14:29:20 - Tables created successfully
2025-12-22 14:29:28 - Tables created successfully
2025-12-22 14:29:29 - Tables created successfully
2025-12-22 14:29:45 - Tables created successfully
2025-12-22 14:29:48 - Tables created successfully
2025-12-22 14:29:50 - Tables created successfully
2025-12-22 14:29:51 - Tables created successfully
2025-12-22 14:29:58 - Tables created successfully
2025-12-22 14:30:02 - Tables created successfully
2025-12-22 14:30:04 - Tables created successfully
2025-12-22 14:31:27 - Tables created successfully
2025-12-22 14:31:28 - Tables created successfully
2025-12-22 14:31:29 - Tables created successfully
2025-12-22 14:31:31 - Tables created successfully
2025-12-22 14:31:32 - Tables created successfully
2025-12-22 14:31:36 - Tables created successfully
2025-12-22 14:32:06 - Tables created successfully
2025-12-22 14:32:08 - Tables created successfully
2025-12-22 14:37:08 - Tables created successfully
2025-12-22 14:38:25 - Tables created successfully
2025-12-22 14:38:28 - Tables created successfully
2025-12-22 14:38:29 - Tables created successfully
2025-12-22 14:38:31 - Tables created successfully
2025-12-22 14:38:40 - Tables created successfully
2025-12-22 14:38:42 - Tables created successfully
2025-12-22 14:38:46 - Tables created successfully
2025-12-22 14:38:48 - Tables created successfully
2025-12-22 14:40:11 - Tables created successfully
2025-12-22 14:51:18 - Tables created successfully
2025-12-22 14:51:44 - Tables created successfully
2025-12-22 14:51:46 - Tables created successfully
2025-12-22 14:53:09 - Tables created successfully
2025-12-22 14:53:11 - Tables created successfully
2025-12-22 14:53:31 - Tables created successfully
2025-12-22 14:53:33 - Tables created successfully
2025-12-22 14:53:35 - Tables created successfully
2025-12-22 14:53:40 - Tables created successfully
2025-12-22 14:53:42 - Tables created successfully
2025-12-22 14:53:44 - Tables created successfully
2025-12-22 14:53:45 - Tables created successfully
2025-12-22 14:53:47 - Tables created successfully
2025-12-22 14:53:49 - Tables created successfully
2025-12-22 14:54:15 - Tables created successfully
2025-12-22 14:54:18 - Tables created successfully
2025-12-22 14:55:38 - Tables created successfully
2025-12-22 14:55:40 - Tables created successfully
2025-12-22 14:56:52 - Tables created successfully
2025-12-22 14:56:54 - Tables created successfully
2025-12-22 14:57:20 - Tables created successfully
2025-12-22 14:57:22 - Tables created successfully
2025-12-22 14:57:38 - Tables created successfully
2025-12-22 14:57:41 - Tables created successfully
2025-12-22 14:57:51 - Tables created successfully
2025-12-22 14:57:53 - Tables created successfully
2025-12-22 14:58:13 - Tables created successfully
2025-12-22 14:58:15 - Tables created successfully
2025-12-22 14:58:17 - Tables created successfully
2025-12-22 14:58:35 - Tables created successfully
2025-12-22 14:58:38 - Tables created successfully
2025-12-22 15:00:30 - Tables created successfully
2025-12-22 15:00:30 - Form submission started - Array
(
    [fullName] => KAWISHA
    [nameWithInitials] => K
    [nicNo] => 20011030400897
    [telNo] => 07124333561
    [dob] => 2007-12-22
    [email] => kawi@gmail.com
    [address] => kalawana
    [occupation] => asa
    [employerName] => kaiw
    [beneficiaryName] => Array
        (
            [0] => aaa
        )

    [beneficiaryNIC] => Array
        (
            [0] => 1111111111111111111
        )

    [beneficiaryPercentage] => Array
        (
            [0] => 100
        )

    [years] => 1
    [signingDate] => 2025-12-22
    [accountNo] => 121212121
    [bank] => BOC
    [branch] => Colombo
    [declaration] => accepted
    [declarationDate] => 2025-12-22
)

2025-12-22 15:00:30 - Files received - Array
(
    [signatureUpload] => Array
        (
            [name] => 693fac4d48b43_1765780557_ID_1__2_.pdf
            [type] => application/pdf
            [tmp_name] => C:\xampp\tmp\php98D5.tmp
            [error] => 0
            [size] => 149739
        )

    [investorId] => Array
        (
            [name] => ID_1 (2).pdf
            [type] => application/pdf
            [tmp_name] => C:\xampp\tmp\php98D6.tmp
            [error] => 0
            [size] => 149739
        )

    [beneficiaryId] => Array
        (
            [name] => ID_4.pdf
            [type] => application/pdf
            [tmp_name] => C:\xampp\tmp\php98D7.tmp
            [error] => 0
            [size] => 149739
        )

    [passbook] => Array
        (
            [name] => ID_1 (3).pdf
            [type] => application/pdf
            [tmp_name] => C:\xampp\tmp\php98D8.tmp
            [error] => 0
            [size] => 149739
        )

    [paymentSlip] => Array
        (
            [name] => Bank_Slip_3.pdf
            [type] => application/pdf
            [tmp_name] => C:\xampp\tmp\php98D9.tmp
            [error] => 0
            [size] => 149739
        )

    [finalSignature] => Array
        (
            [name] => ID_1 (2).pdf
            [type] => application/pdf
            [tmp_name] => C:\xampp\tmp\php98EA.tmp
            [error] => 0
            [size] => 149739
        )

)

2025-12-22 15:00:30 - POST request received
2025-12-22 15:00:30 - Processing form data - Array
(
    [fullName] => KAWISHA
    [nameWithInitials] => K
    [nicNo] => 20011030400897
    [telNo] => 07124333561
    [dob] => 2007-12-22
    [email] => kawi@gmail.com
    [address] => kalawana
    [occupation] => asa
    [employerName] => kaiw
    [beneficiaryName] => Array
        (
            [0] => aaa
        )

    [beneficiaryNIC] => Array
        (
            [0] => 1111111111111111111
        )

    [beneficiaryPercentage] => Array
        (
            [0] => 100
        )

    [years] => 1
    [signingDate] => 2025-12-22
    [accountNo] => 121212121
    [bank] => BOC
    [branch] => Colombo
    [declaration] => accepted
    [declarationDate] => 2025-12-22
)

2025-12-22 15:00:30 - Attempting to upload file - Array
(
    [source] => C:\xampp\tmp\php98D5.tmp
    [destination] => C:\xampp\htdocs\eco-wealth-portal/uploads/69490fb60bd0f_1766395830_693fac4d48b43_1765780557_ID_1__2_.pdf
    [file_size] => 149739
)

2025-12-22 15:00:30 - File uploaded successfully - 69490fb60bd0f_1766395830_693fac4d48b43_1765780557_ID_1__2_.pdf
2025-12-22 15:00:30 - Attempting to upload file - Array
(
    [source] => C:\xampp\tmp\php98D6.tmp
    [destination] => C:\xampp\htdocs\eco-wealth-portal/uploads/69490fb60c075_1766395830_ID_1__2_.pdf
    [file_size] => 149739
)

2025-12-22 15:00:30 - File uploaded successfully - 69490fb60c075_1766395830_ID_1__2_.pdf
2025-12-22 15:00:30 - Attempting to upload file - Array
(
    [source] => C:\xampp\tmp\php98D7.tmp
    [destination] => C:\xampp\htdocs\eco-wealth-portal/uploads/69490fb60c34c_1766395830_ID_4.pdf
    [file_size] => 149739
)

2025-12-22 15:00:30 - File uploaded successfully - 69490fb60c34c_1766395830_ID_4.pdf
2025-12-22 15:00:30 - Attempting to upload file - Array
(
    [source] => C:\xampp\tmp\php98D8.tmp
    [destination] => C:\xampp\htdocs\eco-wealth-portal/uploads/69490fb60c625_1766395830_ID_1__3_.pdf
    [file_size] => 149739
)

2025-12-22 15:00:30 - File uploaded successfully - 69490fb60c625_1766395830_ID_1__3_.pdf
2025-12-22 15:00:30 - Attempting to upload file - Array
(
    [source] => C:\xampp\tmp\php98D9.tmp
    [destination] => C:\xampp\htdocs\eco-wealth-portal/uploads/69490fb60c912_1766395830_Bank_Slip_3.pdf
    [file_size] => 149739
)

2025-12-22 15:00:30 - File uploaded successfully - 69490fb60c912_1766395830_Bank_Slip_3.pdf
2025-12-22 15:00:30 - Attempting to upload file - Array
(
    [source] => C:\xampp\tmp\php98EA.tmp
    [destination] => C:\xampp\htdocs\eco-wealth-portal/uploads/69490fb60d6b9_1766395830_ID_1__2_.pdf
    [file_size] => 149739
)

2025-12-22 15:00:30 - File uploaded successfully - 69490fb60d6b9_1766395830_ID_1__2_.pdf
2025-12-22 15:00:30 - Investor inserted successfully - Array
(
    [id] => 14
)

2025-12-22 15:00:30 - Beneficiary inserted - Array
(
    [investor_id] => 14
    [name] => aaa
)

2025-12-22 15:00:30 - Transaction committed successfully - Array
(
    [application_id] => 14
)

2025-12-22 15:00:32 - Email sending attempt - Array
(
    [sent] => 
    [to] => kawi@gmail.com
)

2025-12-22 15:00:32 - Redirecting to submit.php - Array
(
    [application_id] => 14
)

2025-12-22 15:00:32 - Tables created successfully
2025-12-22 15:00:37 - Tables created successfully
2025-12-22 15:00:39 - Tables created successfully
2025-12-22 15:00:41 - Tables created successfully
2025-12-22 15:00:43 - Tables created successfully
2025-12-22 15:00:53 - Tables created successfully
2025-12-22 15:01:13 - Tables created successfully
2025-12-22 15:01:16 - Tables created successfully
2025-12-22 15:01:18 - Tables created successfully
2025-12-22 15:02:00 - Tables created successfully
2025-12-22 15:02:02 - Tables created successfully
2025-12-22 15:02:04 - Tables created successfully
2025-12-22 15:02:23 - Tables created successfully
2025-12-22 15:02:29 - Tables created successfully
2025-12-22 15:02:31 - Tables created successfully
2025-12-22 15:02:33 - Tables created successfully
2025-12-22 15:02:51 - Tables created successfully
2025-12-22 15:02:53 - Tables created successfully
2025-12-22 15:03:11 - Tables created successfully
2025-12-22 15:03:17 - Tables created successfully
2025-12-22 15:03:27 - Tables created successfully
2025-12-22 15:04:01 - Tables created successfully
2025-12-22 15:04:06 - Tables created successfully
2025-12-22 15:04:08 - Tables created successfully
2025-12-22 15:04:10 - Tables created successfully
2025-12-22 15:05:14 - Tables created successfully
2025-12-22 15:05:28 - Tables created successfully
2025-12-22 15:05:35 - Tables created successfully
2025-12-22 15:05:35 - Tables created successfully
2025-12-22 15:05:38 - Tables created successfully
2025-12-22 15:05:43 - Tables created successfully
2025-12-22 15:05:44 - Tables created successfully
2025-12-22 15:05:46 - Tables created successfully
2025-12-22 15:05:48 - Tables created successfully
2025-12-22 15:25:59 - Tables created successfully
2025-12-22 15:26:10 - Tables created successfully
2025-12-22 15:26:11 - Tables created successfully
2025-12-22 15:26:13 - Tables created successfully
2025-12-22 15:26:14 - Tables created successfully
2025-12-22 15:26:16 - Tables created successfully
2025-12-22 15:31:14 - Tables created successfully
2025-12-22 15:35:28 - Tables created successfully
2025-12-22 15:35:44 - Tables created successfully
2025-12-22 15:36:17 - Tables created successfully
2025-12-22 15:36:29 - Tables created successfully
2025-12-22 15:36:37 - Tables created successfully
2025-12-22 15:36:39 - Tables created successfully
2025-12-22 15:36:41 - Tables created successfully
2025-12-22 15:37:00 - Tables created successfully
2025-12-22 15:37:27 - Tables created successfully
2025-12-22 15:37:28 - Tables created successfully
2025-12-22 15:37:30 - Tables created successfully
2025-12-22 15:37:31 - Tables created successfully
2025-12-22 15:37:31 - Tables created successfully
2025-12-22 15:37:33 - Tables created successfully
2025-12-22 15:37:34 - Tables created successfully
2025-12-22 15:37:39 - Tables created successfully
2025-12-22 15:37:42 - Tables created successfully
2025-12-22 15:37:42 - Tables created successfully
2025-12-22 15:37:43 - Tables created successfully
2025-12-22 15:37:47 - Tables created successfully
2025-12-22 15:37:49 - Tables created successfully
2025-12-22 15:37:51 - Tables created successfully
2025-12-22 15:37:53 - Tables created successfully
2025-12-22 15:38:05 - Tables created successfully
2025-12-22 15:38:06 - Tables created successfully
2025-12-22 15:38:07 - Tables created successfully
2025-12-22 15:38:47 - Tables created successfully
2025-12-22 15:39:03 - Tables created successfully
2025-12-22 15:39:16 - Tables created successfully
2025-12-22 15:39:20 - Tables created successfully
2025-12-22 15:39:21 - Tables created successfully
2025-12-22 15:39:23 - Tables created successfully
2025-12-22 15:39:24 - Tables created successfully
2025-12-22 15:39:30 - Tables created successfully
2025-12-22 15:39:31 - Tables created successfully
2025-12-22 15:40:03 - Tables created successfully
2025-12-22 15:40:04 - Tables created successfully
2025-12-22 15:40:06 - Tables created successfully
2025-12-22 15:40:07 - Tables created successfully
2025-12-22 15:40:08 - Tables created successfully
2025-12-22 15:41:46 - Tables created successfully
2025-12-22 15:41:46 - Tables created successfully
2025-12-22 15:41:46 - Tables created successfully
2025-12-22 15:41:47 - Tables created successfully
2025-12-22 15:41:47 - Tables created successfully
2025-12-22 15:57:42 - Tables created successfully
2025-12-22 15:57:55 - Tables created successfully
2025-12-22 15:57:57 - Tables created successfully
2025-12-22 15:59:59 - Tables created successfully
2025-12-22 16:00:02 - Tables created successfully
2025-12-22 16:00:04 - Tables created successfully
2025-12-22 16:00:06 - Tables created successfully
2025-12-22 16:00:08 - Tables created successfully
2025-12-22 16:00:25 - Tables created successfully
2025-12-22 16:00:29 - Tables created successfully
2025-12-22 16:00:30 - Tables created successfully
2025-12-22 16:05:30 - Tables created successfully
2025-12-22 16:10:23 - Tables created successfully
2025-12-22 16:11:01 - Tables created successfully
2025-12-22 16:16:02 - Tables created successfully
2025-12-22 16:21:03 - Tables created successfully
2025-12-22 16:26:04 - Tables created successfully
2025-12-22 16:31:05 - Tables created successfully
2025-12-22 16:36:06 - Tables created successfully
2025-12-22 16:41:07 - Tables created successfully
2025-12-22 16:46:08 - Tables created successfully
2025-12-23 09:27:48 - Tables created successfully
2025-12-23 09:27:53 - Tables created successfully
2025-12-23 09:27:53 - Tables created successfully
2025-12-23 09:28:01 - Tables created successfully
2025-12-23 09:28:01 - Tables created successfully
2025-12-23 09:28:03 - Tables created successfully
2025-12-23 09:28:07 - Tables created successfully
2025-12-23 09:28:09 - Tables created successfully
2025-12-23 09:28:11 - Tables created successfully
2025-12-23 09:50:38 - Tables created successfully
2025-12-23 09:55:39 - Tables created successfully
2025-12-23 10:00:40 - Tables created successfully
2025-12-23 10:05:41 - Tables created successfully
2025-12-23 10:10:42 - Tables created successfully
2025-12-23 10:15:01 - Tables created successfully
2025-12-23 10:15:18 - Tables created successfully
2025-12-23 10:15:27 - Tables created successfully
2025-12-23 10:15:27 - Tables created successfully
2025-12-23 10:20:28 - Tables created successfully
2025-12-23 10:25:29 - Tables created successfully
2025-12-23 10:30:30 - Tables created successfully
2025-12-23 10:33:35 - Tables created successfully
2025-12-23 10:33:42 - Tables created successfully
2025-12-23 10:33:49 - Tables created successfully
2025-12-23 10:33:49 - Tables created successfully
2025-12-23 10:33:51 - Tables created successfully
2025-12-23 14:53:07 - Tables created successfully
2025-12-23 14:53:07 - Tables created successfully
2025-12-23 14:53:08 - Tables created successfully
2025-12-23 14:53:08 - Tables created successfully
2025-12-23 14:53:10 - Tables created successfully
2025-12-23 14:53:11 - Tables created successfully
2025-12-23 14:53:14 - Tables created successfully
2025-12-23 14:53:14 - Tables created successfully
2025-12-23 14:53:16 - Tables created successfully
2025-12-23 14:53:19 - Tables created successfully
2025-12-23 14:53:27 - Tables created successfully
2025-12-23 14:53:29 - Tables created successfully
2025-12-23 14:53:30 - Tables created successfully
2025-12-23 14:53:46 - Tables created successfully
2025-12-23 14:53:53 - Tables created successfully
2025-12-23 14:53:53 - Tables created successfully
2025-12-23 14:53:55 - Tables created successfully
2025-12-23 14:53:58 - Tables created successfully
2025-12-23 14:53:59 - Tables created successfully
2025-12-23 14:54:01 - Tables created successfully
2025-12-23 14:54:04 - Tables created successfully
2025-12-23 14:54:06 - Tables created successfully
2025-12-23 14:54:07 - Tables created successfully
2025-12-23 14:54:10 - Tables created successfully
2025-12-23 14:54:49 - Tables created successfully
2025-12-23 14:56:25 - Tables created successfully
2025-12-23 14:56:25 - Form submission started - Array
(
    [fullName] => hesanthi
    [nameWithInitials] => HE
    [nicNo] => 221121112
    [telNo] => 1009019221
    [dob] => 2007-12-23
    [email] => hes@gmail.com
    [address] => qq
    [occupation] => aa
    [employerName] => Kasun Dilshan
    [beneficiaryName] => Array
        (
            [0] => 1
        )

    [beneficiaryNIC] => Array
        (
            [0] => 11112121
        )

    [beneficiaryPercentage] => Array
        (
            [0] => 100
        )

    [years] => 1
    [signingDate] => 2025-12-23
    [accountNo] => 1121
    [bank] => BOC
    [branch] => Colombo
    [declaration] => accepted
    [declarationDate] => 2025-12-23
)

2025-12-23 14:56:25 - Files received - Array
(
    [signatureUpload] => Array
        (
            [name] => 693fac4d48b43_1765780557_ID_1__2_.pdf
            [type] => application/pdf
            [tmp_name] => C:\xampp\tmp\phpBD86.tmp
            [error] => 0
            [size] => 149739
        )

    [investorId] => Array
        (
            [name] => ID_1 (2).pdf
            [type] => application/pdf
            [tmp_name] => C:\xampp\tmp\phpBD97.tmp
            [error] => 0
            [size] => 149739
        )

    [beneficiaryId] => Array
        (
            [name] => Bank_Slip_3.pdf
            [type] => application/pdf
            [tmp_name] => C:\xampp\tmp\phpBD98.tmp
            [error] => 0
            [size] => 149739
        )

    [passbook] => Array
        (
            [name] => ID_4.pdf
            [type] => application/pdf
            [tmp_name] => C:\xampp\tmp\phpBD99.tmp
            [error] => 0
            [size] => 149739
        )

    [paymentSlip] => Array
        (
            [name] => ID_3.pdf
            [type] => application/pdf
            [tmp_name] => C:\xampp\tmp\phpBDA9.tmp
            [error] => 0
            [size] => 149739
        )

    [finalSignature] => Array
        (
            [name] => ID_1 (2).pdf
            [type] => application/pdf
            [tmp_name] => C:\xampp\tmp\phpBDAA.tmp
            [error] => 0
            [size] => 149739
        )

)

2025-12-23 14:56:25 - POST request received
2025-12-23 14:56:25 - Processing form data - Array
(
    [fullName] => hesanthi
    [nameWithInitials] => HE
    [nicNo] => 221121112
    [telNo] => 1009019221
    [dob] => 2007-12-23
    [email] => hes@gmail.com
    [address] => qq
    [occupation] => aa
    [employerName] => Kasun Dilshan
    [beneficiaryName] => Array
        (
            [0] => 1
        )

    [beneficiaryNIC] => Array
        (
            [0] => 11112121
        )

    [beneficiaryPercentage] => Array
        (
            [0] => 100
        )

    [years] => 1
    [signingDate] => 2025-12-23
    [accountNo] => 1121
    [bank] => BOC
    [branch] => Colombo
    [declaration] => accepted
    [declarationDate] => 2025-12-23
)

2025-12-23 14:56:25 - Attempting to upload file - Array
(
    [source] => C:\xampp\tmp\phpBD86.tmp
    [destination] => C:\xampp\htdocs\eco-wealth-portal/uploads/694a6041a4ed7_1766481985_693fac4d48b43_1765780557_ID_1__2_.pdf
    [file_size] => 149739
)

2025-12-23 14:56:25 - File uploaded successfully - 694a6041a4ed7_1766481985_693fac4d48b43_1765780557_ID_1__2_.pdf
2025-12-23 14:56:25 - Attempting to upload file - Array
(
    [source] => C:\xampp\tmp\phpBD97.tmp
    [destination] => C:\xampp\htdocs\eco-wealth-portal/uploads/694a6041a53af_1766481985_ID_1__2_.pdf
    [file_size] => 149739
)

2025-12-23 14:56:25 - File uploaded successfully - 694a6041a53af_1766481985_ID_1__2_.pdf
2025-12-23 14:56:25 - Attempting to upload file - Array
(
    [source] => C:\xampp\tmp\phpBD98.tmp
    [destination] => C:\xampp\htdocs\eco-wealth-portal/uploads/694a6041a5810_1766481985_Bank_Slip_3.pdf
    [file_size] => 149739
)

2025-12-23 14:56:25 - File uploaded successfully - 694a6041a5810_1766481985_Bank_Slip_3.pdf
2025-12-23 14:56:25 - Attempting to upload file - Array
(
    [source] => C:\xampp\tmp\phpBD99.tmp
    [destination] => C:\xampp\htdocs\eco-wealth-portal/uploads/694a6041a5c72_1766481985_ID_4.pdf
    [file_size] => 149739
)

2025-12-23 14:56:25 - File uploaded successfully - 694a6041a5c72_1766481985_ID_4.pdf
2025-12-23 14:56:25 - Attempting to upload file - Array
(
    [source] => C:\xampp\tmp\phpBDA9.tmp
    [destination] => C:\xampp\htdocs\eco-wealth-portal/uploads/694a6041a620f_1766481985_ID_3.pdf
    [file_size] => 149739
)

2025-12-23 14:56:25 - File uploaded successfully - 694a6041a620f_1766481985_ID_3.pdf
2025-12-23 14:56:25 - Attempting to upload file - Array
(
    [source] => C:\xampp\tmp\phpBDAA.tmp
    [destination] => C:\xampp\htdocs\eco-wealth-portal/uploads/694a6041a66a1_1766481985_ID_1__2_.pdf
    [file_size] => 149739
)

2025-12-23 14:56:25 - File uploaded successfully - 694a6041a66a1_1766481985_ID_1__2_.pdf
2025-12-23 14:56:25 - Investor inserted successfully - Array
(
    [id] => 15
)

2025-12-23 14:56:25 - Beneficiary inserted - Array
(
    [investor_id] => 15
    [name] => 1
)

2025-12-23 14:56:25 - Transaction committed successfully - Array
(
    [application_id] => 15
)

2025-12-23 14:56:27 - Email sending attempt - Array
(
    [sent] => 
    [to] => hes@gmail.com
)

2025-12-23 14:56:27 - Redirecting to submit.php - Array
(
    [application_id] => 15
)

2025-12-23 14:56:27 - Tables created successfully
2025-12-23 14:56:39 - Tables created successfully
2025-12-23 14:56:51 - Tables created successfully
2025-12-23 14:56:52 - Tables created successfully
2025-12-23 14:56:54 - Tables created successfully
2025-12-23 14:56:56 - Tables created successfully
2025-12-23 14:57:12 - Tables created successfully
2025-12-23 14:57:27 - Tables created successfully
2025-12-23 14:57:29 - Tables created successfully
2025-12-23 14:57:31 - Tables created successfully
2025-12-23 14:57:40 - Tables created successfully
2025-12-23 14:57:42 - Tables created successfully
2025-12-23 14:57:44 - Tables created successfully
2025-12-23 14:57:49 - Tables created successfully
2025-12-23 14:57:51 - Tables created successfully
2025-12-23 14:57:53 - Tables created successfully
2025-12-23 14:58:08 - Tables created successfully
2025-12-23 15:03:09 - Tables created successfully
2025-12-23 15:08:09 - Tables created successfully
2025-12-23 15:12:47 - Tables created successfully
2025-12-23 15:12:49 - Tables created successfully
2025-12-23 15:12:57 - Tables created successfully
2025-12-23 15:13:25 - Tables created successfully
2025-12-23 15:18:25 - Tables created successfully
2025-12-23 15:23:25 - Tables created successfully
2025-12-23 15:28:25 - Tables created successfully
2025-12-23 15:33:25 - Tables created successfully
2025-12-23 15:38:25 - Tables created successfully
2025-12-23 15:43:26 - Tables created successfully
2025-12-23 15:48:27 - Tables created successfully
2025-12-23 15:48:43 - Tables created successfully
2025-12-23 15:48:44 - Tables created successfully
2025-12-23 15:48:45 - Tables created successfully
2025-12-23 15:48:46 - Tables created successfully
2025-12-23 15:48:50 - Tables created successfully
2025-12-23 15:49:49 - Tables created successfully
2025-12-23 15:50:39 - Tables created successfully
2025-12-23 15:50:42 - Tables created successfully
2025-12-23 15:50:43 - Tables created successfully
2025-12-23 16:35:06 - Tables created successfully
2025-12-23 16:35:07 - Tables created successfully
2025-12-23 16:35:43 - Tables created successfully
2025-12-23 16:35:43 - Tables created successfully
2025-12-23 16:36:01 - Tables created successfully
2025-12-23 16:36:01 - Tables created successfully
2025-12-23 16:36:02 - Tables created successfully
2025-12-23 16:36:03 - Tables created successfully
2025-12-23 16:36:04 - Tables created successfully
2025-12-23 16:36:04 - Tables created successfully
2025-12-23 16:36:05 - Tables created successfully
2025-12-23 16:36:05 - Tables created successfully
2025-12-23 16:36:08 - Tables created successfully
2025-12-23 16:36:25 - Tables created successfully
2025-12-23 16:36:25 - Tables created successfully
2025-12-23 16:36:33 - Tables created successfully
2025-12-23 16:36:33 - Tables created successfully
2025-12-23 16:36:35 - Tables created successfully
2025-12-23 16:36:35 - Tables created successfully
2025-12-23 16:36:48 - Tables created successfully
2025-12-23 16:36:56 - Tables created successfully
2025-12-23 16:36:56 - Tables created successfully
2025-12-23 16:36:58 - Tables created successfully
2025-12-29 10:10:23 - Tables created successfully
2025-12-29 10:10:26 - Tables created successfully
2025-12-29 10:10:26 - Tables created successfully
2025-12-29 10:10:26 - Tables created successfully
2025-12-29 10:10:36 - Tables created successfully
2025-12-29 10:10:36 - Tables created successfully
2025-12-29 10:10:39 - Tables created successfully
2025-12-29 10:10:46 - Tables created successfully
2025-12-29 10:10:53 - Tables created successfully
2025-12-29 10:10:54 - Tables created successfully
2025-12-29 10:10:54 - Tables created successfully
2025-12-29 10:11:01 - Tables created successfully
2025-12-29 10:11:01 - Tables created successfully
2025-12-29 10:11:04 - Tables created successfully
2025-12-29 10:11:04 - Tables created successfully
2025-12-29 10:11:13 - Tables created successfully
2025-12-29 10:11:13 - Tables created successfully
2025-12-29 10:11:15 - Tables created successfully
2025-12-29 10:11:15 - Tables created successfully
2025-12-29 10:11:23 - Tables created successfully
2025-12-29 10:11:23 - Tables created successfully
2025-12-29 10:11:25 - Tables created successfully
2025-12-29 10:11:27 - Tables created successfully
2025-12-29 10:11:28 - Tables created successfully
2025-12-29 10:11:28 - Tables created successfully
2025-12-29 10:11:53 - Tables created successfully
2025-12-29 10:11:55 - Tables created successfully
2025-12-29 10:11:56 - Tables created successfully
2025-12-29 10:11:56 - Tables created successfully
2025-12-29 10:11:57 - Tables created successfully
2025-12-29 10:12:01 - Tables created successfully
2025-12-29 10:12:02 - Tables created successfully
2025-12-29 10:12:03 - Tables created successfully
2025-12-29 10:12:03 - Tables created successfully
2025-12-29 10:12:29 - Tables created successfully
2025-12-29 10:12:30 - Tables created successfully
2025-12-29 10:12:43 - Tables created successfully
2025-12-29 10:13:08 - Tables created successfully
2025-12-29 10:13:09 - Tables created successfully
2025-12-29 10:13:10 - Tables created successfully
2025-12-29 10:13:12 - Tables created successfully
2025-12-29 10:13:12 - Tables created successfully
2025-12-29 10:13:15 - Tables created successfully
2025-12-29 10:13:21 - Tables created successfully
2025-12-29 10:13:23 - Tables created successfully
2025-12-29 10:13:23 - Tables created successfully
2025-12-29 10:18:24 - Tables created successfully
2025-12-29 10:23:25 - Tables created successfully
2025-12-29 10:28:26 - Tables created successfully
2025-12-29 10:33:27 - Tables created successfully
2025-12-29 10:38:28 - Tables created successfully
2025-12-29 10:43:29 - Tables created successfully
2025-12-29 10:48:30 - Tables created successfully
2025-12-29 10:53:31 - Tables created successfully
2025-12-29 10:58:32 - Tables created successfully
2025-12-29 11:03:33 - Tables created successfully
2025-12-29 11:08:34 - Tables created successfully
2025-12-29 11:13:35 - Tables created successfully
2025-12-29 11:18:36 - Tables created successfully
2025-12-29 11:23:37 - Tables created successfully
2025-12-29 11:28:38 - Tables created successfully
2025-12-29 11:32:53 - Tables created successfully
2025-12-29 11:32:54 - Tables created successfully
2025-12-29 11:32:55 - Tables created successfully
2025-12-29 11:32:57 - Tables created successfully
2025-12-29 11:32:58 - Tables created successfully
2025-12-29 11:32:59 - Tables created successfully
2025-12-29 11:33:00 - Tables created successfully
2025-12-29 11:33:02 - Tables created successfully
2025-12-29 11:33:04 - Tables created successfully
2025-12-29 11:34:47 - Tables created successfully
2025-12-29 11:39:48 - Tables created successfully
2025-12-29 11:44:49 - Tables created successfully
2025-12-29 11:49:50 - Tables created successfully
2025-12-29 11:54:51 - Tables created successfully
2025-12-29 11:59:52 - Tables created successfully
2025-12-29 12:04:53 - Tables created successfully
2025-12-29 12:09:54 - Tables created successfully
2025-12-29 12:14:56 - Tables created successfully
2025-12-29 12:19:57 - Tables created successfully
2025-12-29 12:24:57 - Tables created successfully
2025-12-29 12:29:57 - Tables created successfully
2025-12-29 12:34:57 - Tables created successfully
2025-12-29 12:39:57 - Tables created successfully
2025-12-29 12:44:58 - Tables created successfully
2025-12-29 12:49:59 - Tables created successfully
2025-12-29 12:55:00 - Tables created successfully
2025-12-29 13:00:01 - Tables created successfully
2025-12-29 13:05:02 - Tables created successfully
2025-12-29 13:10:03 - Tables created successfully
2025-12-29 13:15:04 - Tables created successfully
2025-12-29 13:20:05 - Tables created successfully
2025-12-29 13:25:06 - Tables created successfully
2025-12-29 13:30:06 - Tables created successfully
2025-12-29 13:35:07 - Tables created successfully
2025-12-29 13:40:08 - Tables created successfully
2025-12-30 14:38:59 - Tables created successfully
2025-12-30 14:39:02 - Tables created successfully
2025-12-30 14:39:03 - Tables created successfully
2025-12-30 14:39:04 - Tables created successfully
2025-12-30 14:39:23 - Tables created successfully
2025-12-30 14:50:49 - Tables created successfully
2025-12-30 14:51:45 - Tables created successfully
2025-12-30 14:51:47 - Tables created successfully
2025-12-30 14:51:48 - Tables created successfully
2025-12-30 14:52:04 - Tables created successfully
2025-12-30 14:52:04 - Tables created successfully
2025-12-30 14:52:13 - Tables created successfully
2025-12-30 14:52:13 - Tables created successfully
2025-12-30 14:52:17 - Tables created successfully
2025-12-30 14:52:20 - Tables created successfully
2025-12-30 14:52:20 - Tables created successfully
2025-12-30 14:55:17 - Tables created successfully
2025-12-30 14:57:05 - Tables created successfully
2025-12-30 14:57:11 - Tables created successfully
2025-12-30 14:57:14 - Tables created successfully
2025-12-30 14:57:14 - Tables created successfully
2025-12-30 14:57:16 - Tables created successfully
2025-12-30 14:57:16 - Tables created successfully
2025-12-30 14:57:18 - Tables created successfully
2025-12-30 14:57:18 - Tables created successfully
2025-12-30 14:57:22 - Tables created successfully
2025-12-30 14:57:22 - Tables created successfully
2025-12-30 14:58:51 - Tables created successfully
2025-12-30 14:58:51 - Tables created successfully
2025-12-30 14:58:57 - Tables created successfully
2025-12-30 14:59:00 - Tables created successfully
2025-12-30 14:59:06 - Tables created successfully
2025-12-30 14:59:16 - Tables created successfully
2025-12-30 14:59:16 - Tables created successfully
2025-12-30 14:59:19 - Tables created successfully
2025-12-30 15:00:59 - Tables created successfully
2025-12-30 15:01:02 - Tables created successfully
2025-12-30 15:01:08 - Tables created successfully
2025-12-30 15:05:06 - Tables created successfully
2025-12-30 15:05:07 - Tables created successfully
2025-12-30 15:06:18 - Tables created successfully
2025-12-30 15:06:18 - Tables created successfully
2025-12-30 15:07:40 - Tables created successfully
2025-12-30 15:07:48 - Tables created successfully
2025-12-30 15:07:50 - Tables created successfully
2025-12-30 15:07:56 - Tables created successfully
2025-12-30 15:08:44 - Tables created successfully
2025-12-30 15:08:49 - Tables created successfully
2025-12-30 15:08:51 - Tables created successfully
2025-12-30 15:08:58 - Tables created successfully
2025-12-30 15:08:58 - Tables created successfully
2025-12-30 15:09:08 - Tables created successfully
2025-12-30 15:09:09 - Tables created successfully
2025-12-30 15:09:13 - Tables created successfully
2025-12-30 15:36:28 - Tables created successfully
2025-12-30 15:37:59 - Tables created successfully
2025-12-30 15:38:24 - Tables created successfully
2025-12-30 15:38:24 - Tables created successfully
2025-12-30 15:38:32 - Tables created successfully
2025-12-30 15:38:43 - Tables created successfully
2025-12-30 15:38:44 - Tables created successfully
2025-12-30 15:38:44 - Tables created successfully
2025-12-30 15:38:44 - Tables created successfully
2025-12-30 15:38:45 - Tables created successfully
2025-12-30 15:38:45 - Tables created successfully
2025-12-30 15:38:45 - Tables created successfully
2025-12-30 15:38:45 - Tables created successfully
2025-12-30 15:38:46 - Tables created successfully
2025-12-30 15:38:55 - Tables created successfully
2025-12-30 15:38:55 - Tables created successfully
2025-12-30 15:38:56 - Tables created successfully
2025-12-30 15:38:56 - Tables created successfully
2025-12-30 15:38:56 - Tables created successfully
2025-12-30 15:38:57 - Tables created successfully
2025-12-30 15:38:57 - Tables created successfully
2025-12-30 15:39:10 - Tables created successfully
2025-12-30 15:39:11 - Tables created successfully
2025-12-30 15:39:11 - Tables created successfully
2025-12-30 15:39:11 - Tables created successfully
2025-12-30 15:39:11 - Tables created successfully
2025-12-30 15:39:12 - Tables created successfully
2025-12-30 15:39:15 - Tables created successfully
2025-12-30 15:39:16 - Tables created successfully
2025-12-30 15:39:16 - Tables created successfully
2025-12-30 15:39:16 - Tables created successfully
2025-12-30 15:39:17 - Tables created successfully
2025-12-30 15:39:28 - Tables created successfully
2025-12-30 15:39:29 - Tables created successfully
2025-12-30 15:39:29 - Tables created successfully
2025-12-30 15:39:30 - Tables created successfully
2025-12-30 15:39:31 - Tables created successfully
2025-12-30 15:39:31 - Tables created successfully
2025-12-30 15:39:31 - Tables created successfully
2025-12-30 15:39:32 - Tables created successfully
2025-12-30 15:42:32 - Tables created successfully
2025-12-30 15:42:40 - Tables created successfully
2025-12-30 15:42:40 - Tables created successfully
2025-12-30 15:42:43 - Tables created successfully
2025-12-30 15:42:52 - Tables created successfully
2025-12-30 15:43:01 - Tables created successfully
2025-12-30 15:43:01 - Tables created successfully
2025-12-30 15:48:01 - Tables created successfully
2025-12-30 15:49:30 - Tables created successfully
2025-12-30 15:49:31 - Tables created successfully
2025-12-30 15:49:32 - Tables created successfully
2025-12-30 15:49:32 - Tables created successfully
2025-12-30 15:49:33 - Tables created successfully
2025-12-30 15:49:33 - Tables created successfully
2025-12-30 15:49:33 - Tables created successfully
2025-12-30 15:49:33 - Tables created successfully
2025-12-30 15:49:33 - Tables created successfully
2025-12-30 15:49:33 - Tables created successfully
2025-12-30 15:49:34 - Tables created successfully
2025-12-30 15:49:34 - Tables created successfully
2025-12-30 15:49:34 - Tables created successfully
2025-12-30 15:49:58 - Tables created successfully
2025-12-30 15:50:25 - Tables created successfully
2025-12-30 15:50:33 - Tables created successfully
2025-12-30 15:50:34 - Tables created successfully
2025-12-30 15:50:34 - Tables created successfully
2025-12-30 15:50:34 - Tables created successfully
2025-12-30 15:50:34 - Tables created successfully
2025-12-30 15:50:35 - Tables created successfully
2025-12-30 15:50:35 - Tables created successfully
2025-12-30 15:50:35 - Tables created successfully
2025-12-30 15:50:35 - Tables created successfully
2025-12-30 15:50:36 - Tables created successfully
2025-12-30 15:50:36 - Tables created successfully
2025-12-30 15:50:36 - Tables created successfully
2025-12-30 15:50:36 - Tables created successfully
2025-12-30 15:50:36 - Tables created successfully
2025-12-30 15:50:37 - Tables created successfully
2025-12-30 15:50:38 - Tables created successfully
2025-12-30 15:50:38 - Tables created successfully
2025-12-30 15:50:38 - Tables created successfully
2025-12-30 15:50:38 - Tables created successfully
2025-12-30 15:50:38 - Tables created successfully
2025-12-30 15:50:39 - Tables created successfully
2025-12-30 15:50:39 - Tables created successfully
2025-12-30 15:50:39 - Tables created successfully
2025-12-30 15:50:39 - Tables created successfully
2025-12-30 15:50:40 - Tables created successfully
2025-12-30 15:50:43 - Tables created successfully
2025-12-30 15:50:52 - Tables created successfully
2025-12-30 15:50:53 - Tables created successfully
2025-12-30 15:50:53 - Tables created successfully
2025-12-30 15:50:53 - Tables created successfully
2025-12-30 15:50:53 - Tables created successfully
2025-12-30 15:50:54 - Tables created successfully
2025-12-30 15:50:59 - Tables created successfully
2025-12-30 16:07:55 - Tables created successfully
2025-12-30 16:09:59 - Tables created successfully
2025-12-30 16:09:59 - Tables created successfully
2025-12-30 16:10:02 - Tables created successfully
2025-12-30 16:10:23 - Tables created successfully
2025-12-30 16:10:34 - Tables created successfully
2025-12-30 16:11:01 - Tables created successfully
2025-12-30 16:11:01 - Tables created successfully
2025-12-30 16:11:06 - Tables created successfully
2025-12-30 16:11:14 - Tables created successfully
2025-12-30 16:11:49 - Tables created successfully
2025-12-30 16:11:49 - Tables created successfully
2025-12-30 16:11:51 - Tables created successfully
2025-12-30 16:12:57 - Tables created successfully
2025-12-30 16:12:59 - Tables created successfully
2025-12-30 16:12:59 - Tables created successfully
2025-12-30 16:12:59 - Tables created successfully
2025-12-30 16:13:07 - Tables created successfully
2025-12-30 16:13:50 - Tables created successfully
2025-12-30 16:13:50 - Tables created successfully
2025-12-30 16:13:51 - Tables created successfully
2025-12-30 16:13:59 - Tables created successfully
2025-12-30 16:13:59 - Tables created successfully
2025-12-30 16:14:08 - Tables created successfully
2025-12-30 16:14:22 - Tables created successfully
2025-12-30 16:14:22 - Tables created successfully
2025-12-30 16:14:30 - Tables created successfully
2025-12-30 16:14:32 - Tables created successfully
2025-12-30 16:14:36 - Tables created successfully
2025-12-30 16:14:40 - Tables created successfully
2025-12-30 16:15:37 - Tables created successfully
2025-12-30 16:16:00 - Tables created successfully
2025-12-30 16:16:33 - Tables created successfully
2025-12-30 16:17:31 - Tables created successfully
2025-12-30 16:17:31 - Tables created successfully
2025-12-30 16:18:23 - Tables created successfully
2025-12-30 16:18:42 - Tables created successfully
2025-12-30 16:18:43 - Tables created successfully
2025-12-30 16:18:51 - Tables created successfully
2025-12-30 16:18:51 - Tables created successfully
2025-12-30 16:18:54 - Tables created successfully
2025-12-30 16:19:04 - Tables created successfully
2025-12-30 16:19:05 - Tables created successfully
2025-12-30 16:19:06 - Tables created successfully
2025-12-30 16:19:07 - Tables created successfully
2025-12-30 16:19:08 - Tables created successfully
2025-12-30 16:19:22 - Tables created successfully
2025-12-30 16:19:23 - Tables created successfully
2025-12-30 16:19:24 - Tables created successfully
2025-12-30 16:19:25 - Tables created successfully
2025-12-30 16:19:34 - Tables created successfully
2025-12-30 16:19:36 - Tables created successfully
2025-12-30 16:19:44 - Tables created successfully
2025-12-30 16:19:44 - Tables created successfully
2025-12-30 16:20:39 - Tables created successfully
2025-12-30 16:20:40 - Tables created successfully
2025-12-30 16:20:47 - Tables created successfully
2025-12-30 16:21:00 - Tables created successfully
2025-12-30 16:21:00 - Tables created successfully
2025-12-30 16:21:02 - Tables created successfully
2025-12-30 16:21:06 - Tables created successfully
2025-12-30 16:21:10 - Tables created successfully
2025-12-30 16:21:10 - Tables created successfully
2025-12-30 16:21:10 - Tables created successfully
2025-12-30 16:21:12 - Tables created successfully
2025-12-30 16:21:12 - Tables created successfully
2025-12-30 16:21:12 - Tables created successfully
2025-12-30 16:21:13 - Tables created successfully
2025-12-30 16:21:13 - Tables created successfully
2025-12-30 16:21:13 - Tables created successfully
2025-12-30 16:21:13 - Tables created successfully
2025-12-30 16:21:13 - Tables created successfully
2025-12-30 16:21:13 - Tables created successfully
2025-12-30 16:21:14 - Tables created successfully
2025-12-30 16:21:14 - Tables created successfully
2025-12-30 16:21:14 - Tables created successfully
2025-12-30 16:21:15 - Tables created successfully
2025-12-30 16:21:15 - Tables created successfully
2025-12-30 16:21:15 - Tables created successfully
2025-12-30 16:21:16 - Tables created successfully
2025-12-30 16:21:16 - Tables created successfully
2025-12-30 16:21:17 - Tables created successfully
2025-12-30 16:21:17 - Tables created successfully
2025-12-30 16:21:17 - Tables created successfully
2025-12-30 16:21:17 - Tables created successfully
2025-12-30 16:21:18 - Tables created successfully
2025-12-30 16:21:26 - Tables created successfully
2025-12-30 16:21:26 - Tables created successfully
2025-12-30 16:21:28 - Tables created successfully
2025-12-30 16:21:28 - Tables created successfully
2025-12-30 16:21:28 - Tables created successfully
2025-12-30 16:21:30 - Tables created successfully
2025-12-30 16:21:31 - Tables created successfully
2025-12-30 16:21:32 - Tables created successfully
2025-12-30 16:21:32 - Tables created successfully
2025-12-30 16:21:33 - Tables created successfully
2025-12-30 16:21:34 - Tables created successfully
2025-12-30 16:21:34 - Tables created successfully
2025-12-30 16:21:34 - Tables created successfully
2025-12-30 16:21:34 - Tables created successfully
2025-12-30 16:21:34 - Tables created successfully
2025-12-30 16:21:34 - Tables created successfully
2025-12-30 16:21:35 - Tables created successfully
2025-12-30 16:21:35 - Tables created successfully
2025-12-30 16:21:35 - Tables created successfully
2025-12-30 16:21:35 - Tables created successfully
2025-12-30 16:21:35 - Tables created successfully
2025-12-30 16:21:35 - Tables created successfully
2025-12-30 16:21:35 - Tables created successfully
2025-12-30 16:21:35 - Tables created successfully
2025-12-30 16:21:36 - Tables created successfully
2025-12-30 16:21:36 - Tables created successfully
2025-12-30 16:21:36 - Tables created successfully
2025-12-30 16:21:36 - Tables created successfully
2025-12-30 16:21:37 - Tables created successfully
2025-12-30 16:21:37 - Tables created successfully
2025-12-30 16:21:37 - Tables created successfully
2025-12-30 16:21:37 - Tables created successfully
2025-12-30 16:21:40 - Tables created successfully
2025-12-30 16:21:41 - Tables created successfully
2025-12-30 16:21:42 - Tables created successfully
2025-12-30 16:21:50 - Tables created successfully
2025-12-30 16:21:50 - Tables created successfully
2025-12-30 16:21:51 - Tables created successfully
2025-12-30 16:21:54 - Tables created successfully
2025-12-30 16:21:56 - Tables created successfully
2025-12-30 16:21:56 - Tables created successfully
2025-12-30 16:21:56 - Tables created successfully
2025-12-30 16:21:57 - Tables created successfully
2025-12-30 16:21:57 - Tables created successfully
2025-12-30 16:21:57 - Tables created successfully
2025-12-30 16:21:58 - Tables created successfully
2025-12-30 16:21:58 - Tables created successfully
2025-12-30 16:21:58 - Tables created successfully
2025-12-30 16:22:08 - Tables created successfully
2025-12-30 16:22:10 - Tables created successfully
2025-12-30 16:22:19 - Tables created successfully
2025-12-30 16:22:21 - Tables created successfully
2025-12-30 16:22:29 - Tables created successfully
2025-12-30 16:23:00 - Tables created successfully
2025-12-30 16:23:04 - Tables created successfully
2025-12-30 16:23:07 - Tables created successfully
2025-12-30 16:23:09 - Tables created successfully
2025-12-30 16:23:14 - Tables created successfully
2025-12-30 16:24:10 - Tables created successfully
2025-12-30 16:24:11 - Tables created successfully
2025-12-30 16:24:11 - Tables created successfully
2025-12-30 16:24:11 - Tables created successfully
2025-12-30 16:24:12 - Tables created successfully
2025-12-30 16:24:12 - Tables created successfully
2025-12-30 16:24:13 - Tables created successfully
2025-12-30 16:24:30 - Tables created successfully
2025-12-30 16:24:30 - Tables created successfully
2025-12-30 16:24:30 - Tables created successfully
2025-12-30 16:30:05 - Tables created successfully
2025-12-30 16:31:23 - Tables created successfully
2025-12-30 16:31:27 - Tables created successfully
2025-12-30 16:31:28 - Tables created successfully
2025-12-30 16:31:29 - Tables created successfully
2025-12-30 16:31:30 - Tables created successfully
2025-12-30 16:31:31 - Tables created successfully
2025-12-30 16:31:34 - Tables created successfully
2025-12-30 16:35:57 - Tables created successfully
2025-12-30 16:36:04 - Tables created successfully
2025-12-30 16:36:33 - Tables created successfully
2025-12-30 16:37:40 - Tables created successfully
2025-12-30 16:37:40 - Form submission started - Array
(
    [fullName] => Dilshan
    [nameWithInitials] => kasun
    [nicNo] => 22122112212
    [telNo] => 1313121
    [dob] => 2007-12-30
    [email] => dkasun558@gmail.com
    [address] => 368/6 Rathnapura Road Kalawana
    [occupation] => w
    [employerName] => Kasun Dilshan
    [beneficiaryName] => Array
        (
            [0] => wq
        )

    [beneficiaryNIC] => Array
        (
            [0] => 200130400385
        )

    [beneficiaryPercentage] => Array
        (
            [0] => 100
        )

    [years] => 1
    [signingDate] => 2025-12-30
    [accountNo] => 87223146
    [bank] => BOC
    [branch] => sd
    [declaration] => accepted
    [declarationDate] => 2025-12-30
)

2025-12-30 16:37:40 - Files received - Array
(
    [signatureUpload] => Array
        (
            [name] => 693fac4d48b43_1765780557_ID_1__2_.pdf
            [type] => application/pdf
            [tmp_name] => C:\xampp\tmp\php3B42.tmp
            [error] => 0
            [size] => 149739
        )

    [investorId] => Array
        (
            [name] => 693fac4d48b43_1765780557_ID_1__2_.pdf
            [type] => application/pdf
            [tmp_name] => C:\xampp\tmp\php3B43.tmp
            [error] => 0
            [size] => 149739
        )

    [beneficiaryId] => Array
        (
            [name] => ID_4.pdf
            [type] => application/pdf
            [tmp_name] => C:\xampp\tmp\php3B44.tmp
            [error] => 0
            [size] => 149739
        )

    [passbook] => Array
        (
            [name] => V6.pdf
            [type] => application/pdf
            [tmp_name] => C:\xampp\tmp\php3B45.tmp
            [error] => 0
            [size] => 149739
        )

    [paymentSlip] => Array
        (
            [name] => Bank_Slip_1.pdf
            [type] => application/pdf
            [tmp_name] => C:\xampp\tmp\php3B55.tmp
            [error] => 0
            [size] => 150243
        )

    [finalSignature] => Array
        (
            [name] => 693fac4d48b43_1765780557_ID_1__2_.pdf
            [type] => application/pdf
            [tmp_name] => C:\xampp\tmp\php3B56.tmp
            [error] => 0
            [size] => 149739
        )

)

2025-12-30 16:37:40 - POST request received
2025-12-30 16:37:40 - Processing form data - Array
(
    [fullName] => Dilshan
    [nameWithInitials] => kasun
    [nicNo] => 22122112212
    [telNo] => 1313121
    [dob] => 2007-12-30
    [email] => dkasun558@gmail.com
    [address] => 368/6 Rathnapura Road Kalawana
    [occupation] => w
    [employerName] => Kasun Dilshan
    [beneficiaryName] => Array
        (
            [0] => wq
        )

    [beneficiaryNIC] => Array
        (
            [0] => 200130400385
        )

    [beneficiaryPercentage] => Array
        (
            [0] => 100
        )

    [years] => 1
    [signingDate] => 2025-12-30
    [accountNo] => 87223146
    [bank] => BOC
    [branch] => sd
    [declaration] => accepted
    [declarationDate] => 2025-12-30
)

2025-12-30 16:37:40 - Attempting to upload file - Array
(
    [source] => C:\xampp\tmp\php3B42.tmp
    [destination] => C:\xampp\htdocs\eco-wealth-portal/uploads/6953b27c29f41_1767092860_693fac4d48b43_1765780557_ID_1__2_.pdf
    [file_size] => 149739
)

2025-12-30 16:37:40 - File uploaded successfully - 6953b27c29f41_1767092860_693fac4d48b43_1765780557_ID_1__2_.pdf
2025-12-30 16:37:40 - Attempting to upload file - Array
(
    [source] => C:\xampp\tmp\php3B43.tmp
    [destination] => C:\xampp\htdocs\eco-wealth-portal/uploads/6953b27c2a7d1_1767092860_693fac4d48b43_1765780557_ID_1__2_.pdf
    [file_size] => 149739
)

2025-12-30 16:37:40 - File uploaded successfully - 6953b27c2a7d1_1767092860_693fac4d48b43_1765780557_ID_1__2_.pdf
2025-12-30 16:37:40 - Attempting to upload file - Array
(
    [source] => C:\xampp\tmp\php3B44.tmp
    [destination] => C:\xampp\htdocs\eco-wealth-portal/uploads/6953b27c2aeaf_1767092860_ID_4.pdf
    [file_size] => 149739
)

2025-12-30 16:37:40 - File uploaded successfully - 6953b27c2aeaf_1767092860_ID_4.pdf
2025-12-30 16:37:40 - Attempting to upload file - Array
(
    [source] => C:\xampp\tmp\php3B45.tmp
    [destination] => C:\xampp\htdocs\eco-wealth-portal/uploads/6953b27c2b54c_1767092860_V6.pdf
    [file_size] => 149739
)

2025-12-30 16:37:40 - File uploaded successfully - 6953b27c2b54c_1767092860_V6.pdf
2025-12-30 16:37:40 - Attempting to upload file - Array
(
    [source] => C:\xampp\tmp\php3B55.tmp
    [destination] => C:\xampp\htdocs\eco-wealth-portal/uploads/6953b27c2bbfc_1767092860_Bank_Slip_1.pdf
    [file_size] => 150243
)

2025-12-30 16:37:40 - File uploaded successfully - 6953b27c2bbfc_1767092860_Bank_Slip_1.pdf
2025-12-30 16:37:40 - Attempting to upload file - Array
(
    [source] => C:\xampp\tmp\php3B56.tmp
    [destination] => C:\xampp\htdocs\eco-wealth-portal/uploads/6953b27c2c82d_1767092860_693fac4d48b43_1765780557_ID_1__2_.pdf
    [file_size] => 149739
)

2025-12-30 16:37:40 - File uploaded successfully - 6953b27c2c82d_1767092860_693fac4d48b43_1765780557_ID_1__2_.pdf
2025-12-30 16:37:40 - Cleaned up file on error - C:\xampp\htdocs\eco-wealth-portal/uploads/6953b27c29f41_1767092860_693fac4d48b43_1765780557_ID_1__2_.pdf
2025-12-30 16:37:40 - Cleaned up file on error - C:\xampp\htdocs\eco-wealth-portal/uploads/6953b27c2a7d1_1767092860_693fac4d48b43_1765780557_ID_1__2_.pdf
2025-12-30 16:37:40 - Cleaned up file on error - C:\xampp\htdocs\eco-wealth-portal/uploads/6953b27c2aeaf_1767092860_ID_4.pdf
2025-12-30 16:37:40 - Cleaned up file on error - C:\xampp\htdocs\eco-wealth-portal/uploads/6953b27c2b54c_1767092860_V6.pdf
2025-12-30 16:37:40 - Cleaned up file on error - C:\xampp\htdocs\eco-wealth-portal/uploads/6953b27c2bbfc_1767092860_Bank_Slip_1.pdf
2025-12-30 16:37:40 - Cleaned up file on error - C:\xampp\htdocs\eco-wealth-portal/uploads/6953b27c2c82d_1767092860_693fac4d48b43_1765780557_ID_1__2_.pdf
2025-12-30 16:37:40 - Form processing error - SQLSTATE[42S22]: Column not found: 1054 Unknown column 'role' in 'field list'
2025-12-30 16:37:40 - Redirecting back to index with error - Array
(
    [error] => SQLSTATE[42S22]: Column not found: 1054 Unknown column 'role' in 'field list'
)

2025-12-30 16:38:54 - Tables created successfully
2025-12-30 16:38:54 - Form submission started - Array
(
    [fullName] => Dilshan
    [nameWithInitials] => kasun
    [nicNo] => 200130400384
    [telNo] => 0717499981
    [dob] => 2007-12-30
    [email] => dkasun558@gmail.com
    [address] => 368/6 Rathnapura Road Kalawana
    [occupation] => w
    [employerName] => Kasun Dilshan
    [beneficiaryName] => Array
        (
            [0] => wq
        )

    [beneficiaryNIC] => Array
        (
            [0] => 1211333
        )

    [beneficiaryPercentage] => Array
        (
            [0] => 100
        )

    [years] => 1
    [signingDate] => 2025-12-30
    [accountNo] => 87223146
    [bank] => BOC
    [branch] => 2w
    [declaration] => accepted
    [declarationDate] => 2025-12-30
)

2025-12-30 16:38:54 - Files received - Array
(
    [signatureUpload] => Array
        (
            [name] => ID_1 (2).pdf
            [type] => application/pdf
            [tmp_name] => C:\xampp\tmp\php5E6B.tmp
            [error] => 0
            [size] => 149739
        )

    [investorId] => Array
        (
            [name] => ID_1 (1).pdf
            [type] => application/pdf
            [tmp_name] => C:\xampp\tmp\php5E6C.tmp
            [error] => 0
            [size] => 149739
        )

    [beneficiaryId] => Array
        (
            [name] => ID_1 (1).pdf
            [type] => application/pdf
            [tmp_name] => C:\xampp\tmp\php5E7C.tmp
            [error] => 0
            [size] => 149739
        )

    [passbook] => Array
        (
            [name] => ID_1 (3).pdf
            [type] => application/pdf
            [tmp_name] => C:\xampp\tmp\php5E7D.tmp
            [error] => 0
            [size] => 149739
        )

    [paymentSlip] => Array
        (
            [name] => V4.pdf
            [type] => application/pdf
            [tmp_name] => C:\xampp\tmp\php5E8E.tmp
            [error] => 0
            [size] => 150243
        )

    [finalSignature] => Array
        (
            [name] => V3.pdf
            [type] => application/pdf
            [tmp_name] => C:\xampp\tmp\php5E8F.tmp
            [error] => 0
            [size] => 506091
        )

)

2025-12-30 16:38:54 - POST request received
2025-12-30 16:38:54 - Processing form data - Array
(
    [fullName] => Dilshan
    [nameWithInitials] => kasun
    [nicNo] => 200130400384
    [telNo] => 0717499981
    [dob] => 2007-12-30
    [email] => dkasun558@gmail.com
    [address] => 368/6 Rathnapura Road Kalawana
    [occupation] => w
    [employerName] => Kasun Dilshan
    [beneficiaryName] => Array
        (
            [0] => wq
        )

    [beneficiaryNIC] => Array
        (
            [0] => 1211333
        )

    [beneficiaryPercentage] => Array
        (
            [0] => 100
        )

    [years] => 1
    [signingDate] => 2025-12-30
    [accountNo] => 87223146
    [bank] => BOC
    [branch] => 2w
    [declaration] => accepted
    [declarationDate] => 2025-12-30
)

2025-12-30 16:38:54 - Attempting to upload file - Array
(
    [source] => C:\xampp\tmp\php5E6B.tmp
    [destination] => C:\xampp\htdocs\eco-wealth-portal/uploads/6953b2c6aaf1b_1767092934_ID_1__2_.pdf
    [file_size] => 149739
)

2025-12-30 16:38:54 - File uploaded successfully - 6953b2c6aaf1b_1767092934_ID_1__2_.pdf
2025-12-30 16:38:54 - Attempting to upload file - Array
(
    [source] => C:\xampp\tmp\php5E6C.tmp
    [destination] => C:\xampp\htdocs\eco-wealth-portal/uploads/6953b2c6ab287_1767092934_ID_1__1_.pdf
    [file_size] => 149739
)

2025-12-30 16:38:54 - File uploaded successfully - 6953b2c6ab287_1767092934_ID_1__1_.pdf
2025-12-30 16:38:54 - Attempting to upload file - Array
(
    [source] => C:\xampp\tmp\php5E7C.tmp
    [destination] => C:\xampp\htdocs\eco-wealth-portal/uploads/6953b2c6abef9_1767092934_ID_1__1_.pdf
    [file_size] => 149739
)

2025-12-30 16:38:54 - File uploaded successfully - 6953b2c6abef9_1767092934_ID_1__1_.pdf
2025-12-30 16:38:54 - Attempting to upload file - Array
(
    [source] => C:\xampp\tmp\php5E7D.tmp
    [destination] => C:\xampp\htdocs\eco-wealth-portal/uploads/6953b2c6acb98_1767092934_ID_1__3_.pdf
    [file_size] => 149739
)

2025-12-30 16:38:54 - File uploaded successfully - 6953b2c6acb98_1767092934_ID_1__3_.pdf
2025-12-30 16:38:54 - Attempting to upload file - Array
(
    [source] => C:\xampp\tmp\php5E8E.tmp
    [destination] => C:\xampp\htdocs\eco-wealth-portal/uploads/6953b2c6ad2f9_1767092934_V4.pdf
    [file_size] => 150243
)

2025-12-30 16:38:54 - File uploaded successfully - 6953b2c6ad2f9_1767092934_V4.pdf
2025-12-30 16:38:54 - Attempting to upload file - Array
(
    [source] => C:\xampp\tmp\php5E8F.tmp
    [destination] => C:\xampp\htdocs\eco-wealth-portal/uploads/6953b2c6ad8c6_1767092934_V3.pdf
    [file_size] => 506091
)

2025-12-30 16:38:54 - File uploaded successfully - 6953b2c6ad8c6_1767092934_V3.pdf
2025-12-30 16:38:54 - Cleaned up file on error - C:\xampp\htdocs\eco-wealth-portal/uploads/6953b2c6aaf1b_1767092934_ID_1__2_.pdf
2025-12-30 16:38:54 - Cleaned up file on error - C:\xampp\htdocs\eco-wealth-portal/uploads/6953b2c6ab287_1767092934_ID_1__1_.pdf
2025-12-30 16:38:54 - Cleaned up file on error - C:\xampp\htdocs\eco-wealth-portal/uploads/6953b2c6abef9_1767092934_ID_1__1_.pdf
2025-12-30 16:38:54 - Cleaned up file on error - C:\xampp\htdocs\eco-wealth-portal/uploads/6953b2c6acb98_1767092934_ID_1__3_.pdf
2025-12-30 16:38:54 - Cleaned up file on error - C:\xampp\htdocs\eco-wealth-portal/uploads/6953b2c6ad2f9_1767092934_V4.pdf
2025-12-30 16:38:54 - Cleaned up file on error - C:\xampp\htdocs\eco-wealth-portal/uploads/6953b2c6ad8c6_1767092934_V3.pdf
2025-12-30 16:38:54 - Form processing error - SQLSTATE[42S22]: Column not found: 1054 Unknown column 'role' in 'field list'
2025-12-30 16:38:54 - Redirecting back to index with error - Array
(
    [error] => SQLSTATE[42S22]: Column not found: 1054 Unknown column 'role' in 'field list'
)

2025-12-30 16:39:15 - Tables created successfully
2025-12-30 16:39:17 - Tables created successfully
2025-12-30 16:39:26 - Tables created successfully
2025-12-30 16:39:28 - Tables created successfully
2025-12-30 16:39:29 - Tables created successfully
2025-12-30 16:39:29 - Tables created successfully
2025-12-30 16:40:55 - Tables created successfully
2025-12-30 16:40:56 - Tables created successfully
2025-12-30 16:40:57 - Tables created successfully
2025-12-30 16:41:04 - Tables created successfully
2025-12-30 16:41:04 - Tables created successfully
2025-12-30 16:42:16 - Tables created successfully
2025-12-30 16:42:16 - Form submission started - Array
(
    [fullName] => Dilshan
    [nameWithInitials] => kasun
    [nicNo] => 200130400384
    [telNo] => 0717499981
    [dob] => 2007-12-30
    [email] => dkasun558@gmail.com
    [address] => 368/6 Rathnapura Road Kalawana
    [occupation] => w
    [employerName] => Kasun Dilshan
    [beneficiaryName] => Array
        (
            [0] => wq
        )

    [beneficiaryNIC] => Array
        (
            [0] => 1211333
        )

    [beneficiaryPercentage] => Array
        (
            [0] => 100
        )

    [years] => 1
    [signingDate] => 2025-12-30
    [accountNo] => 87223146
    [bank] => SDS
    [branch] => sd
    [declaration] => accepted
    [declarationDate] => 2025-12-30
)

2025-12-30 16:42:16 - Files received - Array
(
    [signatureUpload] => Array
        (
            [name] => ID_1 (2).pdf
            [type] => application/pdf
            [tmp_name] => C:\xampp\tmp\php7304.tmp
            [error] => 0
            [size] => 149739
        )

    [investorId] => Array
        (
            [name] => ID_1 (1).pdf
            [type] => application/pdf
            [tmp_name] => C:\xampp\tmp\php7305.tmp
            [error] => 0
            [size] => 149739
        )

    [beneficiaryId] => Array
        (
            [name] => 693fac4d48b43_1765780557_ID_1__2_.pdf
            [type] => application/pdf
            [tmp_name] => C:\xampp\tmp\php7315.tmp
            [error] => 0
            [size] => 149739
        )

    [passbook] => Array
        (
            [name] => Bank_Slip_1.pdf
            [type] => application/pdf
            [tmp_name] => C:\xampp\tmp\php7316.tmp
            [error] => 0
            [size] => 150243
        )

    [paymentSlip] => Array
        (
            [name] => ID_1.pdf
            [type] => application/pdf
            [tmp_name] => C:\xampp\tmp\php7317.tmp
            [error] => 0
            [size] => 149739
        )

    [finalSignature] => Array
        (
            [name] => 693fac4d48b43_1765780557_ID_1__2_.pdf
            [type] => application/pdf
            [tmp_name] => C:\xampp\tmp\php7328.tmp
            [error] => 0
            [size] => 149739
        )

)

2025-12-30 16:42:16 - POST request received
2025-12-30 16:42:16 - Processing form data - Array
(
    [fullName] => Dilshan
    [nameWithInitials] => kasun
    [nicNo] => 200130400384
    [telNo] => 0717499981
    [dob] => 2007-12-30
    [email] => dkasun558@gmail.com
    [address] => 368/6 Rathnapura Road Kalawana
    [occupation] => w
    [employerName] => Kasun Dilshan
    [beneficiaryName] => Array
        (
            [0] => wq
        )

    [beneficiaryNIC] => Array
        (
            [0] => 1211333
        )

    [beneficiaryPercentage] => Array
        (
            [0] => 100
        )

    [years] => 1
    [signingDate] => 2025-12-30
    [accountNo] => 87223146
    [bank] => SDS
    [branch] => sd
    [declaration] => accepted
    [declarationDate] => 2025-12-30
)

2025-12-30 16:42:16 - Attempting to upload file - Array
(
    [source] => C:\xampp\tmp\php7304.tmp
    [destination] => C:\xampp\htdocs\eco-wealth-portal/uploads/6953b3908c93e_1767093136_ID_1__2_.pdf
    [file_size] => 149739
)

2025-12-30 16:42:16 - File uploaded successfully - 6953b3908c93e_1767093136_ID_1__2_.pdf
2025-12-30 16:42:16 - Attempting to upload file - Array
(
    [source] => C:\xampp\tmp\php7305.tmp
    [destination] => C:\xampp\htdocs\eco-wealth-portal/uploads/6953b3908d23a_1767093136_ID_1__1_.pdf
    [file_size] => 149739
)

2025-12-30 16:42:16 - File uploaded successfully - 6953b3908d23a_1767093136_ID_1__1_.pdf
2025-12-30 16:42:16 - Attempting to upload file - Array
(
    [source] => C:\xampp\tmp\php7315.tmp
    [destination] => C:\xampp\htdocs\eco-wealth-portal/uploads/6953b3908de3c_1767093136_693fac4d48b43_1765780557_ID_1__2_.pdf
    [file_size] => 149739
)

2025-12-30 16:42:16 - File uploaded successfully - 6953b3908de3c_1767093136_693fac4d48b43_1765780557_ID_1__2_.pdf
2025-12-30 16:42:16 - Attempting to upload file - Array
(
    [source] => C:\xampp\tmp\php7316.tmp
    [destination] => C:\xampp\htdocs\eco-wealth-portal/uploads/6953b3908e4d4_1767093136_Bank_Slip_1.pdf
    [file_size] => 150243
)

2025-12-30 16:42:16 - File uploaded successfully - 6953b3908e4d4_1767093136_Bank_Slip_1.pdf
2025-12-30 16:42:16 - Attempting to upload file - Array
(
    [source] => C:\xampp\tmp\php7317.tmp
    [destination] => C:\xampp\htdocs\eco-wealth-portal/uploads/6953b3908ea23_1767093136_ID_1.pdf
    [file_size] => 149739
)

2025-12-30 16:42:16 - File uploaded successfully - 6953b3908ea23_1767093136_ID_1.pdf
2025-12-30 16:42:16 - Attempting to upload file - Array
(
    [source] => C:\xampp\tmp\php7328.tmp
    [destination] => C:\xampp\htdocs\eco-wealth-portal/uploads/6953b3908eeea_1767093136_693fac4d48b43_1765780557_ID_1__2_.pdf
    [file_size] => 149739
)

2025-12-30 16:42:16 - File uploaded successfully - 6953b3908eeea_1767093136_693fac4d48b43_1765780557_ID_1__2_.pdf
2025-12-30 16:42:16 - Cleaned up file on error - C:\xampp\htdocs\eco-wealth-portal/uploads/6953b3908c93e_1767093136_ID_1__2_.pdf
2025-12-30 16:42:16 - Cleaned up file on error - C:\xampp\htdocs\eco-wealth-portal/uploads/6953b3908d23a_1767093136_ID_1__1_.pdf
2025-12-30 16:42:16 - Cleaned up file on error - C:\xampp\htdocs\eco-wealth-portal/uploads/6953b3908de3c_1767093136_693fac4d48b43_1765780557_ID_1__2_.pdf
2025-12-30 16:42:16 - Cleaned up file on error - C:\xampp\htdocs\eco-wealth-portal/uploads/6953b3908e4d4_1767093136_Bank_Slip_1.pdf
2025-12-30 16:42:16 - Cleaned up file on error - C:\xampp\htdocs\eco-wealth-portal/uploads/6953b3908ea23_1767093136_ID_1.pdf
2025-12-30 16:42:16 - Cleaned up file on error - C:\xampp\htdocs\eco-wealth-portal/uploads/6953b3908eeea_1767093136_693fac4d48b43_1765780557_ID_1__2_.pdf
2025-12-30 16:42:16 - Form processing error - SQLSTATE[42S22]: Column not found: 1054 Unknown column 'role' in 'field list'
2025-12-30 16:42:16 - Redirecting back to index with error - Array
(
    [error] => SQLSTATE[42S22]: Column not found: 1054 Unknown column 'role' in 'field list'
)

2025-12-30 16:47:04 - Tables created successfully
2025-12-30 16:47:04 - Form submission started - Array
(
    [fullName] => Dilshan
    [nameWithInitials] => kasun
    [nicNo] => 200130400384
    [telNo] => 0717499981
    [dob] => 2007-12-25
    [email] => dkasun558@gmail.com
    [address] => 368/6 Rathnapura Road Kalawana
    [occupation] => IT
    [employerName] => Kasun Dilshan
    [beneficiaryName] => Array
        (
            [0] => wq
        )

    [beneficiaryNIC] => Array
        (
            [0] => 1211333
        )

    [beneficiaryPercentage] => Array
        (
            [0] => 100
        )

    [years] => 1
    [signingDate] => 2025-12-30
    [accountNo] => 87223146
    [bank] => BOC
    [branch] => 2w
    [declaration] => accepted
    [declarationDate] => 2025-12-30
)

2025-12-30 16:47:04 - Files received - Array
(
    [signatureUpload] => Array
        (
            [name] => V6.pdf
            [type] => application/pdf
            [tmp_name] => C:\xampp\tmp\phpD817.tmp
            [error] => 0
            [size] => 149739
        )

    [investorId] => Array
        (
            [name] => 693fac4d48b43_1765780557_ID_1__2_.pdf
            [type] => application/pdf
            [tmp_name] => C:\xampp\tmp\phpD828.tmp
            [error] => 0
            [size] => 149739
        )

    [beneficiaryId] => Array
        (
            [name] => 693fac4d48b43_1765780557_ID_1__2_.pdf
            [type] => application/pdf
            [tmp_name] => C:\xampp\tmp\phpD838.tmp
            [error] => 0
            [size] => 149739
        )

    [passbook] => Array
        (
            [name] => ID_1 (3).pdf
            [type] => application/pdf
            [tmp_name] => C:\xampp\tmp\phpD839.tmp
            [error] => 0
            [size] => 149739
        )

    [paymentSlip] => Array
        (
            [name] => Bank_Slip_1.pdf
            [type] => application/pdf
            [tmp_name] => C:\xampp\tmp\phpD84A.tmp
            [error] => 0
            [size] => 150243
        )

    [finalSignature] => Array
        (
            [name] => V6.pdf
            [type] => application/pdf
            [tmp_name] => C:\xampp\tmp\phpD84B.tmp
            [error] => 0
            [size] => 149739
        )

)

2025-12-30 16:47:04 - POST request received
2025-12-30 16:47:04 - Processing form data - Array
(
    [fullName] => Dilshan
    [nameWithInitials] => kasun
    [nicNo] => 200130400384
    [telNo] => 0717499981
    [dob] => 2007-12-25
    [email] => dkasun558@gmail.com
    [address] => 368/6 Rathnapura Road Kalawana
    [occupation] => IT
    [employerName] => Kasun Dilshan
    [beneficiaryName] => Array
        (
            [0] => wq
        )

    [beneficiaryNIC] => Array
        (
            [0] => 1211333
        )

    [beneficiaryPercentage] => Array
        (
            [0] => 100
        )

    [years] => 1
    [signingDate] => 2025-12-30
    [accountNo] => 87223146
    [bank] => BOC
    [branch] => 2w
    [declaration] => accepted
    [declarationDate] => 2025-12-30
)

2025-12-30 16:47:04 - Attempting to upload file - Array
(
    [source] => C:\xampp\tmp\phpD817.tmp
    [destination] => C:\xampp\htdocs\eco-wealth-portal/uploads/6953b4b0a1db6_1767093424_V6.pdf
    [file_size] => 149739
)

2025-12-30 16:47:04 - File uploaded successfully - 6953b4b0a1db6_1767093424_V6.pdf
2025-12-30 16:47:04 - Attempting to upload file - Array
(
    [source] => C:\xampp\tmp\phpD828.tmp
    [destination] => C:\xampp\htdocs\eco-wealth-portal/uploads/6953b4b0a23a3_1767093424_693fac4d48b43_1765780557_ID_1__2_.pdf
    [file_size] => 149739
)

2025-12-30 16:47:04 - File uploaded successfully - 6953b4b0a23a3_1767093424_693fac4d48b43_1765780557_ID_1__2_.pdf
2025-12-30 16:47:04 - Attempting to upload file - Array
(
    [source] => C:\xampp\tmp\phpD838.tmp
    [destination] => C:\xampp\htdocs\eco-wealth-portal/uploads/6953b4b0a2a44_1767093424_693fac4d48b43_1765780557_ID_1__2_.pdf
    [file_size] => 149739
)

2025-12-30 16:47:04 - File uploaded successfully - 6953b4b0a2a44_1767093424_693fac4d48b43_1765780557_ID_1__2_.pdf
2025-12-30 16:47:04 - Attempting to upload file - Array
(
    [source] => C:\xampp\tmp\phpD839.tmp
    [destination] => C:\xampp\htdocs\eco-wealth-portal/uploads/6953b4b0a3581_1767093424_ID_1__3_.pdf
    [file_size] => 149739
)

2025-12-30 16:47:04 - File uploaded successfully - 6953b4b0a3581_1767093424_ID_1__3_.pdf
2025-12-30 16:47:04 - Attempting to upload file - Array
(
    [source] => C:\xampp\tmp\phpD84A.tmp
    [destination] => C:\xampp\htdocs\eco-wealth-portal/uploads/6953b4b0a3f7c_1767093424_Bank_Slip_1.pdf
    [file_size] => 150243
)

2025-12-30 16:47:04 - File uploaded successfully - 6953b4b0a3f7c_1767093424_Bank_Slip_1.pdf
2025-12-30 16:47:04 - Attempting to upload file - Array
(
    [source] => C:\xampp\tmp\phpD84B.tmp
    [destination] => C:\xampp\htdocs\eco-wealth-portal/uploads/6953b4b0a533f_1767093424_V6.pdf
    [file_size] => 149739
)

2025-12-30 16:47:04 - File uploaded successfully - 6953b4b0a533f_1767093424_V6.pdf
2025-12-30 16:47:04 - Cleaned up file on error - C:\xampp\htdocs\eco-wealth-portal/uploads/6953b4b0a1db6_1767093424_V6.pdf
2025-12-30 16:47:04 - Cleaned up file on error - C:\xampp\htdocs\eco-wealth-portal/uploads/6953b4b0a23a3_1767093424_693fac4d48b43_1765780557_ID_1__2_.pdf
2025-12-30 16:47:04 - Cleaned up file on error - C:\xampp\htdocs\eco-wealth-portal/uploads/6953b4b0a2a44_1767093424_693fac4d48b43_1765780557_ID_1__2_.pdf
2025-12-30 16:47:04 - Cleaned up file on error - C:\xampp\htdocs\eco-wealth-portal/uploads/6953b4b0a3581_1767093424_ID_1__3_.pdf
2025-12-30 16:47:04 - Cleaned up file on error - C:\xampp\htdocs\eco-wealth-portal/uploads/6953b4b0a3f7c_1767093424_Bank_Slip_1.pdf
2025-12-30 16:47:04 - Cleaned up file on error - C:\xampp\htdocs\eco-wealth-portal/uploads/6953b4b0a533f_1767093424_V6.pdf
2025-12-30 16:47:04 - Form processing error - SQLSTATE[42S22]: Column not found: 1054 Unknown column 'role' in 'field list'
2025-12-30 16:47:04 - Redirecting back to index with error - Array
(
    [error] => SQLSTATE[42S22]: Column not found: 1054 Unknown column 'role' in 'field list'
)

2025-12-30 16:47:26 - Tables created successfully
2025-12-30 16:47:28 - Tables created successfully
2025-12-30 16:47:35 - Tables created successfully
2025-12-30 16:47:35 - Tables created successfully
2025-12-30 16:47:38 - Tables created successfully
2025-12-30 16:47:44 - Tables created successfully
2025-12-30 16:47:45 - Tables created successfully
2025-12-30 16:47:47 - Tables created successfully
2025-12-30 16:47:49 - Tables created successfully
2025-12-30 16:47:50 - Tables created successfully
2025-12-30 16:47:51 - Tables created successfully
2025-12-30 16:47:54 - Tables created successfully
2025-12-30 16:48:00 - Tables created successfully
2025-12-30 16:48:00 - Tables created successfully
2025-12-30 16:48:01 - Tables created successfully
2025-12-30 16:48:01 - Tables created successfully
2025-12-30 16:48:03 - Tables created successfully
2025-12-30 16:48:04 - Tables created successfully
2025-12-30 16:48:06 - Tables created successfully
2025-12-30 16:48:06 - Tables created successfully
2025-12-30 23:12:51 - Tables created successfully
2025-12-30 23:12:51 - Form submission started - Array
(
    [fullName] => Dilshan
    [nameWithInitials] => kasun
    [nicNo] => 200130400384
    [telNo] => 0717499981
    [dob] => 2007-12-30
    [email] => dkasun558@gmail.com
    [address] => 368/6 Rathnapura Road Kalawana
    [occupation] => IT
    [employerName] => Kasun Dilshan
    [beneficiaryName] => Array
        (
            [0] => wq
        )

    [beneficiaryNIC] => Array
        (
            [0] => 200130400385
        )

    [beneficiaryPercentage] => Array
        (
            [0] => 100
        )

    [years] => 1
    [signingDate] => 2025-12-30
    [accountNo] => 87223146
    [bank] => BOC
    [branch] => 2w
    [declaration] => accepted
    [declarationDate] => 2025-12-30
)

2025-12-30 23:12:51 - Files received - Array
(
    [signatureUpload] => Array
        (
            [name] => 693fac4d48b43_1765780557_ID_1__2_.pdf
            [type] => application/pdf
            [tmp_name] => C:\xampp\tmp\phpE967.tmp
            [error] => 0
            [size] => 149739
        )

    [investorId] => Array
        (
            [name] => V6.pdf
            [type] => application/pdf
            [tmp_name] => C:\xampp\tmp\phpE968.tmp
            [error] => 0
            [size] => 149739
        )

    [beneficiaryId] => Array
        (
            [name] => ID_1.pdf
            [type] => application/pdf
            [tmp_name] => C:\xampp\tmp\phpE969.tmp
            [error] => 0
            [size] => 149739
        )

    [passbook] => Array
        (
            [name] => ID_1 (3).pdf
            [type] => application/pdf
            [tmp_name] => C:\xampp\tmp\phpE96A.tmp
            [error] => 0
            [size] => 149739
        )

    [paymentSlip] => Array
        (
            [name] => V1.pdf
            [type] => application/pdf
            [tmp_name] => C:\xampp\tmp\phpE97B.tmp
            [error] => 0
            [size] => 147627
        )

    [finalSignature] => Array
        (
            [name] => V3.pdf
            [type] => application/pdf
            [tmp_name] => C:\xampp\tmp\phpE97C.tmp
            [error] => 0
            [size] => 506091
        )

)

2025-12-30 23:12:51 - POST request received
2025-12-30 23:12:51 - Processing form data - Array
(
    [fullName] => Dilshan
    [nameWithInitials] => kasun
    [nicNo] => 200130400384
    [telNo] => 0717499981
    [dob] => 2007-12-30
    [email] => dkasun558@gmail.com
    [address] => 368/6 Rathnapura Road Kalawana
    [occupation] => IT
    [employerName] => Kasun Dilshan
    [beneficiaryName] => Array
        (
            [0] => wq
        )

    [beneficiaryNIC] => Array
        (
            [0] => 200130400385
        )

    [beneficiaryPercentage] => Array
        (
            [0] => 100
        )

    [years] => 1
    [signingDate] => 2025-12-30
    [accountNo] => 87223146
    [bank] => BOC
    [branch] => 2w
    [declaration] => accepted
    [declarationDate] => 2025-12-30
)

2025-12-30 23:12:51 - Attempting to upload file - Array
(
    [source] => C:\xampp\tmp\phpE967.tmp
    [destination] => C:\xampp\htdocs\eco-wealth-portal/uploads/69540f1bcfc8c_1767116571_693fac4d48b43_1765780557_ID_1__2_.pdf
    [file_size] => 149739
)

2025-12-30 23:12:51 - File uploaded successfully - 69540f1bcfc8c_1767116571_693fac4d48b43_1765780557_ID_1__2_.pdf
2025-12-30 23:12:51 - Attempting to upload file - Array
(
    [source] => C:\xampp\tmp\phpE968.tmp
    [destination] => C:\xampp\htdocs\eco-wealth-portal/uploads/69540f1bd102c_1767116571_V6.pdf
    [file_size] => 149739
)

2025-12-30 23:12:51 - File uploaded successfully - 69540f1bd102c_1767116571_V6.pdf
2025-12-30 23:12:51 - Attempting to upload file - Array
(
    [source] => C:\xampp\tmp\phpE969.tmp
    [destination] => C:\xampp\htdocs\eco-wealth-portal/uploads/69540f1bd134e_1767116571_ID_1.pdf
    [file_size] => 149739
)

2025-12-30 23:12:51 - File uploaded successfully - 69540f1bd134e_1767116571_ID_1.pdf
2025-12-30 23:12:51 - Attempting to upload file - Array
(
    [source] => C:\xampp\tmp\phpE96A.tmp
    [destination] => C:\xampp\htdocs\eco-wealth-portal/uploads/69540f1bd1668_1767116571_ID_1__3_.pdf
    [file_size] => 149739
)

2025-12-30 23:12:51 - File uploaded successfully - 69540f1bd1668_1767116571_ID_1__3_.pdf
2025-12-30 23:12:51 - Attempting to upload file - Array
(
    [source] => C:\xampp\tmp\phpE97B.tmp
    [destination] => C:\xampp\htdocs\eco-wealth-portal/uploads/69540f1bd1987_1767116571_V1.pdf
    [file_size] => 147627
)

2025-12-30 23:12:51 - File uploaded successfully - 69540f1bd1987_1767116571_V1.pdf
2025-12-30 23:12:51 - Attempting to upload file - Array
(
    [source] => C:\xampp\tmp\phpE97C.tmp
    [destination] => C:\xampp\htdocs\eco-wealth-portal/uploads/69540f1bd1cb8_1767116571_V3.pdf
    [file_size] => 506091
)

2025-12-30 23:12:51 - File uploaded successfully - 69540f1bd1cb8_1767116571_V3.pdf
2025-12-30 23:12:51 - Cleaned up file on error - C:\xampp\htdocs\eco-wealth-portal/uploads/69540f1bcfc8c_1767116571_693fac4d48b43_1765780557_ID_1__2_.pdf
2025-12-30 23:12:51 - Cleaned up file on error - C:\xampp\htdocs\eco-wealth-portal/uploads/69540f1bd102c_1767116571_V6.pdf
2025-12-30 23:12:51 - Cleaned up file on error - C:\xampp\htdocs\eco-wealth-portal/uploads/69540f1bd134e_1767116571_ID_1.pdf
2025-12-30 23:12:51 - Cleaned up file on error - C:\xampp\htdocs\eco-wealth-portal/uploads/69540f1bd1668_1767116571_ID_1__3_.pdf
2025-12-30 23:12:51 - Cleaned up file on error - C:\xampp\htdocs\eco-wealth-portal/uploads/69540f1bd1987_1767116571_V1.pdf
2025-12-30 23:12:51 - Cleaned up file on error - C:\xampp\htdocs\eco-wealth-portal/uploads/69540f1bd1cb8_1767116571_V3.pdf
2025-12-30 23:12:51 - Form processing error - SQLSTATE[42S22]: Column not found: 1054 Unknown column 'role' in 'field list'
2025-12-30 23:12:51 - Redirecting back to index with error - Array
(
    [error] => SQLSTATE[42S22]: Column not found: 1054 Unknown column 'role' in 'field list'
)

2025-12-30 23:15:18 - Tables created successfully
2025-12-30 23:15:18 - Form submission started - Array
(
    [fullName] => Dilshan
    [nameWithInitials] => kasun
    [nicNo] => 200130400384
    [telNo] => 0717499981
    [dob] => 2007-12-30
    [email] => dkasun558@gmail.com
    [address] => 368/6 Rathnapura Road Kalawana
    [occupation] => IT
    [employerName] => Kasun Dilshan
    [beneficiaryName] => Array
        (
            [0] => Kassa
        )

    [beneficiaryNIC] => Array
        (
            [0] => 200130400385
        )

    [beneficiaryPercentage] => Array
        (
            [0] => 100
        )

    [years] => 1
    [signingDate] => 2025-12-30
    [accountNo] => 87223146
    [bank] => BOC
    [branch] => ASDAD
    [declaration] => accepted
    [declarationDate] => 2025-12-30
)

2025-12-30 23:15:18 - Files received - Array
(
    [signatureUpload] => Array
        (
            [name] => V6.pdf
            [type] => application/pdf
            [tmp_name] => C:\xampp\tmp\php2747.tmp
            [error] => 0
            [size] => 149739
        )

    [investorId] => Array
        (
            [name] => Bank_Slip_1.pdf
            [type] => application/pdf
            [tmp_name] => C:\xampp\tmp\php2758.tmp
            [error] => 0
            [size] => 150243
        )

    [beneficiaryId] => Array
        (
            [name] => ID_4.pdf
            [type] => application/pdf
            [tmp_name] => C:\xampp\tmp\php2759.tmp
            [error] => 0
            [size] => 149739
        )

    [passbook] => Array
        (
            [name] => ID_4.pdf
            [type] => application/pdf
            [tmp_name] => C:\xampp\tmp\php275A.tmp
            [error] => 0
            [size] => 149739
        )

    [paymentSlip] => Array
        (
            [name] => Bank_Slip_3.pdf
            [type] => application/pdf
            [tmp_name] => C:\xampp\tmp\php275B.tmp
            [error] => 0
            [size] => 149739
        )

    [finalSignature] => Array
        (
            [name] => ID_4.pdf
            [type] => application/pdf
            [tmp_name] => C:\xampp\tmp\php276B.tmp
            [error] => 0
            [size] => 149739
        )

)

2025-12-30 23:15:18 - POST request received
2025-12-30 23:15:18 - Processing form data - Array
(
    [fullName] => Dilshan
    [nameWithInitials] => kasun
    [nicNo] => 200130400384
    [telNo] => 0717499981
    [dob] => 2007-12-30
    [email] => dkasun558@gmail.com
    [address] => 368/6 Rathnapura Road Kalawana
    [occupation] => IT
    [employerName] => Kasun Dilshan
    [beneficiaryName] => Array
        (
            [0] => Kassa
        )

    [beneficiaryNIC] => Array
        (
            [0] => 200130400385
        )

    [beneficiaryPercentage] => Array
        (
            [0] => 100
        )

    [years] => 1
    [signingDate] => 2025-12-30
    [accountNo] => 87223146
    [bank] => BOC
    [branch] => ASDAD
    [declaration] => accepted
    [declarationDate] => 2025-12-30
)

2025-12-30 23:15:18 - Attempting to upload file - Array
(
    [source] => C:\xampp\tmp\php2747.tmp
    [destination] => C:\xampp\htdocs\eco-wealth-portal/uploads/69540faea7513_1767116718_V6.pdf
    [file_size] => 149739
)

2025-12-30 23:15:18 - File uploaded successfully - 69540faea7513_1767116718_V6.pdf
2025-12-30 23:15:18 - Attempting to upload file - Array
(
    [source] => C:\xampp\tmp\php2758.tmp
    [destination] => C:\xampp\htdocs\eco-wealth-portal/uploads/69540faea78f8_1767116718_Bank_Slip_1.pdf
    [file_size] => 150243
)

2025-12-30 23:15:18 - File uploaded successfully - 69540faea78f8_1767116718_Bank_Slip_1.pdf
2025-12-30 23:15:18 - Attempting to upload file - Array
(
    [source] => C:\xampp\tmp\php2759.tmp
    [destination] => C:\xampp\htdocs\eco-wealth-portal/uploads/69540faea7c39_1767116718_ID_4.pdf
    [file_size] => 149739
)

2025-12-30 23:15:18 - File uploaded successfully - 69540faea7c39_1767116718_ID_4.pdf
2025-12-30 23:15:18 - Attempting to upload file - Array
(
    [source] => C:\xampp\tmp\php275A.tmp
    [destination] => C:\xampp\htdocs\eco-wealth-portal/uploads/69540faea7f22_1767116718_ID_4.pdf
    [file_size] => 149739
)

2025-12-30 23:15:18 - File uploaded successfully - 69540faea7f22_1767116718_ID_4.pdf
2025-12-30 23:15:18 - Attempting to upload file - Array
(
    [source] => C:\xampp\tmp\php275B.tmp
    [destination] => C:\xampp\htdocs\eco-wealth-portal/uploads/69540faea8240_1767116718_Bank_Slip_3.pdf
    [file_size] => 149739
)

2025-12-30 23:15:18 - File uploaded successfully - 69540faea8240_1767116718_Bank_Slip_3.pdf
2025-12-30 23:15:18 - Attempting to upload file - Array
(
    [source] => C:\xampp\tmp\php276B.tmp
    [destination] => C:\xampp\htdocs\eco-wealth-portal/uploads/69540faea85ab_1767116718_ID_4.pdf
    [file_size] => 149739
)

2025-12-30 23:15:18 - File uploaded successfully - 69540faea85ab_1767116718_ID_4.pdf
2025-12-30 23:15:18 - Cleaned up file on error - C:\xampp\htdocs\eco-wealth-portal/uploads/69540faea7513_1767116718_V6.pdf
2025-12-30 23:15:18 - Cleaned up file on error - C:\xampp\htdocs\eco-wealth-portal/uploads/69540faea78f8_1767116718_Bank_Slip_1.pdf
2025-12-30 23:15:18 - Cleaned up file on error - C:\xampp\htdocs\eco-wealth-portal/uploads/69540faea7c39_1767116718_ID_4.pdf
2025-12-30 23:15:18 - Cleaned up file on error - C:\xampp\htdocs\eco-wealth-portal/uploads/69540faea7f22_1767116718_ID_4.pdf
2025-12-30 23:15:18 - Cleaned up file on error - C:\xampp\htdocs\eco-wealth-portal/uploads/69540faea8240_1767116718_Bank_Slip_3.pdf
2025-12-30 23:15:18 - Cleaned up file on error - C:\xampp\htdocs\eco-wealth-portal/uploads/69540faea85ab_1767116718_ID_4.pdf
2025-12-30 23:15:18 - Form processing error - SQLSTATE[42S22]: Column not found: 1054 Unknown column 'role' in 'field list'
2025-12-30 23:15:18 - Redirecting back to index with error - Array
(
    [error] => SQLSTATE[42S22]: Column not found: 1054 Unknown column 'role' in 'field list'
)

2025-12-30 23:19:19 - Tables created successfully
2025-12-30 23:21:00 - Tables created successfully
2025-12-30 23:21:00 - Form submission started - Array
(
    [fullName] => Dilshan
    [nameWithInitials] => kasun
    [nicNo] => 200130400384
    [telNo] => 0717499981
    [dob] => 2007-12-30
    [email] => dkasun558@gmail.com
    [address] => 368/6 Rathnapura Road Kalawana
    [occupation] => IT
    [employerName] => Kasun Dilshan
    [beneficiaryName] => Array
        (
            [0] => wq
        )

    [beneficiaryNIC] => Array
        (
            [0] => 1211333
        )

    [beneficiaryPercentage] => Array
        (
            [0] => 100
        )

    [years] => 1
    [signingDate] => 2025-12-30
    [accountNo] => 21312312
    [bank] => BOC
    [branch] => Colombo
    [declaration] => accepted
    [declarationDate] => 2025-12-30
)

2025-12-30 23:21:00 - Files received - Array
(
    [signatureUpload] => Array
        (
            [name] => ID_4.pdf
            [type] => application/pdf
            [tmp_name] => C:\xampp\tmp\php6008.tmp
            [error] => 0
            [size] => 149739
        )

    [investorId] => Array
        (
            [name] => ID_4.pdf
            [type] => application/pdf
            [tmp_name] => C:\xampp\tmp\php6019.tmp
            [error] => 0
            [size] => 149739
        )

    [beneficiaryId] => Array
        (
            [name] => V4.pdf
            [type] => application/pdf
            [tmp_name] => C:\xampp\tmp\php601A.tmp
            [error] => 0
            [size] => 150243
        )

    [passbook] => Array
        (
            [name] => Bank_Slip_3.pdf
            [type] => application/pdf
            [tmp_name] => C:\xampp\tmp\php601B.tmp
            [error] => 0
            [size] => 149739
        )

    [paymentSlip] => Array
        (
            [name] => Bank_Slip_1.pdf
            [type] => application/pdf
            [tmp_name] => C:\xampp\tmp\php601C.tmp
            [error] => 0
            [size] => 150243
        )

    [finalSignature] => Array
        (
            [name] => ID_4.pdf
            [type] => application/pdf
            [tmp_name] => C:\xampp\tmp\php601D.tmp
            [error] => 0
            [size] => 149739
        )

)

2025-12-30 23:21:00 - POST request received
2025-12-30 23:21:00 - Processing form data - Array
(
    [fullName] => Dilshan
    [nameWithInitials] => kasun
    [nicNo] => 200130400384
    [telNo] => 0717499981
    [dob] => 2007-12-30
    [email] => dkasun558@gmail.com
    [address] => 368/6 Rathnapura Road Kalawana
    [occupation] => IT
    [employerName] => Kasun Dilshan
    [beneficiaryName] => Array
        (
            [0] => wq
        )

    [beneficiaryNIC] => Array
        (
            [0] => 1211333
        )

    [beneficiaryPercentage] => Array
        (
            [0] => 100
        )

    [years] => 1
    [signingDate] => 2025-12-30
    [accountNo] => 21312312
    [bank] => BOC
    [branch] => Colombo
    [declaration] => accepted
    [declarationDate] => 2025-12-30
)

2025-12-30 23:21:00 - Attempting to upload file - Array
(
    [source] => C:\xampp\tmp\php6008.tmp
    [destination] => C:\xampp\htdocs\eco-wealth-portal/uploads/69541104db490_1767117060_ID_4.pdf
    [file_size] => 149739
)

2025-12-30 23:21:00 - File uploaded successfully - 69541104db490_1767117060_ID_4.pdf
2025-12-30 23:21:00 - Attempting to upload file - Array
(
    [source] => C:\xampp\tmp\php6019.tmp
    [destination] => C:\xampp\htdocs\eco-wealth-portal/uploads/69541104dbc8e_1767117060_ID_4.pdf
    [file_size] => 149739
)

2025-12-30 23:21:00 - File uploaded successfully - 69541104dbc8e_1767117060_ID_4.pdf
2025-12-30 23:21:00 - Attempting to upload file - Array
(
    [source] => C:\xampp\tmp\php601A.tmp
    [destination] => C:\xampp\htdocs\eco-wealth-portal/uploads/69541104dc374_1767117060_V4.pdf
    [file_size] => 150243
)

2025-12-30 23:21:00 - File uploaded successfully - 69541104dc374_1767117060_V4.pdf
2025-12-30 23:21:00 - Attempting to upload file - Array
(
    [source] => C:\xampp\tmp\php601B.tmp
    [destination] => C:\xampp\htdocs\eco-wealth-portal/uploads/69541104dd0f7_1767117060_Bank_Slip_3.pdf
    [file_size] => 149739
)

2025-12-30 23:21:00 - File uploaded successfully - 69541104dd0f7_1767117060_Bank_Slip_3.pdf
2025-12-30 23:21:00 - Attempting to upload file - Array
(
    [source] => C:\xampp\tmp\php601C.tmp
    [destination] => C:\xampp\htdocs\eco-wealth-portal/uploads/69541104ddaa8_1767117060_Bank_Slip_1.pdf
    [file_size] => 150243
)

2025-12-30 23:21:00 - File uploaded successfully - 69541104ddaa8_1767117060_Bank_Slip_1.pdf
2025-12-30 23:21:00 - Attempting to upload file - Array
(
    [source] => C:\xampp\tmp\php601D.tmp
    [destination] => C:\xampp\htdocs\eco-wealth-portal/uploads/69541104de03b_1767117060_ID_4.pdf
    [file_size] => 149739
)

2025-12-30 23:21:00 - File uploaded successfully - 69541104de03b_1767117060_ID_4.pdf
2025-12-30 23:21:00 - Cleaned up file on error - C:\xampp\htdocs\eco-wealth-portal/uploads/69541104db490_1767117060_ID_4.pdf
2025-12-30 23:21:00 - Cleaned up file on error - C:\xampp\htdocs\eco-wealth-portal/uploads/69541104dbc8e_1767117060_ID_4.pdf
2025-12-30 23:21:00 - Cleaned up file on error - C:\xampp\htdocs\eco-wealth-portal/uploads/69541104dc374_1767117060_V4.pdf
2025-12-30 23:21:00 - Cleaned up file on error - C:\xampp\htdocs\eco-wealth-portal/uploads/69541104dd0f7_1767117060_Bank_Slip_3.pdf
2025-12-30 23:21:00 - Cleaned up file on error - C:\xampp\htdocs\eco-wealth-portal/uploads/69541104ddaa8_1767117060_Bank_Slip_1.pdf
2025-12-30 23:21:00 - Cleaned up file on error - C:\xampp\htdocs\eco-wealth-portal/uploads/69541104de03b_1767117060_ID_4.pdf
2025-12-30 23:21:00 - Form processing error - SQLSTATE[42S22]: Column not found: 1054 Unknown column 'role' in 'field list'
2025-12-30 23:21:00 - Redirecting back to index with error - Array
(
    [error] => SQLSTATE[42S22]: Column not found: 1054 Unknown column 'role' in 'field list'
)

2025-12-30 23:21:00 - Tables created successfully
2025-12-30 23:21:03 - Tables created successfully
2025-12-30 23:32:55 - Tables created successfully
2025-12-30 23:32:56 - Tables created successfully
2025-12-30 23:32:57 - Tables created successfully
2025-12-30 23:32:57 - Tables created successfully
2025-12-30 23:32:57 - Tables created successfully
2025-12-30 23:32:57 - Tables created successfully
2025-12-30 23:32:57 - Tables created successfully
2025-12-30 23:32:57 - Tables created successfully
2025-12-30 23:32:58 - Tables created successfully
2025-12-30 23:32:58 - Tables created successfully
2025-12-30 23:32:58 - Tables created successfully
2025-12-30 23:32:58 - Tables created successfully
2025-12-30 23:32:58 - Tables created successfully
2025-12-30 23:32:58 - Tables created successfully
2025-12-30 23:32:59 - Tables created successfully
2025-12-30 23:32:59 - Tables created successfully
2025-12-30 23:32:59 - Tables created successfully
2025-12-30 23:32:59 - Tables created successfully
2025-12-30 23:32:59 - Tables created successfully
2025-12-30 23:33:00 - Tables created successfully
2025-12-30 23:33:00 - Tables created successfully
2025-12-30 23:33:00 - Tables created successfully
2025-12-30 23:33:00 - Tables created successfully
2025-12-30 23:33:00 - Tables created successfully
2025-12-30 23:33:00 - Tables created successfully
2025-12-30 23:33:01 - Tables created successfully
2025-12-30 23:33:01 - Tables created successfully
2025-12-30 23:33:01 - Tables created successfully
2025-12-30 23:33:01 - Tables created successfully
2025-12-30 23:33:01 - Tables created successfully
2025-12-30 23:33:02 - Tables created successfully
2025-12-30 23:33:02 - Tables created successfully
2025-12-30 23:43:25 - Tables created successfully
2025-12-30 23:43:25 - Form submission started - Array
(
    [fullName] => Dilshan
    [nameWithInitials] => kasun
    [nicNo] => 200130400384
    [telNo] => 0717499981
    [dob] => 2007-12-30
    [email] => dkasun558@gmail.com
    [address] => 368/6 Rathnapura Road Kalawana
    [occupation] => IT
    [employerName] => Kasun Dilshan
    [beneficiaryName] => Array
        (
            [0] => wq
        )

    [beneficiaryNIC] => Array
        (
            [0] => 1211333
        )

    [beneficiaryPercentage] => Array
        (
            [0] => 100
        )

    [years] => 1
    [signingDate] => 2025-12-30
    [accountNo] => 87223146
    [bank] => SDS
    [branch] => sd
    [declaration] => accepted
    [declarationDate] => 2025-12-30
)

2025-12-30 23:43:25 - Files received - Array
(
    [signatureUpload] => Array
        (
            [name] => 693fac4d48b43_1765780557_ID_1__2_.pdf
            [type] => application/pdf
            [tmp_name] => C:\xampp\tmp\phpE4E3.tmp
            [error] => 0
            [size] => 149739
        )

    [investorId] => Array
        (
            [name] => ID_4.pdf
            [type] => application/pdf
            [tmp_name] => C:\xampp\tmp\phpE4E4.tmp
            [error] => 0
            [size] => 149739
        )

    [beneficiaryId] => Array
        (
            [name] => Bank_Slip_3.pdf
            [type] => application/pdf
            [tmp_name] => C:\xampp\tmp\phpE4E5.tmp
            [error] => 0
            [size] => 149739
        )

    [passbook] => Array
        (
            [name] => Bank_Slip_1.pdf
            [type] => application/pdf
            [tmp_name] => C:\xampp\tmp\phpE4F6.tmp
            [error] => 0
            [size] => 150243
        )

    [paymentSlip] => Array
        (
            [name] => ID_1.pdf
            [type] => application/pdf
            [tmp_name] => C:\xampp\tmp\phpE4F7.tmp
            [error] => 0
            [size] => 149739
        )

    [finalSignature] => Array
        (
            [name] => 693fac4d48b43_1765780557_ID_1__2_.pdf
            [type] => application/pdf
            [tmp_name] => C:\xampp\tmp\phpE4F8.tmp
            [error] => 0
            [size] => 149739
        )

)

2025-12-30 23:43:25 - POST request received
2025-12-30 23:43:25 - Processing form data - Array
(
    [fullName] => Dilshan
    [nameWithInitials] => kasun
    [nicNo] => 200130400384
    [telNo] => 0717499981
    [dob] => 2007-12-30
    [email] => dkasun558@gmail.com
    [address] => 368/6 Rathnapura Road Kalawana
    [occupation] => IT
    [employerName] => Kasun Dilshan
    [beneficiaryName] => Array
        (
            [0] => wq
        )

    [beneficiaryNIC] => Array
        (
            [0] => 1211333
        )

    [beneficiaryPercentage] => Array
        (
            [0] => 100
        )

    [years] => 1
    [signingDate] => 2025-12-30
    [accountNo] => 87223146
    [bank] => SDS
    [branch] => sd
    [declaration] => accepted
    [declarationDate] => 2025-12-30
)

2025-12-30 23:43:25 - Attempting to upload file - Array
(
    [source] => C:\xampp\tmp\phpE4E3.tmp
    [destination] => C:\xampp\htdocs\eco-wealth-portal/uploads/6954164583962_1767118405_693fac4d48b43_1765780557_ID_1__2_.pdf
    [file_size] => 149739
)

2025-12-30 23:43:25 - File uploaded successfully - 6954164583962_1767118405_693fac4d48b43_1765780557_ID_1__2_.pdf
2025-12-30 23:43:25 - Attempting to upload file - Array
(
    [source] => C:\xampp\tmp\phpE4E4.tmp
    [destination] => C:\xampp\htdocs\eco-wealth-portal/uploads/6954164583d99_1767118405_ID_4.pdf
    [file_size] => 149739
)

2025-12-30 23:43:25 - File uploaded successfully - 6954164583d99_1767118405_ID_4.pdf
2025-12-30 23:43:25 - Attempting to upload file - Array
(
    [source] => C:\xampp\tmp\phpE4E5.tmp
    [destination] => C:\xampp\htdocs\eco-wealth-portal/uploads/69541645840ce_1767118405_Bank_Slip_3.pdf
    [file_size] => 149739
)

2025-12-30 23:43:25 - File uploaded successfully - 69541645840ce_1767118405_Bank_Slip_3.pdf
2025-12-30 23:43:25 - Attempting to upload file - Array
(
    [source] => C:\xampp\tmp\phpE4F6.tmp
    [destination] => C:\xampp\htdocs\eco-wealth-portal/uploads/69541645843c0_1767118405_Bank_Slip_1.pdf
    [file_size] => 150243
)

2025-12-30 23:43:25 - File uploaded successfully - 69541645843c0_1767118405_Bank_Slip_1.pdf
2025-12-30 23:43:25 - Attempting to upload file - Array
(
    [source] => C:\xampp\tmp\phpE4F7.tmp
    [destination] => C:\xampp\htdocs\eco-wealth-portal/uploads/69541645846be_1767118405_ID_1.pdf
    [file_size] => 149739
)

2025-12-30 23:43:25 - File uploaded successfully - 69541645846be_1767118405_ID_1.pdf
2025-12-30 23:43:25 - Attempting to upload file - Array
(
    [source] => C:\xampp\tmp\phpE4F8.tmp
    [destination] => C:\xampp\htdocs\eco-wealth-portal/uploads/69541645849ad_1767118405_693fac4d48b43_1765780557_ID_1__2_.pdf
    [file_size] => 149739
)

2025-12-30 23:43:25 - File uploaded successfully - 69541645849ad_1767118405_693fac4d48b43_1765780557_ID_1__2_.pdf
2025-12-30 23:43:25 - Cleaned up file on error - C:\xampp\htdocs\eco-wealth-portal/uploads/6954164583962_1767118405_693fac4d48b43_1765780557_ID_1__2_.pdf
2025-12-30 23:43:25 - Cleaned up file on error - C:\xampp\htdocs\eco-wealth-portal/uploads/6954164583d99_1767118405_ID_4.pdf
2025-12-30 23:43:25 - Cleaned up file on error - C:\xampp\htdocs\eco-wealth-portal/uploads/69541645840ce_1767118405_Bank_Slip_3.pdf
2025-12-30 23:43:25 - Cleaned up file on error - C:\xampp\htdocs\eco-wealth-portal/uploads/69541645843c0_1767118405_Bank_Slip_1.pdf
2025-12-30 23:43:25 - Cleaned up file on error - C:\xampp\htdocs\eco-wealth-portal/uploads/69541645846be_1767118405_ID_1.pdf
2025-12-30 23:43:25 - Cleaned up file on error - C:\xampp\htdocs\eco-wealth-portal/uploads/69541645849ad_1767118405_693fac4d48b43_1765780557_ID_1__2_.pdf
2025-12-30 23:43:25 - Form processing error - SQLSTATE[42S22]: Column not found: 1054 Unknown column 'role' in 'field list'
2025-12-30 23:43:25 - Redirecting back to index with error - Array
(
    [error] => SQLSTATE[42S22]: Column not found: 1054 Unknown column 'role' in 'field list'
)

2025-12-31 09:51:40 - Tables created successfully
2025-12-31 09:51:45 - Tables created successfully
2025-12-31 09:51:53 - Tables created successfully
2025-12-31 09:51:53 - Tables created successfully
2025-12-31 09:51:57 - Tables created successfully
2025-12-31 09:52:05 - Tables created successfully
2025-12-31 09:52:37 - Tables created successfully
2025-12-31 09:52:37 - Tables created successfully
2025-12-31 09:57:38 - Tables created successfully
2025-12-31 10:02:39 - Tables created successfully
2025-12-31 10:02:51 - Tables created successfully
2025-12-31 10:03:03 - Tables created successfully
2025-12-31 10:03:03 - Tables created successfully
2025-12-31 10:03:03 - Tables created successfully
2025-12-31 10:03:06 - Tables created successfully
2025-12-31 10:03:08 - Tables created successfully
2025-12-31 10:03:08 - Tables created successfully
2025-12-31 10:03:08 - Tables created successfully
2025-12-31 10:03:10 - Tables created successfully
2025-12-31 10:03:13 - Tables created successfully
2025-12-31 10:03:13 - Tables created successfully
2025-12-31 10:03:13 - Tables created successfully
2025-12-31 10:03:15 - Tables created successfully
2025-12-31 10:03:16 - Tables created successfully
2025-12-31 10:03:54 - Tables created successfully
2025-12-31 10:03:56 - Tables created successfully
2025-12-31 10:03:57 - Tables created successfully
2025-12-31 10:04:03 - Tables created successfully
2025-12-31 10:04:11 - Tables created successfully
2025-12-31 10:04:11 - Tables created successfully
2025-12-31 10:04:15 - Tables created successfully
2025-12-31 10:04:17 - Tables created successfully
2025-12-31 10:04:17 - Tables created successfully
2025-12-31 10:04:17 - Tables created successfully
2025-12-31 10:05:10 - Tables created successfully
2025-12-31 10:05:10 - Tables created successfully
2025-12-31 10:05:10 - Tables created successfully
2025-12-31 10:05:20 - Tables created successfully
2025-12-31 10:05:20 - Tables created successfully
2025-12-31 10:05:20 - Tables created successfully
2025-12-31 10:05:48 - Tables created successfully
2025-12-31 10:05:50 - Tables created successfully
2025-12-31 10:05:50 - Tables created successfully
2025-12-31 10:05:50 - Tables created successfully
2025-12-31 10:05:51 - Tables created successfully
2025-12-31 10:05:53 - Tables created successfully
2025-12-31 10:05:53 - Tables created successfully
2025-12-31 10:05:53 - Tables created successfully
2025-12-31 10:05:54 - Tables created successfully
2025-12-31 10:05:56 - Tables created successfully
2025-12-31 10:05:56 - Tables created successfully
2025-12-31 10:05:56 - Tables created successfully
2025-12-31 10:05:58 - Tables created successfully
2025-12-31 10:06:00 - Tables created successfully
2025-12-31 10:06:00 - Tables created successfully
2025-12-31 10:06:00 - Tables created successfully
2025-12-31 10:06:18 - Tables created successfully
2025-12-31 10:06:19 - Tables created successfully
2025-12-31 10:06:20 - Tables created successfully
2025-12-31 10:06:22 - Tables created successfully
2025-12-31 10:06:24 - Tables created successfully
2025-12-31 10:06:25 - Tables created successfully
2025-12-31 10:06:28 - Tables created successfully
2025-12-31 10:06:30 - Tables created successfully
2025-12-31 10:07:40 - Tables created successfully
2025-12-31 10:07:47 - Tables created successfully
2025-12-31 10:07:50 - Tables created successfully
2025-12-31 10:07:52 - Tables created successfully
2025-12-31 10:07:54 - Tables created successfully
2025-12-31 10:08:08 - Tables created successfully
2025-12-31 10:08:09 - Tables created successfully
2025-12-31 10:08:10 - Tables created successfully
2025-12-31 10:08:12 - Tables created successfully
2025-12-31 10:08:21 - Tables created successfully
2025-12-31 10:09:01 - Tables created successfully
2025-12-31 10:09:02 - Tables created successfully
2025-12-31 10:11:05 - Tables created successfully
2025-12-31 10:11:09 - Tables created successfully
2025-12-31 10:13:05 - Tables created successfully
2025-12-31 10:13:05 - Form submission started - Array
(
    [fullName] => New12
    [nameWithInitials] => newa
    [nicNo] => 2001304009876
    [telNo] => 09811211231
    [dob] => 2007-12-01
    [email] => new1@gmail.com
    [address] => aaqaaq
    [occupation] => QA1
    [employerName] => ASDQ
    [beneficiaryName] => Array
        (
            [0] => ASZ
        )

    [beneficiaryNIC] => Array
        (
            [0] => 11213334321
        )

    [beneficiaryPercentage] => Array
        (
            [0] => 100
        )

    [years] => 2
    [signingDate] => 2025-12-31
    [accountNo] => 9000987877
    [bank] => BOC
    [branch] => qqaw
    [declaration] => accepted
    [declarationDate] => 2025-12-31
)

2025-12-31 10:13:05 - Files received - Array
(
    [signatureUpload] => Array
        (
            [name] => 693fac4d48b43_1765780557_ID_1__2_.pdf
            [type] => application/pdf
            [tmp_name] => C:\xampp\tmp\php689A.tmp
            [error] => 0
            [size] => 149739
        )

    [investorId] => Array
        (
            [name] => ID_1 (2).pdf
            [type] => application/pdf
            [tmp_name] => C:\xampp\tmp\php68AA.tmp
            [error] => 0
            [size] => 149739
        )

    [beneficiaryId] => Array
        (
            [name] => V6.pdf
            [type] => application/pdf
            [tmp_name] => C:\xampp\tmp\php68AB.tmp
            [error] => 0
            [size] => 149739
        )

    [passbook] => Array
        (
            [name] => ID_1 (1).pdf
            [type] => application/pdf
            [tmp_name] => C:\xampp\tmp\php68AC.tmp
            [error] => 0
            [size] => 149739
        )

    [paymentSlip] => Array
        (
            [name] => Bank_Slip_1.pdf
            [type] => application/pdf
            [tmp_name] => C:\xampp\tmp\php68AD.tmp
            [error] => 0
            [size] => 150243
        )

    [finalSignature] => Array
        (
            [name] => ID_1 (2).pdf
            [type] => application/pdf
            [tmp_name] => C:\xampp\tmp\php68AE.tmp
            [error] => 0
            [size] => 149739
        )

)

2025-12-31 10:13:05 - POST request received
2025-12-31 10:13:05 - Processing form data - Array
(
    [fullName] => New12
    [nameWithInitials] => newa
    [nicNo] => 2001304009876
    [telNo] => 09811211231
    [dob] => 2007-12-01
    [email] => new1@gmail.com
    [address] => aaqaaq
    [occupation] => QA1
    [employerName] => ASDQ
    [beneficiaryName] => Array
        (
            [0] => ASZ
        )

    [beneficiaryNIC] => Array
        (
            [0] => 11213334321
        )

    [beneficiaryPercentage] => Array
        (
            [0] => 100
        )

    [years] => 2
    [signingDate] => 2025-12-31
    [accountNo] => 9000987877
    [bank] => BOC
    [branch] => qqaw
    [declaration] => accepted
    [declarationDate] => 2025-12-31
)

2025-12-31 10:13:05 - Attempting to upload file - Array
(
    [source] => C:\xampp\tmp\php689A.tmp
    [destination] => C:\xampp\htdocs\eco-wealth-portal/uploads/6954a9d9d9217_1767156185_693fac4d48b43_1765780557_ID_1__2_.pdf
    [file_size] => 149739
)

2025-12-31 10:13:05 - File uploaded successfully - 6954a9d9d9217_1767156185_693fac4d48b43_1765780557_ID_1__2_.pdf
2025-12-31 10:13:05 - Attempting to upload file - Array
(
    [source] => C:\xampp\tmp\php68AA.tmp
    [destination] => C:\xampp\htdocs\eco-wealth-portal/uploads/6954a9d9d95b1_1767156185_ID_1__2_.pdf
    [file_size] => 149739
)

2025-12-31 10:13:05 - File uploaded successfully - 6954a9d9d95b1_1767156185_ID_1__2_.pdf
2025-12-31 10:13:05 - Attempting to upload file - Array
(
    [source] => C:\xampp\tmp\php68AB.tmp
    [destination] => C:\xampp\htdocs\eco-wealth-portal/uploads/6954a9d9d990a_1767156185_V6.pdf
    [file_size] => 149739
)

2025-12-31 10:13:05 - File uploaded successfully - 6954a9d9d990a_1767156185_V6.pdf
2025-12-31 10:13:05 - Attempting to upload file - Array
(
    [source] => C:\xampp\tmp\php68AC.tmp
    [destination] => C:\xampp\htdocs\eco-wealth-portal/uploads/6954a9d9d9c68_1767156185_ID_1__1_.pdf
    [file_size] => 149739
)

2025-12-31 10:13:05 - File uploaded successfully - 6954a9d9d9c68_1767156185_ID_1__1_.pdf
2025-12-31 10:13:05 - Attempting to upload file - Array
(
    [source] => C:\xampp\tmp\php68AD.tmp
    [destination] => C:\xampp\htdocs\eco-wealth-portal/uploads/6954a9d9d9f2e_1767156185_Bank_Slip_1.pdf
    [file_size] => 150243
)

2025-12-31 10:13:05 - File uploaded successfully - 6954a9d9d9f2e_1767156185_Bank_Slip_1.pdf
2025-12-31 10:13:05 - Attempting to upload file - Array
(
    [source] => C:\xampp\tmp\php68AE.tmp
    [destination] => C:\xampp\htdocs\eco-wealth-portal/uploads/6954a9d9da1f3_1767156185_ID_1__2_.pdf
    [file_size] => 149739
)

2025-12-31 10:13:05 - File uploaded successfully - 6954a9d9da1f3_1767156185_ID_1__2_.pdf
2025-12-31 10:13:05 - Cleaned up file on error - C:\xampp\htdocs\eco-wealth-portal/uploads/6954a9d9d9217_1767156185_693fac4d48b43_1765780557_ID_1__2_.pdf
2025-12-31 10:13:05 - Cleaned up file on error - C:\xampp\htdocs\eco-wealth-portal/uploads/6954a9d9d95b1_1767156185_ID_1__2_.pdf
2025-12-31 10:13:05 - Cleaned up file on error - C:\xampp\htdocs\eco-wealth-portal/uploads/6954a9d9d990a_1767156185_V6.pdf
2025-12-31 10:13:05 - Cleaned up file on error - C:\xampp\htdocs\eco-wealth-portal/uploads/6954a9d9d9c68_1767156185_ID_1__1_.pdf
2025-12-31 10:13:05 - Cleaned up file on error - C:\xampp\htdocs\eco-wealth-portal/uploads/6954a9d9d9f2e_1767156185_Bank_Slip_1.pdf
2025-12-31 10:13:05 - Cleaned up file on error - C:\xampp\htdocs\eco-wealth-portal/uploads/6954a9d9da1f3_1767156185_ID_1__2_.pdf
2025-12-31 10:13:05 - Form processing error - SQLSTATE[42S22]: Column not found: 1054 Unknown column 'role' in 'field list'
2025-12-31 10:13:05 - Redirecting back to index with error - Array
(
    [error] => SQLSTATE[42S22]: Column not found: 1054 Unknown column 'role' in 'field list'
)

2025-12-31 10:16:05 - Tables created successfully
2025-12-31 10:21:06 - Tables created successfully
2025-12-31 10:26:07 - Tables created successfully
2025-12-31 10:26:49 - Tables created successfully
2025-12-31 10:26:52 - Tables created successfully
2025-12-31 10:26:54 - Tables created successfully
2025-12-31 10:26:56 - Tables created successfully
2025-12-31 10:27:00 - Tables created successfully
2026-01-02 10:25:47 - Tables created successfully
2026-01-02 10:26:55 - Tables created successfully
2026-01-02 10:26:58 - Tables created successfully
2026-01-02 10:27:07 - Tables created successfully
2026-01-02 10:27:07 - Tables created successfully
2026-01-02 10:27:09 - Tables created successfully
2026-01-02 10:27:12 - Tables created successfully
2026-01-02 10:29:04 - Tables created successfully
2026-01-02 10:29:04 - Form submission started - Array
(
    [fullName] => Dilshan
    [nameWithInitials] => kasun
    [nicNo] => 200130400384
    [telNo] => 0717499981
    [dob] => 2008-01-02
    [email] => dkasun558@gmail.com
    [address] => 368/6 Rathnapura Road Kalawana
    [occupation] => IT
    [employerName] => Kasun Dilshan
    [beneficiaryName] => Array
        (
            [0] => wq
        )

    [beneficiaryNIC] => Array
        (
            [0] => 1211333
        )

    [beneficiaryPercentage] => Array
        (
            [0] => 100
        )

    [years] => 1
    [signingDate] => 2026-01-02
    [accountNo] => 21312312
    [bank] => BOC
    [branch] => Colombo
    [declaration] => accepted
    [declarationDate] => 2026-01-02
)

2026-01-02 10:29:04 - Files received - Array
(
    [signatureUpload] => Array
        (
            [name] => 693fac4d48b43_1765780557_ID_1__2_.pdf
            [type] => application/pdf
            [tmp_name] => C:\xampp\tmp\php1B64.tmp
            [error] => 0
            [size] => 149739
        )

    [investorId] => Array
        (
            [name] => 693fac4d48b43_1765780557_ID_1__2_.pdf
            [type] => application/pdf
            [tmp_name] => C:\xampp\tmp\php1B65.tmp
            [error] => 0
            [size] => 149739
        )

    [beneficiaryId] => Array
        (
            [name] => ID_1 (3).pdf
            [type] => application/pdf
            [tmp_name] => C:\xampp\tmp\php1B66.tmp
            [error] => 0
            [size] => 149739
        )

    [passbook] => Array
        (
            [name] => ID_1 (3).pdf
            [type] => application/pdf
            [tmp_name] => C:\xampp\tmp\php1B67.tmp
            [error] => 0
            [size] => 149739
        )

    [paymentSlip] => Array
        (
            [name] => V5.pdf
            [type] => application/pdf
            [tmp_name] => C:\xampp\tmp\php1B77.tmp
            [error] => 0
            [size] => 149151
        )

    [finalSignature] => Array
        (
            [name] => 693fac4d48b43_1765780557_ID_1__2_.pdf
            [type] => application/pdf
            [tmp_name] => C:\xampp\tmp\php1B78.tmp
            [error] => 0
            [size] => 149739
        )

)

2026-01-02 10:29:04 - POST request received
2026-01-02 10:29:04 - Processing form data - Array
(
    [fullName] => Dilshan
    [nameWithInitials] => kasun
    [nicNo] => 200130400384
    [telNo] => 0717499981
    [dob] => 2008-01-02
    [email] => dkasun558@gmail.com
    [address] => 368/6 Rathnapura Road Kalawana
    [occupation] => IT
    [employerName] => Kasun Dilshan
    [beneficiaryName] => Array
        (
            [0] => wq
        )

    [beneficiaryNIC] => Array
        (
            [0] => 1211333
        )

    [beneficiaryPercentage] => Array
        (
            [0] => 100
        )

    [years] => 1
    [signingDate] => 2026-01-02
    [accountNo] => 21312312
    [bank] => BOC
    [branch] => Colombo
    [declaration] => accepted
    [declarationDate] => 2026-01-02
)

2026-01-02 10:29:04 - Attempting to upload file - Array
(
    [source] => C:\xampp\tmp\php1B64.tmp
    [destination] => C:\xampp\htdocs\eco-wealth-portal/uploads/69575098d6e40_1767329944_693fac4d48b43_1765780557_ID_1__2_.pdf
    [file_size] => 149739
)

2026-01-02 10:29:04 - File uploaded successfully - 69575098d6e40_1767329944_693fac4d48b43_1765780557_ID_1__2_.pdf
2026-01-02 10:29:04 - Attempting to upload file - Array
(
    [source] => C:\xampp\tmp\php1B65.tmp
    [destination] => C:\xampp\htdocs\eco-wealth-portal/uploads/69575098d7523_1767329944_693fac4d48b43_1765780557_ID_1__2_.pdf
    [file_size] => 149739
)

2026-01-02 10:29:04 - File uploaded successfully - 69575098d7523_1767329944_693fac4d48b43_1765780557_ID_1__2_.pdf
2026-01-02 10:29:04 - Attempting to upload file - Array
(
    [source] => C:\xampp\tmp\php1B66.tmp
    [destination] => C:\xampp\htdocs\eco-wealth-portal/uploads/69575098d7a5f_1767329944_ID_1__3_.pdf
    [file_size] => 149739
)

2026-01-02 10:29:04 - File uploaded successfully - 69575098d7a5f_1767329944_ID_1__3_.pdf
2026-01-02 10:29:04 - Attempting to upload file - Array
(
    [source] => C:\xampp\tmp\php1B67.tmp
    [destination] => C:\xampp\htdocs\eco-wealth-portal/uploads/69575098d7ed1_1767329944_ID_1__3_.pdf
    [file_size] => 149739
)

2026-01-02 10:29:04 - File uploaded successfully - 69575098d7ed1_1767329944_ID_1__3_.pdf
2026-01-02 10:29:04 - Attempting to upload file - Array
(
    [source] => C:\xampp\tmp\php1B77.tmp
    [destination] => C:\xampp\htdocs\eco-wealth-portal/uploads/69575098d8d6a_1767329944_V5.pdf
    [file_size] => 149151
)

2026-01-02 10:29:04 - File uploaded successfully - 69575098d8d6a_1767329944_V5.pdf
2026-01-02 10:29:04 - Attempting to upload file - Array
(
    [source] => C:\xampp\tmp\php1B78.tmp
    [destination] => C:\xampp\htdocs\eco-wealth-portal/uploads/69575098d9fd1_1767329944_693fac4d48b43_1765780557_ID_1__2_.pdf
    [file_size] => 149739
)

2026-01-02 10:29:04 - File uploaded successfully - 69575098d9fd1_1767329944_693fac4d48b43_1765780557_ID_1__2_.pdf
2026-01-02 10:29:04 - Cleaned up file on error - C:\xampp\htdocs\eco-wealth-portal/uploads/69575098d6e40_1767329944_693fac4d48b43_1765780557_ID_1__2_.pdf
2026-01-02 10:29:04 - Cleaned up file on error - C:\xampp\htdocs\eco-wealth-portal/uploads/69575098d7523_1767329944_693fac4d48b43_1765780557_ID_1__2_.pdf
2026-01-02 10:29:04 - Cleaned up file on error - C:\xampp\htdocs\eco-wealth-portal/uploads/69575098d7a5f_1767329944_ID_1__3_.pdf
2026-01-02 10:29:04 - Cleaned up file on error - C:\xampp\htdocs\eco-wealth-portal/uploads/69575098d7ed1_1767329944_ID_1__3_.pdf
2026-01-02 10:29:04 - Cleaned up file on error - C:\xampp\htdocs\eco-wealth-portal/uploads/69575098d8d6a_1767329944_V5.pdf
2026-01-02 10:29:04 - Cleaned up file on error - C:\xampp\htdocs\eco-wealth-portal/uploads/69575098d9fd1_1767329944_693fac4d48b43_1765780557_ID_1__2_.pdf
2026-01-02 10:29:04 - Form processing error - SQLSTATE[42S22]: Column not found: 1054 Unknown column 'role' in 'field list'
2026-01-02 10:29:04 - Redirecting back to index with error - Array
(
    [error] => SQLSTATE[42S22]: Column not found: 1054 Unknown column 'role' in 'field list'
)

2026-01-02 10:32:13 - Tables created successfully
2026-01-02 10:37:14 - Tables created successfully
2026-01-02 10:40:04 - Tables created successfully
2026-01-02 10:40:05 - Tables created successfully
2026-01-02 10:40:19 - Tables created successfully
2026-01-02 10:40:34 - Tables created successfully
2026-01-02 10:41:39 - Tables created successfully
2026-01-02 10:41:39 - Form submission started - Array
(
    [fullName] => Dilshan
    [nameWithInitials] => kasun
    [nicNo] => 200130400384
    [telNo] => 21131
    [dob] => 2008-01-02
    [email] => dkasun558@gmail.com
    [address] => 368/6 Rathnapura Road Kalawana
    [occupation] => IT
    [employerName] => Kasun Dilshan
    [beneficiaryName] => Array
        (
            [0] => wq
        )

    [beneficiaryNIC] => Array
        (
            [0] => 1211333
        )

    [beneficiaryPercentage] => Array
        (
            [0] => 100
        )

    [years] => 1
    [signingDate] => 2026-01-02
    [accountNo] => 21312312
    [bank] => BOC
    [branch] => qw
    [declaration] => accepted
    [declarationDate] => 2026-01-02
)

2026-01-02 10:41:39 - Files received - Array
(
    [signatureUpload] => Array
        (
            [name] => 693fac4d48b43_1765780557_ID_1__2_.pdf
            [type] => application/pdf
            [tmp_name] => C:\xampp\tmp\php9F88.tmp
            [error] => 0
            [size] => 149739
        )

    [investorId] => Array
        (
            [name] => ID_4.pdf
            [type] => application/pdf
            [tmp_name] => C:\xampp\tmp\php9F89.tmp
            [error] => 0
            [size] => 149739
        )

    [beneficiaryId] => Array
        (
            [name] => ID_1.pdf
            [type] => application/pdf
            [tmp_name] => C:\xampp\tmp\php9F8A.tmp
            [error] => 0
            [size] => 149739
        )

    [passbook] => Array
        (
            [name] => 693fac4d48b43_1765780557_ID_1__2_.pdf
            [type] => application/pdf
            [tmp_name] => C:\xampp\tmp\php9F8B.tmp
            [error] => 0
            [size] => 149739
        )

    [paymentSlip] => Array
        (
            [name] => ID_1 (1).pdf
            [type] => application/pdf
            [tmp_name] => C:\xampp\tmp\php9F9C.tmp
            [error] => 0
            [size] => 149739
        )

    [finalSignature] => Array
        (
            [name] => ID_4.pdf
            [type] => application/pdf
            [tmp_name] => C:\xampp\tmp\php9F9D.tmp
            [error] => 0
            [size] => 149739
        )

)

2026-01-02 10:41:39 - POST request received
2026-01-02 10:41:39 - Processing form data - Array
(
    [fullName] => Dilshan
    [nameWithInitials] => kasun
    [nicNo] => 200130400384
    [telNo] => 21131
    [dob] => 2008-01-02
    [email] => dkasun558@gmail.com
    [address] => 368/6 Rathnapura Road Kalawana
    [occupation] => IT
    [employerName] => Kasun Dilshan
    [beneficiaryName] => Array
        (
            [0] => wq
        )

    [beneficiaryNIC] => Array
        (
            [0] => 1211333
        )

    [beneficiaryPercentage] => Array
        (
            [0] => 100
        )

    [years] => 1
    [signingDate] => 2026-01-02
    [accountNo] => 21312312
    [bank] => BOC
    [branch] => qw
    [declaration] => accepted
    [declarationDate] => 2026-01-02
)

2026-01-02 10:41:39 - Attempting to upload file - Array
(
    [source] => C:\xampp\tmp\php9F88.tmp
    [destination] => C:\xampp\htdocs\eco-wealth-portal/uploads/6957538b8a4c1_1767330699_693fac4d48b43_1765780557_ID_1__2_.pdf
    [file_size] => 149739
)

2026-01-02 10:41:39 - File uploaded successfully - 6957538b8a4c1_1767330699_693fac4d48b43_1765780557_ID_1__2_.pdf
2026-01-02 10:41:39 - Attempting to upload file - Array
(
    [source] => C:\xampp\tmp\php9F89.tmp
    [destination] => C:\xampp\htdocs\eco-wealth-portal/uploads/6957538b8a86d_1767330699_ID_4.pdf
    [file_size] => 149739
)

2026-01-02 10:41:39 - File uploaded successfully - 6957538b8a86d_1767330699_ID_4.pdf
2026-01-02 10:41:39 - Attempting to upload file - Array
(
    [source] => C:\xampp\tmp\php9F8A.tmp
    [destination] => C:\xampp\htdocs\eco-wealth-portal/uploads/6957538b8abbb_1767330699_ID_1.pdf
    [file_size] => 149739
)

2026-01-02 10:41:39 - File uploaded successfully - 6957538b8abbb_1767330699_ID_1.pdf
2026-01-02 10:41:39 - Attempting to upload file - Array
(
    [source] => C:\xampp\tmp\php9F8B.tmp
    [destination] => C:\xampp\htdocs\eco-wealth-portal/uploads/6957538b8b181_1767330699_693fac4d48b43_1765780557_ID_1__2_.pdf
    [file_size] => 149739
)

2026-01-02 10:41:39 - File uploaded successfully - 6957538b8b181_1767330699_693fac4d48b43_1765780557_ID_1__2_.pdf
2026-01-02 10:41:39 - Attempting to upload file - Array
(
    [source] => C:\xampp\tmp\php9F9C.tmp
    [destination] => C:\xampp\htdocs\eco-wealth-portal/uploads/6957538b8b4cf_1767330699_ID_1__1_.pdf
    [file_size] => 149739
)

2026-01-02 10:41:39 - File uploaded successfully - 6957538b8b4cf_1767330699_ID_1__1_.pdf
2026-01-02 10:41:39 - Attempting to upload file - Array
(
    [source] => C:\xampp\tmp\php9F9D.tmp
    [destination] => C:\xampp\htdocs\eco-wealth-portal/uploads/6957538b8b828_1767330699_ID_4.pdf
    [file_size] => 149739
)

2026-01-02 10:41:39 - File uploaded successfully - 6957538b8b828_1767330699_ID_4.pdf
2026-01-02 10:41:39 - Cleaned up file on error - C:\xampp\htdocs\eco-wealth-portal/uploads/6957538b8a4c1_1767330699_693fac4d48b43_1765780557_ID_1__2_.pdf
2026-01-02 10:41:39 - Cleaned up file on error - C:\xampp\htdocs\eco-wealth-portal/uploads/6957538b8a86d_1767330699_ID_4.pdf
2026-01-02 10:41:39 - Cleaned up file on error - C:\xampp\htdocs\eco-wealth-portal/uploads/6957538b8abbb_1767330699_ID_1.pdf
2026-01-02 10:41:39 - Cleaned up file on error - C:\xampp\htdocs\eco-wealth-portal/uploads/6957538b8b181_1767330699_693fac4d48b43_1765780557_ID_1__2_.pdf
2026-01-02 10:41:39 - Cleaned up file on error - C:\xampp\htdocs\eco-wealth-portal/uploads/6957538b8b4cf_1767330699_ID_1__1_.pdf
2026-01-02 10:41:39 - Cleaned up file on error - C:\xampp\htdocs\eco-wealth-portal/uploads/6957538b8b828_1767330699_ID_4.pdf
2026-01-02 10:41:39 - Form processing error - SQLSTATE[42S22]: Column not found: 1054 Unknown column 'role' in 'field list'
2026-01-02 10:41:39 - Redirecting back to index with error - Array
(
    [error] => SQLSTATE[42S22]: Column not found: 1054 Unknown column 'role' in 'field list'
)

2026-01-02 10:45:59 - Tables created successfully
2026-01-02 10:46:00 - Tables created successfully
2026-01-02 10:46:00 - Tables created successfully
2026-01-02 10:46:00 - Tables created successfully
2026-01-02 10:46:03 - Tables created successfully
2026-01-02 10:46:06 - Tables created successfully
2026-01-02 10:46:06 - Tables created successfully
2026-01-02 10:46:07 - Tables created successfully
2026-01-02 10:46:07 - Tables created successfully
2026-01-02 10:46:07 - Tables created successfully
2026-01-02 10:46:07 - Tables created successfully
2026-01-02 10:46:07 - Tables created successfully
2026-01-02 10:47:03 - Tables created successfully
2026-01-02 10:47:03 - Form submission started - Array
(
    [fullName] => Dilshan
    [nameWithInitials] => kasun
    [nicNo] => 200130400384
    [telNo] => 0717499981
    [dob] => 2008-01-02
    [email] => dkasun558@gmail.com
    [address] => 368/6 Rathnapura Road Kalawana
    [occupation] => IT
    [employerName] => Kasun Dilshan
    [beneficiaryName] => Array
        (
            [0] => wq
        )

    [beneficiaryNIC] => Array
        (
            [0] => 200130400385
        )

    [beneficiaryPercentage] => Array
        (
            [0] => 100
        )

    [years] => 1
    [signingDate] => 2026-01-02
    [accountNo] => 221312
    [bank] => SDS
    [branch] => ASDAD
    [declaration] => accepted
    [declarationDate] => 2026-01-02
)

2026-01-02 10:47:03 - Files received - Array
(
    [signatureUpload] => Array
        (
            [name] => 693fac4d48b43_1765780557_ID_1__2_.pdf
            [type] => application/pdf
            [tmp_name] => C:\xampp\tmp\php8FE6.tmp
            [error] => 0
            [size] => 149739
        )

    [investorId] => Array
        (
            [name] => ID_1 (1).pdf
            [type] => application/pdf
            [tmp_name] => C:\xampp\tmp\php8FE7.tmp
            [error] => 0
            [size] => 149739
        )

    [beneficiaryId] => Array
        (
            [name] => 693fac4d48b43_1765780557_ID_1__2_.pdf
            [type] => application/pdf
            [tmp_name] => C:\xampp\tmp\php8FE8.tmp
            [error] => 0
            [size] => 149739
        )

    [passbook] => Array
        (
            [name] => 693fac4d48b43_1765780557_ID_1__2_.pdf
            [type] => application/pdf
            [tmp_name] => C:\xampp\tmp\php8FE9.tmp
            [error] => 0
            [size] => 149739
        )

    [paymentSlip] => Array
        (
            [name] => 693fac4d48b43_1765780557_ID_1__2_.pdf
            [type] => application/pdf
            [tmp_name] => C:\xampp\tmp\php8FFA.tmp
            [error] => 0
            [size] => 149739
        )

    [finalSignature] => Array
        (
            [name] => V6.pdf
            [type] => application/pdf
            [tmp_name] => C:\xampp\tmp\php8FFB.tmp
            [error] => 0
            [size] => 149739
        )

)

2026-01-02 10:47:03 - POST request received
2026-01-02 10:47:03 - Processing form data - Array
(
    [fullName] => Dilshan
    [nameWithInitials] => kasun
    [nicNo] => 200130400384
    [telNo] => 0717499981
    [dob] => 2008-01-02
    [email] => dkasun558@gmail.com
    [address] => 368/6 Rathnapura Road Kalawana
    [occupation] => IT
    [employerName] => Kasun Dilshan
    [beneficiaryName] => Array
        (
            [0] => wq
        )

    [beneficiaryNIC] => Array
        (
            [0] => 200130400385
        )

    [beneficiaryPercentage] => Array
        (
            [0] => 100
        )

    [years] => 1
    [signingDate] => 2026-01-02
    [accountNo] => 221312
    [bank] => SDS
    [branch] => ASDAD
    [declaration] => accepted
    [declarationDate] => 2026-01-02
)

2026-01-02 10:47:03 - Attempting to upload file - Array
(
    [source] => C:\xampp\tmp\php8FE6.tmp
    [destination] => C:\xampp\htdocs\eco-wealth-portal/uploads/695754cf3a8e1_1767331023_693fac4d48b43_1765780557_ID_1__2_.pdf
    [file_size] => 149739
)

2026-01-02 10:47:03 - File uploaded successfully - 695754cf3a8e1_1767331023_693fac4d48b43_1765780557_ID_1__2_.pdf
2026-01-02 10:47:03 - Attempting to upload file - Array
(
    [source] => C:\xampp\tmp\php8FE7.tmp
    [destination] => C:\xampp\htdocs\eco-wealth-portal/uploads/695754cf3ac6d_1767331023_ID_1__1_.pdf
    [file_size] => 149739
)

2026-01-02 10:47:03 - File uploaded successfully - 695754cf3ac6d_1767331023_ID_1__1_.pdf
2026-01-02 10:47:03 - Attempting to upload file - Array
(
    [source] => C:\xampp\tmp\php8FE8.tmp
    [destination] => C:\xampp\htdocs\eco-wealth-portal/uploads/695754cf3af59_1767331023_693fac4d48b43_1765780557_ID_1__2_.pdf
    [file_size] => 149739
)

2026-01-02 10:47:03 - File uploaded successfully - 695754cf3af59_1767331023_693fac4d48b43_1765780557_ID_1__2_.pdf
2026-01-02 10:47:03 - Attempting to upload file - Array
(
    [source] => C:\xampp\tmp\php8FE9.tmp
    [destination] => C:\xampp\htdocs\eco-wealth-portal/uploads/695754cf3b2af_1767331023_693fac4d48b43_1765780557_ID_1__2_.pdf
    [file_size] => 149739
)

2026-01-02 10:47:03 - File uploaded successfully - 695754cf3b2af_1767331023_693fac4d48b43_1765780557_ID_1__2_.pdf
2026-01-02 10:47:03 - Attempting to upload file - Array
(
    [source] => C:\xampp\tmp\php8FFA.tmp
    [destination] => C:\xampp\htdocs\eco-wealth-portal/uploads/695754cf3b60f_1767331023_693fac4d48b43_1765780557_ID_1__2_.pdf
    [file_size] => 149739
)

2026-01-02 10:47:03 - File uploaded successfully - 695754cf3b60f_1767331023_693fac4d48b43_1765780557_ID_1__2_.pdf
2026-01-02 10:47:03 - Attempting to upload file - Array
(
    [source] => C:\xampp\tmp\php8FFB.tmp
    [destination] => C:\xampp\htdocs\eco-wealth-portal/uploads/695754cf3b9d7_1767331023_V6.pdf
    [file_size] => 149739
)

2026-01-02 10:47:03 - File uploaded successfully - 695754cf3b9d7_1767331023_V6.pdf
2026-01-02 10:47:03 - Cleaned up file on error - C:\xampp\htdocs\eco-wealth-portal/uploads/695754cf3a8e1_1767331023_693fac4d48b43_1765780557_ID_1__2_.pdf
2026-01-02 10:47:03 - Cleaned up file on error - C:\xampp\htdocs\eco-wealth-portal/uploads/695754cf3ac6d_1767331023_ID_1__1_.pdf
2026-01-02 10:47:03 - Cleaned up file on error - C:\xampp\htdocs\eco-wealth-portal/uploads/695754cf3af59_1767331023_693fac4d48b43_1765780557_ID_1__2_.pdf
2026-01-02 10:47:03 - Cleaned up file on error - C:\xampp\htdocs\eco-wealth-portal/uploads/695754cf3b2af_1767331023_693fac4d48b43_1765780557_ID_1__2_.pdf
2026-01-02 10:47:03 - Cleaned up file on error - C:\xampp\htdocs\eco-wealth-portal/uploads/695754cf3b60f_1767331023_693fac4d48b43_1765780557_ID_1__2_.pdf
2026-01-02 10:47:03 - Cleaned up file on error - C:\xampp\htdocs\eco-wealth-portal/uploads/695754cf3b9d7_1767331023_V6.pdf
2026-01-02 10:47:03 - Form processing error - SQLSTATE[42S22]: Column not found: 1054 Unknown column 'role' in 'field list'
2026-01-02 10:47:03 - Redirecting back to index with error - Array
(
    [error] => SQLSTATE[42S22]: Column not found: 1054 Unknown column 'role' in 'field list'
)

2026-01-02 10:47:03 - Tables created successfully
2026-01-02 12:01:44 - Tables created successfully
2026-01-02 12:01:44 - Form submission started - Array
(
    [fullName] => Dilshan
    [nameWithInitials] => kasun
    [nicNo] => 200130400384
    [telNo] => 0717499981
    [dob] => 2008-01-01
    [email] => dkasun558@gmail.com
    [address] => 368/6 Rathnapura Road Kalawana
    [occupation] => IT
    [employerName] => Kasun Dilshan
    [beneficiaryName] => Array
        (
            [0] => Kassa
        )

    [beneficiaryNIC] => Array
        (
            [0] => 200130400388
        )

    [beneficiaryPercentage] => Array
        (
            [0] => 100
        )

    [years] => 1
    [signingDate] => 2026-01-02
    [accountNo] => 21312312
    [bank] => BOC
    [branch] => Colombo
    [declaration] => accepted
    [declarationDate] => 2026-01-02
)

2026-01-02 12:01:44 - Files received - Array
(
    [signatureUpload] => Array
        (
            [name] => 693fac4d48b43_1765780557_ID_1__2_.pdf
            [type] => application/pdf
            [tmp_name] => C:\xampp\tmp\phpF207.tmp
            [error] => 0
            [size] => 149739
        )

    [investorId] => Array
        (
            [name] => 693fac4d48b43_1765780557_ID_1__2_.pdf
            [type] => application/pdf
            [tmp_name] => C:\xampp\tmp\phpF208.tmp
            [error] => 0
            [size] => 149739
        )

    [beneficiaryId] => Array
        (
            [name] => ID_4.pdf
            [type] => application/pdf
            [tmp_name] => C:\xampp\tmp\phpF209.tmp
            [error] => 0
            [size] => 149739
        )

    [passbook] => Array
        (
            [name] => ID_1 (2).pdf
            [type] => application/pdf
            [tmp_name] => C:\xampp\tmp\phpF20A.tmp
            [error] => 0
            [size] => 149739
        )

    [paymentSlip] => Array
        (
            [name] => Bank_Slip_1.pdf
            [type] => application/pdf
            [tmp_name] => C:\xampp\tmp\phpF21A.tmp
            [error] => 0
            [size] => 150243
        )

    [finalSignature] => Array
        (
            [name] => ID_1 (2).pdf
            [type] => application/pdf
            [tmp_name] => C:\xampp\tmp\phpF21B.tmp
            [error] => 0
            [size] => 149739
        )

)

2026-01-02 12:01:44 - POST request received
2026-01-02 12:01:44 - Processing form data - Array
(
    [fullName] => Dilshan
    [nameWithInitials] => kasun
    [nicNo] => 200130400384
    [telNo] => 0717499981
    [dob] => 2008-01-01
    [email] => dkasun558@gmail.com
    [address] => 368/6 Rathnapura Road Kalawana
    [occupation] => IT
    [employerName] => Kasun Dilshan
    [beneficiaryName] => Array
        (
            [0] => Kassa
        )

    [beneficiaryNIC] => Array
        (
            [0] => 200130400388
        )

    [beneficiaryPercentage] => Array
        (
            [0] => 100
        )

    [years] => 1
    [signingDate] => 2026-01-02
    [accountNo] => 21312312
    [bank] => BOC
    [branch] => Colombo
    [declaration] => accepted
    [declarationDate] => 2026-01-02
)

2026-01-02 12:01:44 - Attempting to upload file - Array
(
    [source] => C:\xampp\tmp\phpF207.tmp
    [destination] => C:\xampp\htdocs\eco-wealth-portal/uploads/69576650bcdac_1767335504_693fac4d48b43_1765780557_ID_1__2_.pdf
    [file_size] => 149739
)

2026-01-02 12:01:44 - File uploaded successfully - 69576650bcdac_1767335504_693fac4d48b43_1765780557_ID_1__2_.pdf
2026-01-02 12:01:44 - Attempting to upload file - Array
(
    [source] => C:\xampp\tmp\phpF208.tmp
    [destination] => C:\xampp\htdocs\eco-wealth-portal/uploads/69576650bd2dd_1767335504_693fac4d48b43_1765780557_ID_1__2_.pdf
    [file_size] => 149739
)

2026-01-02 12:01:44 - File uploaded successfully - 69576650bd2dd_1767335504_693fac4d48b43_1765780557_ID_1__2_.pdf
2026-01-02 12:01:44 - Attempting to upload file - Array
(
    [source] => C:\xampp\tmp\phpF209.tmp
    [destination] => C:\xampp\htdocs\eco-wealth-portal/uploads/69576650bd77b_1767335504_ID_4.pdf
    [file_size] => 149739
)

2026-01-02 12:01:44 - File uploaded successfully - 69576650bd77b_1767335504_ID_4.pdf
2026-01-02 12:01:44 - Attempting to upload file - Array
(
    [source] => C:\xampp\tmp\phpF20A.tmp
    [destination] => C:\xampp\htdocs\eco-wealth-portal/uploads/69576650bdbe6_1767335504_ID_1__2_.pdf
    [file_size] => 149739
)

2026-01-02 12:01:44 - File uploaded successfully - 69576650bdbe6_1767335504_ID_1__2_.pdf
2026-01-02 12:01:44 - Attempting to upload file - Array
(
    [source] => C:\xampp\tmp\phpF21A.tmp
    [destination] => C:\xampp\htdocs\eco-wealth-portal/uploads/69576650be1a8_1767335504_Bank_Slip_1.pdf
    [file_size] => 150243
)

2026-01-02 12:01:44 - File uploaded successfully - 69576650be1a8_1767335504_Bank_Slip_1.pdf
2026-01-02 12:01:44 - Attempting to upload file - Array
(
    [source] => C:\xampp\tmp\phpF21B.tmp
    [destination] => C:\xampp\htdocs\eco-wealth-portal/uploads/69576650bf5f6_1767335504_ID_1__2_.pdf
    [file_size] => 149739
)

2026-01-02 12:01:44 - File uploaded successfully - 69576650bf5f6_1767335504_ID_1__2_.pdf
2026-01-02 12:01:44 - Cleaned up file on error - C:\xampp\htdocs\eco-wealth-portal/uploads/69576650bcdac_1767335504_693fac4d48b43_1765780557_ID_1__2_.pdf
2026-01-02 12:01:44 - Cleaned up file on error - C:\xampp\htdocs\eco-wealth-portal/uploads/69576650bd2dd_1767335504_693fac4d48b43_1765780557_ID_1__2_.pdf
2026-01-02 12:01:44 - Cleaned up file on error - C:\xampp\htdocs\eco-wealth-portal/uploads/69576650bd77b_1767335504_ID_4.pdf
2026-01-02 12:01:44 - Cleaned up file on error - C:\xampp\htdocs\eco-wealth-portal/uploads/69576650bdbe6_1767335504_ID_1__2_.pdf
2026-01-02 12:01:44 - Cleaned up file on error - C:\xampp\htdocs\eco-wealth-portal/uploads/69576650be1a8_1767335504_Bank_Slip_1.pdf
2026-01-02 12:01:44 - Cleaned up file on error - C:\xampp\htdocs\eco-wealth-portal/uploads/69576650bf5f6_1767335504_ID_1__2_.pdf
2026-01-02 12:01:44 - Form processing error - SQLSTATE[42S22]: Column not found: 1054 Unknown column 'role' in 'field list'
2026-01-02 12:01:44 - Redirecting back to index with error - Array
(
    [error] => SQLSTATE[42S22]: Column not found: 1054 Unknown column 'role' in 'field list'
)

2026-01-02 12:07:37 - Tables created successfully
2026-01-02 12:07:37 - Form submission started - Array
(
    [fullName] => Dilshan
    [nameWithInitials] => kasun
    [nicNo] => 2121212
    [telNo] => 0717499981
    [dob] => 2008-01-01
    [email] => dkasun558@gmail.com
    [address] => 368/6 Rathnapura Road Kalawana
    [occupation] => w
    [employerName] => Kasun Dilshan
    [beneficiaryName] => Array
        (
            [0] => wq
        )

    [beneficiaryNIC] => Array
        (
            [0] => 1211333
        )

    [beneficiaryPercentage] => Array
        (
            [0] => 100
        )

    [years] => 1
    [signingDate] => 2026-01-02
    [accountNo] => 21312312
    [bank] => BOC
    [branch] => ASDAD
    [declaration] => accepted
    [declarationDate] => 2026-01-02
)

2026-01-02 12:07:37 - Files received - Array
(
    [signatureUpload] => Array
        (
            [name] => 693fac4d48b43_1765780557_ID_1__2_.pdf
            [type] => application/pdf
            [tmp_name] => C:\xampp\tmp\php54C6.tmp
            [error] => 0
            [size] => 149739
        )

    [investorId] => Array
        (
            [name] => 693fac4d48b43_1765780557_ID_1__2_.pdf
            [type] => application/pdf
            [tmp_name] => C:\xampp\tmp\php54C7.tmp
            [error] => 0
            [size] => 149739
        )

    [beneficiaryId] => Array
        (
            [name] => ID_1 (1).pdf
            [type] => application/pdf
            [tmp_name] => C:\xampp\tmp\php54C8.tmp
            [error] => 0
            [size] => 149739
        )

    [passbook] => Array
        (
            [name] => Bank_Slip_1.pdf
            [type] => application/pdf
            [tmp_name] => C:\xampp\tmp\php54C9.tmp
            [error] => 0
            [size] => 150243
        )

    [paymentSlip] => Array
        (
            [name] => Bank_Slip_1.pdf
            [type] => application/pdf
            [tmp_name] => C:\xampp\tmp\php54D9.tmp
            [error] => 0
            [size] => 150243
        )

    [finalSignature] => Array
        (
            [name] => Bank_Slip_1.pdf
            [type] => application/pdf
            [tmp_name] => C:\xampp\tmp\php54DA.tmp
            [error] => 0
            [size] => 150243
        )

)

2026-01-02 12:07:37 - POST request received
2026-01-02 12:07:37 - Processing form data - Array
(
    [fullName] => Dilshan
    [nameWithInitials] => kasun
    [nicNo] => 2121212
    [telNo] => 0717499981
    [dob] => 2008-01-01
    [email] => dkasun558@gmail.com
    [address] => 368/6 Rathnapura Road Kalawana
    [occupation] => w
    [employerName] => Kasun Dilshan
    [beneficiaryName] => Array
        (
            [0] => wq
        )

    [beneficiaryNIC] => Array
        (
            [0] => 1211333
        )

    [beneficiaryPercentage] => Array
        (
            [0] => 100
        )

    [years] => 1
    [signingDate] => 2026-01-02
    [accountNo] => 21312312
    [bank] => BOC
    [branch] => ASDAD
    [declaration] => accepted
    [declarationDate] => 2026-01-02
)

2026-01-02 12:07:37 - Attempting to upload file - Array
(
    [source] => C:\xampp\tmp\php54C6.tmp
    [destination] => C:\xampp\htdocs\eco-wealth-portal/uploads/695767b1ae9da_1767335857_693fac4d48b43_1765780557_ID_1__2_.pdf
    [file_size] => 149739
)

2026-01-02 12:07:37 - File uploaded successfully - 695767b1ae9da_1767335857_693fac4d48b43_1765780557_ID_1__2_.pdf
2026-01-02 12:07:37 - Attempting to upload file - Array
(
    [source] => C:\xampp\tmp\php54C7.tmp
    [destination] => C:\xampp\htdocs\eco-wealth-portal/uploads/695767b1aee20_1767335857_693fac4d48b43_1765780557_ID_1__2_.pdf
    [file_size] => 149739
)

2026-01-02 12:07:37 - File uploaded successfully - 695767b1aee20_1767335857_693fac4d48b43_1765780557_ID_1__2_.pdf
2026-01-02 12:07:37 - Attempting to upload file - Array
(
    [source] => C:\xampp\tmp\php54C8.tmp
    [destination] => C:\xampp\htdocs\eco-wealth-portal/uploads/695767b1af1d3_1767335857_ID_1__1_.pdf
    [file_size] => 149739
)

2026-01-02 12:07:37 - File uploaded successfully - 695767b1af1d3_1767335857_ID_1__1_.pdf
2026-01-02 12:07:37 - Attempting to upload file - Array
(
    [source] => C:\xampp\tmp\php54C9.tmp
    [destination] => C:\xampp\htdocs\eco-wealth-portal/uploads/695767b1af59a_1767335857_Bank_Slip_1.pdf
    [file_size] => 150243
)

2026-01-02 12:07:37 - File uploaded successfully - 695767b1af59a_1767335857_Bank_Slip_1.pdf
2026-01-02 12:07:37 - Attempting to upload file - Array
(
    [source] => C:\xampp\tmp\php54D9.tmp
    [destination] => C:\xampp\htdocs\eco-wealth-portal/uploads/695767b1af8c5_1767335857_Bank_Slip_1.pdf
    [file_size] => 150243
)

2026-01-02 12:07:37 - File uploaded successfully - 695767b1af8c5_1767335857_Bank_Slip_1.pdf
2026-01-02 12:07:37 - Attempting to upload file - Array
(
    [source] => C:\xampp\tmp\php54DA.tmp
    [destination] => C:\xampp\htdocs\eco-wealth-portal/uploads/695767b1afbe2_1767335857_Bank_Slip_1.pdf
    [file_size] => 150243
)

2026-01-02 12:07:37 - File uploaded successfully - 695767b1afbe2_1767335857_Bank_Slip_1.pdf
2026-01-02 12:07:37 - Cleaned up file on error - C:\xampp\htdocs\eco-wealth-portal/uploads/695767b1ae9da_1767335857_693fac4d48b43_1765780557_ID_1__2_.pdf
2026-01-02 12:07:37 - Cleaned up file on error - C:\xampp\htdocs\eco-wealth-portal/uploads/695767b1aee20_1767335857_693fac4d48b43_1765780557_ID_1__2_.pdf
2026-01-02 12:07:37 - Cleaned up file on error - C:\xampp\htdocs\eco-wealth-portal/uploads/695767b1af1d3_1767335857_ID_1__1_.pdf
2026-01-02 12:07:37 - Cleaned up file on error - C:\xampp\htdocs\eco-wealth-portal/uploads/695767b1af59a_1767335857_Bank_Slip_1.pdf
2026-01-02 12:07:37 - Cleaned up file on error - C:\xampp\htdocs\eco-wealth-portal/uploads/695767b1af8c5_1767335857_Bank_Slip_1.pdf
2026-01-02 12:07:37 - Cleaned up file on error - C:\xampp\htdocs\eco-wealth-portal/uploads/695767b1afbe2_1767335857_Bank_Slip_1.pdf
2026-01-02 12:07:37 - Form processing error - SQLSTATE[42S22]: Column not found: 1054 Unknown column 'role' in 'field list'
2026-01-02 12:07:37 - Redirecting back to index with error - Array
(
    [error] => SQLSTATE[42S22]: Column not found: 1054 Unknown column 'role' in 'field list'
)

2026-01-02 12:27:19 - Tables created successfully
2026-01-02 12:27:20 - Tables created successfully
2026-01-02 12:27:20 - Tables created successfully
2026-01-02 12:27:21 - Tables created successfully
2026-01-02 12:27:21 - Tables created successfully
2026-01-02 12:27:21 - Tables created successfully
2026-01-02 12:27:21 - Tables created successfully
2026-01-02 12:27:23 - Tables created successfully
2026-01-02 12:27:25 - Tables created successfully
2026-01-02 12:27:25 - Tables created successfully
2026-01-02 12:29:17 - Tables created successfully
2026-01-02 12:29:17 - Form submission started - Array
(
    [fullName] => KAWISHA
    [nameWithInitials] => K KAWISHA
    [nicNo] => 200160902679
    [telNo] => 0717499982
    [dob] => 2008-01-01
    [email] => kawi@gmail.com
    [address] => 368/6 Rathnapura Road Kalawana
    [occupation] => QA
    [employerName] => hwsa
    [beneficiaryName] => Array
        (
            [0] => UMESH
        )

    [beneficiaryNIC] => Array
        (
            [0] => 89776552122V
        )

    [beneficiaryPercentage] => Array
        (
            [0] => 100
        )

    [years] => 1
    [signingDate] => 2026-01-02
    [accountNo] => 1111111111
    [bank] => BOC
    [branch] => COLOMBO
    [declaration] => accepted
    [declarationDate] => 2026-01-02
)

2026-01-02 12:29:17 - Files received - Array
(
    [signatureUpload] => Array
        (
            [name] => 693fac4d48b43_1765780557_ID_1__2_.pdf
            [type] => application/pdf
            [tmp_name] => C:\xampp\tmp\php2897.tmp
            [error] => 0
            [size] => 149739
        )

    [investorId] => Array
        (
            [name] => ID_4.pdf
            [type] => application/pdf
            [tmp_name] => C:\xampp\tmp\php28A8.tmp
            [error] => 0
            [size] => 149739
        )

    [beneficiaryId] => Array
        (
            [name] => V5.pdf
            [type] => application/pdf
            [tmp_name] => C:\xampp\tmp\php28A9.tmp
            [error] => 0
            [size] => 149151
        )

    [passbook] => Array
        (
            [name] => V6.pdf
            [type] => application/pdf
            [tmp_name] => C:\xampp\tmp\php28AA.tmp
            [error] => 0
            [size] => 149739
        )

    [paymentSlip] => Array
        (
            [name] => V6.pdf
            [type] => application/pdf
            [tmp_name] => C:\xampp\tmp\php28BB.tmp
            [error] => 0
            [size] => 149739
        )

    [finalSignature] => Array
        (
            [name] => ID_1 (3).pdf
            [type] => application/pdf
            [tmp_name] => C:\xampp\tmp\php28BC.tmp
            [error] => 0
            [size] => 149739
        )

)

2026-01-02 12:29:17 - POST request received
2026-01-02 12:29:17 - Processing form data - Array
(
    [fullName] => KAWISHA
    [nameWithInitials] => K KAWISHA
    [nicNo] => 200160902679
    [telNo] => 0717499982
    [dob] => 2008-01-01
    [email] => kawi@gmail.com
    [address] => 368/6 Rathnapura Road Kalawana
    [occupation] => QA
    [employerName] => hwsa
    [beneficiaryName] => Array
        (
            [0] => UMESH
        )

    [beneficiaryNIC] => Array
        (
            [0] => 89776552122V
        )

    [beneficiaryPercentage] => Array
        (
            [0] => 100
        )

    [years] => 1
    [signingDate] => 2026-01-02
    [accountNo] => 1111111111
    [bank] => BOC
    [branch] => COLOMBO
    [declaration] => accepted
    [declarationDate] => 2026-01-02
)

2026-01-02 12:29:17 - Attempting to upload file - Array
(
    [source] => C:\xampp\tmp\php2897.tmp
    [destination] => C:\xampp\htdocs\eco-wealth-portal/uploads/69576cc51af84_1767337157_693fac4d48b43_1765780557_ID_1__2_.pdf
    [file_size] => 149739
)

2026-01-02 12:29:17 - File uploaded successfully - 69576cc51af84_1767337157_693fac4d48b43_1765780557_ID_1__2_.pdf
2026-01-02 12:29:17 - Attempting to upload file - Array
(
    [source] => C:\xampp\tmp\php28A8.tmp
    [destination] => C:\xampp\htdocs\eco-wealth-portal/uploads/69576cc51b42d_1767337157_ID_4.pdf
    [file_size] => 149739
)

2026-01-02 12:29:17 - File uploaded successfully - 69576cc51b42d_1767337157_ID_4.pdf
2026-01-02 12:29:17 - Attempting to upload file - Array
(
    [source] => C:\xampp\tmp\php28A9.tmp
    [destination] => C:\xampp\htdocs\eco-wealth-portal/uploads/69576cc51b7d9_1767337157_V5.pdf
    [file_size] => 149151
)

2026-01-02 12:29:17 - File uploaded successfully - 69576cc51b7d9_1767337157_V5.pdf
2026-01-02 12:29:17 - Attempting to upload file - Array
(
    [source] => C:\xampp\tmp\php28AA.tmp
    [destination] => C:\xampp\htdocs\eco-wealth-portal/uploads/69576cc51bba0_1767337157_V6.pdf
    [file_size] => 149739
)

2026-01-02 12:29:17 - File uploaded successfully - 69576cc51bba0_1767337157_V6.pdf
2026-01-02 12:29:17 - Attempting to upload file - Array
(
    [source] => C:\xampp\tmp\php28BB.tmp
    [destination] => C:\xampp\htdocs\eco-wealth-portal/uploads/69576cc51bf1a_1767337157_V6.pdf
    [file_size] => 149739
)

2026-01-02 12:29:17 - File uploaded successfully - 69576cc51bf1a_1767337157_V6.pdf
2026-01-02 12:29:17 - Attempting to upload file - Array
(
    [source] => C:\xampp\tmp\php28BC.tmp
    [destination] => C:\xampp\htdocs\eco-wealth-portal/uploads/69576cc51c2aa_1767337157_ID_1__3_.pdf
    [file_size] => 149739
)

2026-01-02 12:29:17 - File uploaded successfully - 69576cc51c2aa_1767337157_ID_1__3_.pdf
2026-01-02 12:29:17 - Investor inserted successfully - Array
(
    [id] => 15
)

2026-01-02 12:29:17 - Beneficiary inserted - Array
(
    [investor_id] => 15
    [name] => UMESH
)

2026-01-02 12:29:17 - Transaction committed successfully - Array
(
    [application_id] => 15
)

2026-01-02 12:29:19 - Email sending attempt - Array
(
    [sent] => 
    [to] => kawi@gmail.com
)

2026-01-02 12:29:19 - Redirecting to submit.php - Array
(
    [application_id] => 15
)

2026-01-02 12:29:19 - Tables created successfully
2026-01-02 12:29:53 - Tables created successfully
2026-01-02 12:29:54 - Tables created successfully
2026-01-02 12:29:59 - Tables created successfully
2026-01-02 12:30:27 - Tables created successfully
2026-01-02 12:30:31 - Tables created successfully
2026-01-02 12:30:34 - Tables created successfully
2026-01-02 12:30:35 - Tables created successfully
2026-01-02 12:30:36 - Tables created successfully
2026-01-02 12:30:40 - Tables created successfully
2026-01-02 12:30:49 - Tables created successfully
2026-01-02 12:30:51 - Tables created successfully
2026-01-02 12:30:52 - Tables created successfully
2026-01-02 12:30:52 - Tables created successfully
2026-01-02 12:30:52 - Tables created successfully
2026-01-02 12:30:53 - Tables created successfully
2026-01-02 12:30:54 - Tables created successfully
2026-01-02 12:30:56 - Tables created successfully
2026-01-02 12:31:01 - Tables created successfully
2026-01-02 12:31:04 - Tables created successfully
2026-01-02 12:31:04 - Tables created successfully
2026-01-02 12:31:08 - Tables created successfully
2026-01-02 12:31:10 - Tables created successfully
2026-01-02 12:31:18 - Tables created successfully
2026-01-02 12:33:01 - Tables created successfully
2026-01-02 12:33:01 - Tables created successfully
2026-01-02 12:33:02 - Tables created successfully
2026-01-02 12:33:02 - Tables created successfully
2026-01-02 12:33:04 - Tables created successfully
2026-01-02 12:33:04 - Tables created successfully
2026-01-02 12:33:06 - Tables created successfully
2026-01-02 12:33:06 - Tables created successfully
2026-01-02 12:37:31 - Tables created successfully
2026-01-02 12:37:31 - Form submission started - Array
(
    [fullName] => Hesa
    [nameWithInitials] => K HESA
    [nicNo] => 200130400321
    [telNo] => 071749982
    [dob] => 2008-01-01
    [email] => hesa@gmail.com
    [address] => kkaawq
    [occupation] => IT
    [employerName] => Kasun Dilshan
    [beneficiaryName] => Array
        (
            [0] => KAWI
        )

    [beneficiaryNIC] => Array
        (
            [0] => 200130400876
        )

    [beneficiaryPercentage] => Array
        (
            [0] => 100
        )

    [years] => 1
    [signingDate] => 2026-01-02
    [accountNo] => 22112121
    [bank] => BOC
    [branch] => COLOMBO
    [declaration] => accepted
    [declarationDate] => 2026-01-02
)

2026-01-02 12:37:31 - Files received - Array
(
    [signatureUpload] => Array
        (
            [name] => 693fac4d48b43_1765780557_ID_1__2_.pdf
            [type] => application/pdf
            [tmp_name] => C:\xampp\tmp\phpB368.tmp
            [error] => 0
            [size] => 149739
        )

    [investorId] => Array
        (
            [name] => ID_1 (1).pdf
            [type] => application/pdf
            [tmp_name] => C:\xampp\tmp\phpB388.tmp
            [error] => 0
            [size] => 149739
        )

    [beneficiaryId] => Array
        (
            [name] => V5.pdf
            [type] => application/pdf
            [tmp_name] => C:\xampp\tmp\phpB389.tmp
            [error] => 0
            [size] => 149151
        )

    [passbook] => Array
        (
            [name] => ID_1 (3).pdf
            [type] => application/pdf
            [tmp_name] => C:\xampp\tmp\phpB38A.tmp
            [error] => 0
            [size] => 149739
        )

    [paymentSlip] => Array
        (
            [name] => V5.pdf
            [type] => application/pdf
            [tmp_name] => C:\xampp\tmp\phpB39B.tmp
            [error] => 0
            [size] => 149151
        )

    [finalSignature] => Array
        (
            [name] => 693fac4d48b43_1765780557_ID_1__2_.pdf
            [type] => application/pdf
            [tmp_name] => C:\xampp\tmp\phpB3AB.tmp
            [error] => 0
            [size] => 149739
        )

)

2026-01-02 12:37:31 - POST request received
2026-01-02 12:37:31 - Processing form data - Array
(
    [fullName] => Hesa
    [nameWithInitials] => K HESA
    [nicNo] => 200130400321
    [telNo] => 071749982
    [dob] => 2008-01-01
    [email] => hesa@gmail.com
    [address] => kkaawq
    [occupation] => IT
    [employerName] => Kasun Dilshan
    [beneficiaryName] => Array
        (
            [0] => KAWI
        )

    [beneficiaryNIC] => Array
        (
            [0] => 200130400876
        )

    [beneficiaryPercentage] => Array
        (
            [0] => 100
        )

    [years] => 1
    [signingDate] => 2026-01-02
    [accountNo] => 22112121
    [bank] => BOC
    [branch] => COLOMBO
    [declaration] => accepted
    [declarationDate] => 2026-01-02
)

2026-01-02 12:37:31 - Attempting to upload file - Array
(
    [source] => C:\xampp\tmp\phpB368.tmp
    [destination] => C:\xampp\htdocs\eco-wealth-portal/uploads/69576eb370111_1767337651_693fac4d48b43_1765780557_ID_1__2_.pdf
    [file_size] => 149739
)

2026-01-02 12:37:31 - File uploaded successfully - 69576eb370111_1767337651_693fac4d48b43_1765780557_ID_1__2_.pdf
2026-01-02 12:37:31 - Attempting to upload file - Array
(
    [source] => C:\xampp\tmp\phpB388.tmp
    [destination] => C:\xampp\htdocs\eco-wealth-portal/uploads/69576eb3713ae_1767337651_ID_1__1_.pdf
    [file_size] => 149739
)

2026-01-02 12:37:31 - File uploaded successfully - 69576eb3713ae_1767337651_ID_1__1_.pdf
2026-01-02 12:37:31 - Attempting to upload file - Array
(
    [source] => C:\xampp\tmp\phpB389.tmp
    [destination] => C:\xampp\htdocs\eco-wealth-portal/uploads/69576eb3724f7_1767337651_V5.pdf
    [file_size] => 149151
)

2026-01-02 12:37:31 - File uploaded successfully - 69576eb3724f7_1767337651_V5.pdf
2026-01-02 12:37:31 - Attempting to upload file - Array
(
    [source] => C:\xampp\tmp\phpB38A.tmp
    [destination] => C:\xampp\htdocs\eco-wealth-portal/uploads/69576eb373ee3_1767337651_ID_1__3_.pdf
    [file_size] => 149739
)

2026-01-02 12:37:31 - File uploaded successfully - 69576eb373ee3_1767337651_ID_1__3_.pdf
2026-01-02 12:37:31 - Attempting to upload file - Array
(
    [source] => C:\xampp\tmp\phpB39B.tmp
    [destination] => C:\xampp\htdocs\eco-wealth-portal/uploads/69576eb375677_1767337651_V5.pdf
    [file_size] => 149151
)

2026-01-02 12:37:31 - File uploaded successfully - 69576eb375677_1767337651_V5.pdf
2026-01-02 12:37:31 - Attempting to upload file - Array
(
    [source] => C:\xampp\tmp\phpB3AB.tmp
    [destination] => C:\xampp\htdocs\eco-wealth-portal/uploads/69576eb37680a_1767337651_693fac4d48b43_1765780557_ID_1__2_.pdf
    [file_size] => 149739
)

2026-01-02 12:37:31 - File uploaded successfully - 69576eb37680a_1767337651_693fac4d48b43_1765780557_ID_1__2_.pdf
2026-01-02 12:37:31 - Cleaned up file on error - C:\xampp\htdocs\eco-wealth-portal/uploads/69576eb370111_1767337651_693fac4d48b43_1765780557_ID_1__2_.pdf
2026-01-02 12:37:31 - Cleaned up file on error - C:\xampp\htdocs\eco-wealth-portal/uploads/69576eb3713ae_1767337651_ID_1__1_.pdf
2026-01-02 12:37:31 - Cleaned up file on error - C:\xampp\htdocs\eco-wealth-portal/uploads/69576eb3724f7_1767337651_V5.pdf
2026-01-02 12:37:31 - Cleaned up file on error - C:\xampp\htdocs\eco-wealth-portal/uploads/69576eb373ee3_1767337651_ID_1__3_.pdf
2026-01-02 12:37:31 - Cleaned up file on error - C:\xampp\htdocs\eco-wealth-portal/uploads/69576eb375677_1767337651_V5.pdf
2026-01-02 12:37:31 - Cleaned up file on error - C:\xampp\htdocs\eco-wealth-portal/uploads/69576eb37680a_1767337651_693fac4d48b43_1765780557_ID_1__2_.pdf
2026-01-02 12:37:31 - Form processing error - SQLSTATE[42S22]: Column not found: 1054 Unknown column 'role' in 'field list'
2026-01-02 12:37:31 - Redirecting back to index with error - Array
(
    [error] => SQLSTATE[42S22]: Column not found: 1054 Unknown column 'role' in 'field list'
)

2026-01-02 12:41:27 - Tables created successfully
2026-01-02 12:41:29 - Tables created successfully
2026-01-02 12:41:32 - Tables created successfully
2026-01-02 12:41:36 - Tables created successfully
2026-01-02 12:47:37 - Tables created successfully
2026-01-02 12:47:37 - Tables created successfully
2026-01-02 12:47:37 - Tables created successfully
2026-01-02 12:48:41 - Tables created successfully
2026-01-02 12:48:41 - Form submission started - Array
(
    [fullName] => KAWI
    [nameWithInitials] => K KAWISHA
    [nicNo] => 200160902679
    [telNo] => 0717499982
    [dob] => 2008-01-02
    [email] => dkasun558@gmail.com
    [address] => 368/6 Rathnapura Road Kalawana
    [occupation] => QA
    [employerName] => Kasun Dilshan
    [beneficiaryName] => Array
        (
            [0] => QWE
        )

    [beneficiaryNIC] => Array
        (
            [0] => 2110220100212
        )

    [beneficiaryPercentage] => Array
        (
            [0] => 100
        )

    [years] => 1
    [signingDate] => 2026-01-02
    [accountNo] => 1111111111
    [bank] => BOC
    [branch] => COLOMBO
    [declaration] => accepted
    [declarationDate] => 2026-01-02
)

2026-01-02 12:48:41 - Files received - Array
(
    [signatureUpload] => Array
        (
            [name] => ID_1 (2).pdf
            [type] => application/pdf
            [tmp_name] => C:\xampp\tmp\phpEE06.tmp
            [error] => 0
            [size] => 149739
        )

    [investorId] => Array
        (
            [name] => ID_1 (1).pdf
            [type] => application/pdf
            [tmp_name] => C:\xampp\tmp\phpEE07.tmp
            [error] => 0
            [size] => 149739
        )

    [beneficiaryId] => Array
        (
            [name] => Bank_Slip_1.pdf
            [type] => application/pdf
            [tmp_name] => C:\xampp\tmp\phpEE18.tmp
            [error] => 0
            [size] => 150243
        )

    [passbook] => Array
        (
            [name] => V6.pdf
            [type] => application/pdf
            [tmp_name] => C:\xampp\tmp\phpEE19.tmp
            [error] => 0
            [size] => 149739
        )

    [paymentSlip] => Array
        (
            [name] => Bank_Slip_1.pdf
            [type] => application/pdf
            [tmp_name] => C:\xampp\tmp\phpEE1A.tmp
            [error] => 0
            [size] => 150243
        )

    [finalSignature] => Array
        (
            [name] => 693fac4d48b43_1765780557_ID_1__2_.pdf
            [type] => application/pdf
            [tmp_name] => C:\xampp\tmp\phpEE1B.tmp
            [error] => 0
            [size] => 149739
        )

)

2026-01-02 12:48:41 - POST request received
2026-01-02 12:48:41 - Processing form data - Array
(
    [fullName] => KAWI
    [nameWithInitials] => K KAWISHA
    [nicNo] => 200160902679
    [telNo] => 0717499982
    [dob] => 2008-01-02
    [email] => dkasun558@gmail.com
    [address] => 368/6 Rathnapura Road Kalawana
    [occupation] => QA
    [employerName] => Kasun Dilshan
    [beneficiaryName] => Array
        (
            [0] => QWE
        )

    [beneficiaryNIC] => Array
        (
            [0] => 2110220100212
        )

    [beneficiaryPercentage] => Array
        (
            [0] => 100
        )

    [years] => 1
    [signingDate] => 2026-01-02
    [accountNo] => 1111111111
    [bank] => BOC
    [branch] => COLOMBO
    [declaration] => accepted
    [declarationDate] => 2026-01-02
)

2026-01-02 12:48:41 - Attempting to upload file - Array
(
    [source] => C:\xampp\tmp\phpEE06.tmp
    [destination] => C:\xampp\htdocs\eco-wealth-portal/uploads/69577151b8fb2_1767338321_ID_1__2_.pdf
    [file_size] => 149739
)

2026-01-02 12:48:41 - File uploaded successfully - 69577151b8fb2_1767338321_ID_1__2_.pdf
2026-01-02 12:48:41 - Attempting to upload file - Array
(
    [source] => C:\xampp\tmp\phpEE07.tmp
    [destination] => C:\xampp\htdocs\eco-wealth-portal/uploads/69577151b94a9_1767338321_ID_1__1_.pdf
    [file_size] => 149739
)

2026-01-02 12:48:41 - File uploaded successfully - 69577151b94a9_1767338321_ID_1__1_.pdf
2026-01-02 12:48:41 - Attempting to upload file - Array
(
    [source] => C:\xampp\tmp\phpEE18.tmp
    [destination] => C:\xampp\htdocs\eco-wealth-portal/uploads/69577151b983b_1767338321_Bank_Slip_1.pdf
    [file_size] => 150243
)

2026-01-02 12:48:41 - File uploaded successfully - 69577151b983b_1767338321_Bank_Slip_1.pdf
2026-01-02 12:48:41 - Attempting to upload file - Array
(
    [source] => C:\xampp\tmp\phpEE19.tmp
    [destination] => C:\xampp\htdocs\eco-wealth-portal/uploads/69577151b9c3c_1767338321_V6.pdf
    [file_size] => 149739
)

2026-01-02 12:48:41 - File uploaded successfully - 69577151b9c3c_1767338321_V6.pdf
2026-01-02 12:48:41 - Attempting to upload file - Array
(
    [source] => C:\xampp\tmp\phpEE1A.tmp
    [destination] => C:\xampp\htdocs\eco-wealth-portal/uploads/69577151ba005_1767338321_Bank_Slip_1.pdf
    [file_size] => 150243
)

2026-01-02 12:48:41 - File uploaded successfully - 69577151ba005_1767338321_Bank_Slip_1.pdf
2026-01-02 12:48:41 - Attempting to upload file - Array
(
    [source] => C:\xampp\tmp\phpEE1B.tmp
    [destination] => C:\xampp\htdocs\eco-wealth-portal/uploads/69577151ba3eb_1767338321_693fac4d48b43_1765780557_ID_1__2_.pdf
    [file_size] => 149739
)

2026-01-02 12:48:41 - File uploaded successfully - 69577151ba3eb_1767338321_693fac4d48b43_1765780557_ID_1__2_.pdf
2026-01-02 12:48:41 - Investor inserted successfully - Array
(
    [id] => 1
)

2026-01-02 12:48:41 - Beneficiary inserted - Array
(
    [investor_id] => 1
    [name] => QWE
)

2026-01-02 12:48:41 - Transaction committed successfully - Array
(
    [application_id] => 1
)

2026-01-02 12:48:43 - Email sending attempt - Array
(
    [sent] => 
    [to] => dkasun558@gmail.com
)

2026-01-02 12:48:43 - Redirecting to submit.php - Array
(
    [application_id] => 1
)

2026-01-02 12:48:43 - Tables created successfully
2026-01-02 12:48:46 - Tables created successfully
2026-01-02 12:48:49 - Tables created successfully
2026-01-02 12:48:51 - Tables created successfully
2026-01-02 12:48:51 - Tables created successfully
2026-01-02 12:48:51 - Tables created successfully
2026-01-02 12:48:52 - Tables created successfully
2026-01-02 12:48:53 - Tables created successfully
2026-01-02 12:49:17 - Tables created successfully
2026-01-02 12:49:23 - Tables created successfully
2026-01-02 12:49:26 - Tables created successfully
2026-01-02 12:49:28 - Tables created successfully
2026-01-02 12:49:31 - Tables created successfully
2026-01-02 12:49:31 - Tables created successfully
2026-01-02 12:49:40 - Tables created successfully
2026-01-02 12:49:56 - Tables created successfully
2026-01-02 12:49:58 - Tables created successfully
2026-01-02 12:50:02 - Tables created successfully
2026-01-02 12:50:04 - Tables created successfully
2026-01-02 12:55:36 - Tables created successfully
2026-01-02 12:55:41 - Tables created successfully
2026-01-02 12:55:41 - Tables created successfully
2026-01-02 12:55:42 - Tables created successfully
2026-01-02 12:55:42 - Tables created successfully
2026-01-02 12:55:42 - Tables created successfully
2026-01-02 12:55:42 - Tables created successfully
2026-01-02 12:55:42 - Tables created successfully
2026-01-02 12:55:42 - Tables created successfully
2026-01-02 12:55:43 - Tables created successfully
2026-01-02 12:55:43 - Tables created successfully
2026-01-02 12:55:43 - Tables created successfully
2026-01-02 12:55:44 - Tables created successfully
2026-01-02 12:55:44 - Tables created successfully
2026-01-02 12:55:51 - Tables created successfully
2026-01-02 12:55:51 - Tables created successfully
2026-01-02 12:55:51 - Tables created successfully
2026-01-02 12:55:51 - Tables created successfully
2026-01-02 12:55:52 - Tables created successfully
2026-01-02 12:55:53 - Tables created successfully
2026-01-02 12:55:54 - Tables created successfully
2026-01-02 12:55:54 - Tables created successfully
2026-01-02 12:55:56 - Tables created successfully
2026-01-02 12:55:59 - Tables created successfully
2026-01-02 12:56:05 - Tables created successfully
2026-01-02 12:56:06 - Tables created successfully
2026-01-02 12:56:08 - Tables created successfully
2026-01-02 12:57:30 - Tables created successfully
2026-01-02 12:57:31 - Tables created successfully
2026-01-02 12:57:32 - Tables created successfully
2026-01-02 13:02:33 - Tables created successfully
2026-01-02 13:07:33 - Tables created successfully
2026-01-02 13:12:35 - Tables created successfully
2026-01-02 13:17:36 - Tables created successfully
2026-01-02 13:22:37 - Tables created successfully
2026-01-02 13:27:38 - Tables created successfully
2026-01-02 14:18:50 - Tables created successfully
2026-01-02 14:19:02 - Tables created successfully
2026-01-02 14:19:04 - Tables created successfully
2026-01-02 14:19:05 - Tables created successfully
2026-01-02 14:19:06 - Tables created successfully
2026-01-02 14:21:48 - Tables created successfully
2026-01-02 14:21:49 - Tables created successfully
2026-01-02 14:21:51 - Tables created successfully
2026-01-02 14:21:53 - Tables created successfully
2026-01-02 14:25:03 - Tables created successfully
2026-01-02 14:25:03 - Form submission started - Array
(
    [fullName] => Dilshan
    [nameWithInitials] => kasun
    [nicNo] => 200160902679
    [telNo] => 0717499982
    [dob] => 2008-01-02
    [email] => dkasun558@gmail.com
    [address] => 368/6 Rathnapura Road Kalawana
    [occupation] => QA
    [employerName] => Kasun Dilshan
    [beneficiaryName] => Array
        (
            [0] => KAWI
        )

    [beneficiaryNIC] => Array
        (
            [0] => 89776552122V
        )

    [beneficiaryPercentage] => Array
        (
            [0] => 100
        )

    [years] => 1
    [signingDate] => 2026-01-02
    [accountNo] => 1111111111
    [bank] => BOC
    [branch] => COLOMBO
    [declaration] => accepted
    [declarationDate] => 2026-01-02
)

2026-01-02 14:25:03 - Files received - Array
(
    [signatureUpload] => Array
        (
            [name] => 693fac4d48b43_1765780557_ID_1__2_.pdf
            [type] => application/pdf
            [tmp_name] => C:\xampp\tmp\php25CF.tmp
            [error] => 0
            [size] => 149739
        )

    [investorId] => Array
        (
            [name] => ID_1 (1).pdf
            [type] => application/pdf
            [tmp_name] => C:\xampp\tmp\php25DF.tmp
            [error] => 0
            [size] => 149739
        )

    [beneficiaryId] => Array
        (
            [name] => ID_4.pdf
            [type] => application/pdf
            [tmp_name] => C:\xampp\tmp\php25E0.tmp
            [error] => 0
            [size] => 149739
        )

    [passbook] => Array
        (
            [name] => ID_1 (2).pdf
            [type] => application/pdf
            [tmp_name] => C:\xampp\tmp\php25F1.tmp
            [error] => 0
            [size] => 149739
        )

    [paymentSlip] => Array
        (
            [name] => Bank_Slip_1.pdf
            [type] => application/pdf
            [tmp_name] => C:\xampp\tmp\php25F2.tmp
            [error] => 0
            [size] => 150243
        )

    [finalSignature] => Array
        (
            [name] => 693fac4d48b43_1765780557_ID_1__2_.pdf
            [type] => application/pdf
            [tmp_name] => C:\xampp\tmp\php25F3.tmp
            [error] => 0
            [size] => 149739
        )

)

2026-01-02 14:25:03 - POST request received
2026-01-02 14:25:03 - Processing form data - Array
(
    [fullName] => Dilshan
    [nameWithInitials] => kasun
    [nicNo] => 200160902679
    [telNo] => 0717499982
    [dob] => 2008-01-02
    [email] => dkasun558@gmail.com
    [address] => 368/6 Rathnapura Road Kalawana
    [occupation] => QA
    [employerName] => Kasun Dilshan
    [beneficiaryName] => Array
        (
            [0] => KAWI
        )

    [beneficiaryNIC] => Array
        (
            [0] => 89776552122V
        )

    [beneficiaryPercentage] => Array
        (
            [0] => 100
        )

    [years] => 1
    [signingDate] => 2026-01-02
    [accountNo] => 1111111111
    [bank] => BOC
    [branch] => COLOMBO
    [declaration] => accepted
    [declarationDate] => 2026-01-02
)

2026-01-02 14:25:03 - Attempting to upload file - Array
(
    [source] => C:\xampp\tmp\php25CF.tmp
    [destination] => C:\xampp\htdocs\eco-wealth-portal/uploads/695787e730f52_1767344103_693fac4d48b43_1765780557_ID_1__2_.pdf
    [file_size] => 149739
)

2026-01-02 14:25:03 - File uploaded successfully - 695787e730f52_1767344103_693fac4d48b43_1765780557_ID_1__2_.pdf
2026-01-02 14:25:03 - Attempting to upload file - Array
(
    [source] => C:\xampp\tmp\php25DF.tmp
    [destination] => C:\xampp\htdocs\eco-wealth-portal/uploads/695787e731bcd_1767344103_ID_1__1_.pdf
    [file_size] => 149739
)

2026-01-02 14:25:03 - File uploaded successfully - 695787e731bcd_1767344103_ID_1__1_.pdf
2026-01-02 14:25:03 - Attempting to upload file - Array
(
    [source] => C:\xampp\tmp\php25E0.tmp
    [destination] => C:\xampp\htdocs\eco-wealth-portal/uploads/695787e73297c_1767344103_ID_4.pdf
    [file_size] => 149739
)

2026-01-02 14:25:03 - File uploaded successfully - 695787e73297c_1767344103_ID_4.pdf
2026-01-02 14:25:03 - Attempting to upload file - Array
(
    [source] => C:\xampp\tmp\php25F1.tmp
    [destination] => C:\xampp\htdocs\eco-wealth-portal/uploads/695787e733178_1767344103_ID_1__2_.pdf
    [file_size] => 149739
)

2026-01-02 14:25:03 - File uploaded successfully - 695787e733178_1767344103_ID_1__2_.pdf
2026-01-02 14:25:03 - Attempting to upload file - Array
(
    [source] => C:\xampp\tmp\php25F2.tmp
    [destination] => C:\xampp\htdocs\eco-wealth-portal/uploads/695787e73361b_1767344103_Bank_Slip_1.pdf
    [file_size] => 150243
)

2026-01-02 14:25:03 - File uploaded successfully - 695787e73361b_1767344103_Bank_Slip_1.pdf
2026-01-02 14:25:03 - Attempting to upload file - Array
(
    [source] => C:\xampp\tmp\php25F3.tmp
    [destination] => C:\xampp\htdocs\eco-wealth-portal/uploads/695787e7339f1_1767344103_693fac4d48b43_1765780557_ID_1__2_.pdf
    [file_size] => 149739
)

2026-01-02 14:25:03 - File uploaded successfully - 695787e7339f1_1767344103_693fac4d48b43_1765780557_ID_1__2_.pdf
2026-01-02 14:25:03 - Investor inserted successfully - Array
(
    [id] => 1
)

2026-01-02 14:25:03 - Beneficiary inserted - Array
(
    [investor_id] => 1
    [name] => KAWI
)

2026-01-02 14:25:03 - Transaction committed successfully - Array
(
    [application_id] => 1
)

2026-01-02 14:25:05 - Email sending attempt - Array
(
    [sent] => 
    [to] => dkasun558@gmail.com
)

2026-01-02 14:25:05 - Redirecting to submit.php - Array
(
    [application_id] => 1
)

2026-01-02 14:25:05 - Tables created successfully
2026-01-02 14:25:20 - Tables created successfully
2026-01-02 14:25:22 - Tables created successfully
2026-01-02 14:25:22 - Tables created successfully
2026-01-02 14:25:26 - Tables created successfully
2026-01-02 14:25:28 - Tables created successfully
2026-01-02 14:25:31 - Tables created successfully
2026-01-02 14:25:37 - Tables created successfully
2026-01-02 14:25:43 - Tables created successfully
2026-01-02 14:25:45 - Tables created successfully
2026-01-02 14:25:45 - Tables created successfully
2026-01-02 14:25:53 - Tables created successfully
2026-01-02 14:25:57 - Tables created successfully
2026-01-02 14:25:57 - Tables created successfully
2026-01-02 14:26:00 - Tables created successfully
2026-01-02 14:30:18 - Tables created successfully
2026-01-02 14:30:19 - Tables created successfully
2026-01-02 14:30:21 - Tables created successfully
2026-01-02 14:30:28 - Tables created successfully
2026-01-02 14:30:28 - Tables created successfully
2026-01-02 14:30:35 - Tables created successfully
2026-01-02 14:30:38 - Tables created successfully
2026-01-02 14:30:44 - Tables created successfully
2026-01-02 14:30:47 - Tables created successfully
2026-01-02 14:32:10 - Tables created successfully
2026-01-02 14:32:13 - Tables created successfully
2026-01-02 14:32:16 - Tables created successfully
2026-01-02 14:32:16 - Tables created successfully
2026-01-02 14:32:16 - Tables created successfully
2026-01-02 14:32:17 - Tables created successfully
2026-01-02 14:32:17 - Tables created successfully
2026-01-02 14:32:17 - Tables created successfully
2026-01-02 14:32:17 - Tables created successfully
2026-01-02 14:32:18 - Tables created successfully
2026-01-02 14:37:14 - Tables created successfully
2026-01-02 14:42:14 - Tables created successfully
2026-01-02 14:42:29 - Tables created successfully
2026-01-02 14:46:42 - Tables created successfully
2026-01-02 14:46:45 - Tables created successfully
2026-01-02 14:46:47 - Tables created successfully
2026-01-02 14:46:47 - Tables created successfully
2026-01-02 14:46:48 - Tables created successfully
2026-01-02 14:46:48 - Tables created successfully
2026-01-02 14:46:50 - Tables created successfully
2026-01-02 14:47:23 - Tables created successfully
2026-01-02 14:47:25 - Tables created successfully
2026-01-02 14:47:35 - Tables created successfully
2026-01-02 14:47:40 - Tables created successfully
2026-01-02 14:47:43 - Tables created successfully
2026-01-02 14:47:49 - Tables created successfully
2026-01-02 14:47:51 - Tables created successfully
2026-01-02 14:53:16 - Tables created successfully
2026-01-02 14:55:28 - Tables created successfully
2026-01-02 14:55:29 - Tables created successfully
2026-01-02 14:55:29 - Tables created successfully
2026-01-02 14:55:30 - Tables created successfully
2026-01-02 14:55:40 - Tables created successfully
2026-01-02 14:55:43 - Tables created successfully
2026-01-02 14:55:44 - Tables created successfully
2026-01-02 14:55:46 - Tables created successfully
2026-01-02 14:55:47 - Tables created successfully
2026-01-02 14:55:49 - Tables created successfully
2026-01-02 14:55:50 - Tables created successfully
2026-01-02 14:55:50 - Tables created successfully
2026-01-02 14:55:52 - Tables created successfully
2026-01-02 14:55:54 - Tables created successfully
2026-01-02 14:55:59 - Tables created successfully
2026-01-02 14:56:02 - Tables created successfully
2026-01-02 14:56:08 - Tables created successfully
2026-01-02 14:56:10 - Tables created successfully
2026-01-02 14:56:14 - Tables created successfully
2026-01-02 14:57:12 - Tables created successfully
2026-01-02 14:57:12 - Form submission started - Array
(
    [fullName] => Dilshan
    [nameWithInitials] => kasun
    [nicNo] => 200160902679
    [telNo] => 0717588871
    [dob] => 2008-01-02
    [email] => dkasun558@gmail.com
    [address] => 368/6 Rathnapura Road Kalawana
    [occupation] => IT
    [employerName] => Kasun Dilshan
    [beneficiaryName] => Array
        (
            [0] => UMESH
        )

    [beneficiaryNIC] => Array
        (
            [0] => 2110220100212
        )

    [beneficiaryPercentage] => Array
        (
            [0] => 100
        )

    [years] => 1
    [signingDate] => 2026-01-02
    [accountNo] => 1111111111
    [bank] => BOC
    [branch] => COLOMBO
    [declaration] => accepted
    [declarationDate] => 2026-01-02
)

2026-01-02 14:57:12 - Files received - Array
(
    [signatureUpload] => Array
        (
            [name] => ID_4.pdf
            [type] => application/pdf
            [tmp_name] => C:\xampp\tmp\php94B0.tmp
            [error] => 0
            [size] => 149739
        )

    [investorId] => Array
        (
            [name] => ID_1 (3).pdf
            [type] => application/pdf
            [tmp_name] => C:\xampp\tmp\php94C1.tmp
            [error] => 0
            [size] => 149739
        )

    [beneficiaryId] => Array
        (
            [name] => ID_1 (1).pdf
            [type] => application/pdf
            [tmp_name] => C:\xampp\tmp\php94C2.tmp
            [error] => 0
            [size] => 149739
        )

    [passbook] => Array
        (
            [name] => Bank_Slip_1.pdf
            [type] => application/pdf
            [tmp_name] => C:\xampp\tmp\php94C3.tmp
            [error] => 0
            [size] => 150243
        )

    [paymentSlip] => Array
        (
            [name] => Bank_Slip_3.pdf
            [type] => application/pdf
            [tmp_name] => C:\xampp\tmp\php94D4.tmp
            [error] => 0
            [size] => 149739
        )

    [finalSignature] => Array
        (
            [name] => ID_1 (2).pdf
            [type] => application/pdf
            [tmp_name] => C:\xampp\tmp\php94D5.tmp
            [error] => 0
            [size] => 149739
        )

)

2026-01-02 14:57:12 - POST request received
2026-01-02 14:57:12 - Processing form data - Array
(
    [fullName] => Dilshan
    [nameWithInitials] => kasun
    [nicNo] => 200160902679
    [telNo] => 0717588871
    [dob] => 2008-01-02
    [email] => dkasun558@gmail.com
    [address] => 368/6 Rathnapura Road Kalawana
    [occupation] => IT
    [employerName] => Kasun Dilshan
    [beneficiaryName] => Array
        (
            [0] => UMESH
        )

    [beneficiaryNIC] => Array
        (
            [0] => 2110220100212
        )

    [beneficiaryPercentage] => Array
        (
            [0] => 100
        )

    [years] => 1
    [signingDate] => 2026-01-02
    [accountNo] => 1111111111
    [bank] => BOC
    [branch] => COLOMBO
    [declaration] => accepted
    [declarationDate] => 2026-01-02
)

2026-01-02 14:57:12 - Attempting to upload file - Array
(
    [source] => C:\xampp\tmp\php94B0.tmp
    [destination] => C:\xampp\htdocs\eco-wealth-portal/uploads/69578f701c3fc_1767346032_ID_4.pdf
    [file_size] => 149739
)

2026-01-02 14:57:12 - File uploaded successfully - 69578f701c3fc_1767346032_ID_4.pdf
2026-01-02 14:57:12 - Attempting to upload file - Array
(
    [source] => C:\xampp\tmp\php94C1.tmp
    [destination] => C:\xampp\htdocs\eco-wealth-portal/uploads/69578f701c869_1767346032_ID_1__3_.pdf
    [file_size] => 149739
)

2026-01-02 14:57:12 - File uploaded successfully - 69578f701c869_1767346032_ID_1__3_.pdf
2026-01-02 14:57:12 - Attempting to upload file - Array
(
    [source] => C:\xampp\tmp\php94C2.tmp
    [destination] => C:\xampp\htdocs\eco-wealth-portal/uploads/69578f701cc2a_1767346032_ID_1__1_.pdf
    [file_size] => 149739
)

2026-01-02 14:57:12 - File uploaded successfully - 69578f701cc2a_1767346032_ID_1__1_.pdf
2026-01-02 14:57:12 - Attempting to upload file - Array
(
    [source] => C:\xampp\tmp\php94C3.tmp
    [destination] => C:\xampp\htdocs\eco-wealth-portal/uploads/69578f701cff0_1767346032_Bank_Slip_1.pdf
    [file_size] => 150243
)

2026-01-02 14:57:12 - File uploaded successfully - 69578f701cff0_1767346032_Bank_Slip_1.pdf
2026-01-02 14:57:12 - Attempting to upload file - Array
(
    [source] => C:\xampp\tmp\php94D4.tmp
    [destination] => C:\xampp\htdocs\eco-wealth-portal/uploads/69578f701d416_1767346032_Bank_Slip_3.pdf
    [file_size] => 149739
)

2026-01-02 14:57:12 - File uploaded successfully - 69578f701d416_1767346032_Bank_Slip_3.pdf
2026-01-02 14:57:12 - Attempting to upload file - Array
(
    [source] => C:\xampp\tmp\php94D5.tmp
    [destination] => C:\xampp\htdocs\eco-wealth-portal/uploads/69578f701d801_1767346032_ID_1__2_.pdf
    [file_size] => 149739
)

2026-01-02 14:57:12 - File uploaded successfully - 69578f701d801_1767346032_ID_1__2_.pdf
2026-01-02 14:57:12 - Investor inserted successfully - Array
(
    [id] => 1
)

2026-01-02 14:57:12 - Beneficiary inserted - Array
(
    [investor_id] => 1
    [name] => UMESH
)

2026-01-02 14:57:12 - Transaction committed successfully - Array
(
    [application_id] => 1
)

2026-01-02 14:57:14 - Email sending attempt - Array
(
    [sent] => 
    [to] => dkasun558@gmail.com
)

2026-01-02 14:57:14 - Redirecting to submit.php - Array
(
    [application_id] => 1
)

2026-01-02 14:57:14 - Tables created successfully
2026-01-02 14:57:29 - Tables created successfully
2026-01-02 14:57:30 - Tables created successfully
2026-01-02 14:57:31 - Tables created successfully
2026-01-02 14:57:32 - Tables created successfully
2026-01-02 14:58:45 - Tables created successfully
2026-01-02 14:58:46 - Tables created successfully
2026-01-02 14:58:46 - Tables created successfully
2026-01-02 14:58:48 - Tables created successfully
2026-01-02 15:05:24 - Tables created successfully
2026-01-02 15:05:25 - Tables created successfully
2026-01-02 15:05:26 - Tables created successfully
2026-01-02 15:05:26 - Tables created successfully
2026-01-02 15:05:34 - Tables created successfully
2026-01-02 15:05:44 - Tables created successfully
2026-01-02 15:05:46 - Tables created successfully
2026-01-02 15:05:49 - Tables created successfully
2026-01-02 15:05:50 - Tables created successfully
2026-01-02 15:05:50 - Tables created successfully
2026-01-02 15:05:54 - Tables created successfully
2026-01-02 15:05:59 - Tables created successfully
2026-01-02 15:06:01 - Tables created successfully
2026-01-02 15:06:04 - Tables created successfully
2026-01-02 15:06:08 - Tables created successfully
2026-01-02 15:06:09 - Tables created successfully
2026-01-02 15:11:09 - Tables created successfully
2026-01-02 15:16:09 - Tables created successfully
2026-01-02 15:21:09 - Tables created successfully
2026-01-02 15:26:09 - Tables created successfully
2026-01-02 15:30:54 - Tables created successfully
2026-01-02 15:30:59 - Tables created successfully
2026-01-02 15:31:09 - Tables created successfully
2026-01-02 15:31:37 - Tables created successfully
2026-01-02 15:31:38 - Tables created successfully
2026-01-02 15:31:40 - Tables created successfully
2026-01-02 15:31:42 - Tables created successfully
2026-01-02 15:31:43 - Tables created successfully
2026-01-02 15:32:40 - Tables created successfully
2026-01-02 15:32:41 - Tables created successfully
2026-01-02 15:32:42 - Tables created successfully
2026-01-02 15:32:43 - Tables created successfully
2026-01-02 15:33:10 - Tables created successfully
2026-01-02 15:34:16 - Tables created successfully
2026-01-02 15:34:16 - Form submission started - Array
(
    [fullName] => Dilshan
    [nameWithInitials] => kasun
    [nicNo] => 200160902679
    [telNo] => 0717588871
    [dob] => 2008-01-02
    [email] => dkasun558@gmail.com
    [address] => 368/6 Rathnapura Road Kalawana
    [occupation] => QA
    [employerName] => Kasun Dilshan
    [beneficiaryName] => Array
        (
            [0] => QWE
        )

    [beneficiaryNIC] => Array
        (
            [0] => 2110220100212
        )

    [beneficiaryPercentage] => Array
        (
            [0] => 100
        )

    [years] => 1
    [signingDate] => 2026-01-02
    [accountNo] => 1111111111
    [bank] => BOC
    [branch] => COLOMBO
    [declaration] => accepted
    [declarationDate] => 2026-01-02
)

2026-01-02 15:34:16 - Files received - Array
(
    [signatureUpload] => Array
        (
            [name] => ID_1 (2).pdf
            [type] => application/pdf
            [tmp_name] => C:\xampp\tmp\php86E6.tmp
            [error] => 0
            [size] => 149739
        )

    [investorId] => Array
        (
            [name] => ID_4.pdf
            [type] => application/pdf
            [tmp_name] => C:\xampp\tmp\php86F7.tmp
            [error] => 0
            [size] => 149739
        )

    [beneficiaryId] => Array
        (
            [name] => ID_1 (2).pdf
            [type] => application/pdf
            [tmp_name] => C:\xampp\tmp\php86F8.tmp
            [error] => 0
            [size] => 149739
        )

    [passbook] => Array
        (
            [name] => 693fac4d48b43_1765780557_ID_1__2_.pdf
            [type] => application/pdf
            [tmp_name] => C:\xampp\tmp\php8708.tmp
            [error] => 0
            [size] => 149739
        )

    [paymentSlip] => Array
        (
            [name] => V5.pdf
            [type] => application/pdf
            [tmp_name] => C:\xampp\tmp\php8709.tmp
            [error] => 0
            [size] => 149151
        )

    [finalSignature] => Array
        (
            [name] => ID_1 (2).pdf
            [type] => application/pdf
            [tmp_name] => C:\xampp\tmp\php871A.tmp
            [error] => 0
            [size] => 149739
        )

)

2026-01-02 15:34:16 - POST request received
2026-01-02 15:34:16 - Processing form data - Array
(
    [fullName] => Dilshan
    [nameWithInitials] => kasun
    [nicNo] => 200160902679
    [telNo] => 0717588871
    [dob] => 2008-01-02
    [email] => dkasun558@gmail.com
    [address] => 368/6 Rathnapura Road Kalawana
    [occupation] => QA
    [employerName] => Kasun Dilshan
    [beneficiaryName] => Array
        (
            [0] => QWE
        )

    [beneficiaryNIC] => Array
        (
            [0] => 2110220100212
        )

    [beneficiaryPercentage] => Array
        (
            [0] => 100
        )

    [years] => 1
    [signingDate] => 2026-01-02
    [accountNo] => 1111111111
    [bank] => BOC
    [branch] => COLOMBO
    [declaration] => accepted
    [declarationDate] => 2026-01-02
)

2026-01-02 15:34:16 - Attempting to upload file - Array
(
    [source] => C:\xampp\tmp\php86E6.tmp
    [destination] => C:\xampp\htdocs\eco-wealth-portal/uploads/69579820c83da_1767348256_ID_1__2_.pdf
    [file_size] => 149739
)

2026-01-02 15:34:16 - File uploaded successfully - 69579820c83da_1767348256_ID_1__2_.pdf
2026-01-02 15:34:16 - Attempting to upload file - Array
(
    [source] => C:\xampp\tmp\php86F7.tmp
    [destination] => C:\xampp\htdocs\eco-wealth-portal/uploads/69579820c8e0a_1767348256_ID_4.pdf
    [file_size] => 149739
)

2026-01-02 15:34:16 - File uploaded successfully - 69579820c8e0a_1767348256_ID_4.pdf
2026-01-02 15:34:16 - Attempting to upload file - Array
(
    [source] => C:\xampp\tmp\php86F8.tmp
    [destination] => C:\xampp\htdocs\eco-wealth-portal/uploads/69579820c9498_1767348256_ID_1__2_.pdf
    [file_size] => 149739
)

2026-01-02 15:34:16 - File uploaded successfully - 69579820c9498_1767348256_ID_1__2_.pdf
2026-01-02 15:34:16 - Attempting to upload file - Array
(
    [source] => C:\xampp\tmp\php8708.tmp
    [destination] => C:\xampp\htdocs\eco-wealth-portal/uploads/69579820ca6fe_1767348256_693fac4d48b43_1765780557_ID_1__2_.pdf
    [file_size] => 149739
)

2026-01-02 15:34:16 - File uploaded successfully - 69579820ca6fe_1767348256_693fac4d48b43_1765780557_ID_1__2_.pdf
2026-01-02 15:34:16 - Attempting to upload file - Array
(
    [source] => C:\xampp\tmp\php8709.tmp
    [destination] => C:\xampp\htdocs\eco-wealth-portal/uploads/69579820cc691_1767348256_V5.pdf
    [file_size] => 149151
)

2026-01-02 15:34:16 - File uploaded successfully - 69579820cc691_1767348256_V5.pdf
2026-01-02 15:34:16 - Attempting to upload file - Array
(
    [source] => C:\xampp\tmp\php871A.tmp
    [destination] => C:\xampp\htdocs\eco-wealth-portal/uploads/69579820cd395_1767348256_ID_1__2_.pdf
    [file_size] => 149739
)

2026-01-02 15:34:16 - File uploaded successfully - 69579820cd395_1767348256_ID_1__2_.pdf
2026-01-02 15:34:16 - Investor inserted successfully - Array
(
    [id] => 1
)

2026-01-02 15:34:16 - Beneficiary inserted - Array
(
    [investor_id] => 1
    [name] => QWE
)

2026-01-02 15:34:16 - Transaction committed successfully - Array
(
    [application_id] => 1
)

2026-01-02 15:34:18 - Email sending attempt - Array
(
    [sent] => 
    [to] => dkasun558@gmail.com
)

2026-01-02 15:34:18 - Redirecting to submit.php - Array
(
    [application_id] => 1
)

2026-01-02 15:34:18 - Tables created successfully
2026-01-02 15:34:43 - Tables created successfully
2026-01-02 15:34:44 - Tables created successfully
2026-01-02 15:34:44 - Tables created successfully
2026-01-02 15:34:46 - Tables created successfully
2026-01-02 15:34:48 - Tables created successfully
2026-01-02 15:34:58 - Tables created successfully
2026-01-02 15:35:04 - Tables created successfully
2026-01-02 15:35:06 - Tables created successfully
2026-01-02 15:35:08 - Tables created successfully
2026-01-02 15:35:18 - Tables created successfully
2026-01-02 15:35:20 - Tables created successfully
2026-01-02 15:35:22 - Tables created successfully
2026-01-02 15:35:32 - Tables created successfully
2026-01-02 15:35:34 - Tables created successfully
2026-01-02 15:35:36 - Tables created successfully
2026-01-02 15:35:44 - Tables created successfully
2026-01-02 15:35:46 - Tables created successfully
2026-01-02 15:35:46 - Tables created successfully
2026-01-02 15:35:49 - Tables created successfully
2026-01-02 15:38:06 - Tables created successfully
2026-01-02 15:38:10 - Tables created successfully
2026-01-02 15:38:12 - Tables created successfully
2026-01-02 15:38:15 - Tables created successfully
2026-01-02 15:38:17 - Tables created successfully
2026-01-02 15:38:42 - Tables created successfully
2026-01-02 15:40:15 - Tables created successfully
2026-01-02 15:40:25 - Tables created successfully
2026-01-02 15:40:27 - Tables created successfully
2026-01-02 15:40:36 - Tables created successfully
2026-01-02 15:40:53 - Tables created successfully
2026-01-02 15:40:54 - Tables created successfully
2026-01-02 15:40:54 - Tables created successfully
2026-01-02 15:40:54 - Tables created successfully
2026-01-02 15:40:54 - Tables created successfully
2026-01-02 15:41:01 - Tables created successfully
2026-01-02 15:41:03 - Tables created successfully
2026-01-02 15:41:11 - Tables created successfully
2026-01-02 15:41:12 - Tables created successfully
2026-01-02 15:41:15 - Tables created successfully
2026-01-02 15:41:17 - Tables created successfully
2026-01-02 15:41:19 - Tables created successfully
2026-01-02 15:41:21 - Tables created successfully
2026-01-02 15:41:59 - Tables created successfully
2026-01-02 15:42:01 - Tables created successfully
2026-01-02 15:42:01 - Tables created successfully
2026-01-02 15:43:31 - Tables created successfully
2026-01-02 15:43:31 - Form submission started - Array
(
    [fullName] => Dilshan
    [nameWithInitials] => kasun
    [nicNo] => 200160902679
    [telNo] => 0717588871
    [dob] => 2008-01-02
    [email] => dkasun558@gmail.com
    [address] => 368/6 Rathnapura Road Kalawana
    [occupation] => QA
    [employerName] => Kasun Dilshan
    [beneficiaryName] => Array
        (
            [0] => QWE
        )

    [beneficiaryNIC] => Array
        (
            [0] => 2110220100212
        )

    [beneficiaryPercentage] => Array
        (
            [0] => 100
        )

    [years] => 1
    [signingDate] => 2026-01-02
    [accountNo] => 22112121
    [bank] => BOC
    [branch] => COLOMBO
    [declaration] => accepted
    [declarationDate] => 2026-01-02
)

2026-01-02 15:43:31 - Files received - Array
(
    [signatureUpload] => Array
        (
            [name] => ID_1 (2).pdf
            [type] => application/pdf
            [tmp_name] => C:\xampp\tmp\phpFF42.tmp
            [error] => 0
            [size] => 149739
        )

    [investorId] => Array
        (
            [name] => ID_1 (2).pdf
            [type] => application/pdf
            [tmp_name] => C:\xampp\tmp\phpFF43.tmp
            [error] => 0
            [size] => 149739
        )

    [beneficiaryId] => Array
        (
            [name] => ID_1 (3).pdf
            [type] => application/pdf
            [tmp_name] => C:\xampp\tmp\phpFF44.tmp
            [error] => 0
            [size] => 149739
        )

    [passbook] => Array
        (
            [name] => V6.pdf
            [type] => application/pdf
            [tmp_name] => C:\xampp\tmp\phpFF54.tmp
            [error] => 0
            [size] => 149739
        )

    [paymentSlip] => Array
        (
            [name] => 693fac4d48b43_1765780557_ID_1__2_.pdf
            [type] => application/pdf
            [tmp_name] => C:\xampp\tmp\phpFF55.tmp
            [error] => 0
            [size] => 149739
        )

    [finalSignature] => Array
        (
            [name] => V6.pdf
            [type] => application/pdf
            [tmp_name] => C:\xampp\tmp\phpFF56.tmp
            [error] => 0
            [size] => 149739
        )

)

2026-01-02 15:43:31 - POST request received
2026-01-02 15:43:31 - Processing form data - Array
(
    [fullName] => Dilshan
    [nameWithInitials] => kasun
    [nicNo] => 200160902679
    [telNo] => 0717588871
    [dob] => 2008-01-02
    [email] => dkasun558@gmail.com
    [address] => 368/6 Rathnapura Road Kalawana
    [occupation] => QA
    [employerName] => Kasun Dilshan
    [beneficiaryName] => Array
        (
            [0] => QWE
        )

    [beneficiaryNIC] => Array
        (
            [0] => 2110220100212
        )

    [beneficiaryPercentage] => Array
        (
            [0] => 100
        )

    [years] => 1
    [signingDate] => 2026-01-02
    [accountNo] => 22112121
    [bank] => BOC
    [branch] => COLOMBO
    [declaration] => accepted
    [declarationDate] => 2026-01-02
)

2026-01-02 15:43:31 - Attempting to upload file - Array
(
    [source] => C:\xampp\tmp\phpFF42.tmp
    [destination] => C:\xampp\htdocs\eco-wealth-portal/uploads/69579a4bdbed4_1767348811_ID_1__2_.pdf
    [file_size] => 149739
)

2026-01-02 15:43:31 - File uploaded successfully - 69579a4bdbed4_1767348811_ID_1__2_.pdf
2026-01-02 15:43:31 - Attempting to upload file - Array
(
    [source] => C:\xampp\tmp\phpFF43.tmp
    [destination] => C:\xampp\htdocs\eco-wealth-portal/uploads/69579a4bdc376_1767348811_ID_1__2_.pdf
    [file_size] => 149739
)

2026-01-02 15:43:31 - File uploaded successfully - 69579a4bdc376_1767348811_ID_1__2_.pdf
2026-01-02 15:43:31 - Attempting to upload file - Array
(
    [source] => C:\xampp\tmp\phpFF44.tmp
    [destination] => C:\xampp\htdocs\eco-wealth-portal/uploads/69579a4bdc748_1767348811_ID_1__3_.pdf
    [file_size] => 149739
)

2026-01-02 15:43:31 - File uploaded successfully - 69579a4bdc748_1767348811_ID_1__3_.pdf
2026-01-02 15:43:31 - Attempting to upload file - Array
(
    [source] => C:\xampp\tmp\phpFF54.tmp
    [destination] => C:\xampp\htdocs\eco-wealth-portal/uploads/69579a4bdcad4_1767348811_V6.pdf
    [file_size] => 149739
)

2026-01-02 15:43:31 - File uploaded successfully - 69579a4bdcad4_1767348811_V6.pdf
2026-01-02 15:43:31 - Attempting to upload file - Array
(
    [source] => C:\xampp\tmp\phpFF55.tmp
    [destination] => C:\xampp\htdocs\eco-wealth-portal/uploads/69579a4bdce3b_1767348811_693fac4d48b43_1765780557_ID_1__2_.pdf
    [file_size] => 149739
)

2026-01-02 15:43:31 - File uploaded successfully - 69579a4bdce3b_1767348811_693fac4d48b43_1765780557_ID_1__2_.pdf
2026-01-02 15:43:31 - Attempting to upload file - Array
(
    [source] => C:\xampp\tmp\phpFF56.tmp
    [destination] => C:\xampp\htdocs\eco-wealth-portal/uploads/69579a4bdd283_1767348811_V6.pdf
    [file_size] => 149739
)

2026-01-02 15:43:31 - File uploaded successfully - 69579a4bdd283_1767348811_V6.pdf
2026-01-02 15:43:31 - Investor inserted successfully - Array
(
    [id] => 3
)

2026-01-02 15:43:31 - Beneficiary inserted - Array
(
    [investor_id] => 3
    [name] => QWE
)

2026-01-02 15:43:31 - Transaction committed successfully - Array
(
    [application_id] => 3
)

2026-01-02 15:43:33 - Email sending attempt - Array
(
    [sent] => 
    [to] => dkasun558@gmail.com
)

2026-01-02 15:43:33 - Redirecting to submit.php - Array
(
    [application_id] => 3
)

2026-01-02 15:43:33 - Tables created successfully
2026-01-02 15:43:36 - Tables created successfully
2026-01-02 15:43:38 - Tables created successfully
2026-01-02 15:43:40 - Tables created successfully
2026-01-02 15:44:05 - Tables created successfully
2026-01-02 15:44:07 - Tables created successfully
2026-01-02 15:44:09 - Tables created successfully
2026-01-02 15:44:11 - Tables created successfully
2026-01-02 15:44:23 - Tables created successfully
2026-01-02 15:44:25 - Tables created successfully
2026-01-02 15:44:27 - Tables created successfully
2026-01-02 15:44:31 - Tables created successfully
2026-01-02 15:44:33 - Tables created successfully
2026-01-02 15:44:35 - Tables created successfully
2026-01-02 15:57:06 - Tables created successfully
2026-01-02 15:57:08 - Tables created successfully
2026-01-02 15:57:09 - Tables created successfully
2026-01-02 15:57:09 - Tables created successfully
2026-01-02 15:57:10 - Tables created successfully
2026-01-02 15:57:12 - Tables created successfully
2026-01-02 15:57:13 - Tables created successfully
2026-01-02 15:57:14 - Tables created successfully
2026-01-02 15:57:15 - Tables created successfully
2026-01-02 15:57:17 - Tables created successfully
2026-01-02 15:57:19 - Tables created successfully
2026-01-02 16:02:04 - Tables created successfully
2026-01-02 16:02:06 - Tables created successfully
2026-01-02 16:02:20 - Tables created successfully
2026-01-02 16:02:22 - Tables created successfully
2026-01-02 16:02:23 - Tables created successfully
2026-01-02 16:02:24 - Tables created successfully
2026-01-02 16:02:24 - Tables created successfully
2026-01-02 16:02:30 - Tables created successfully
2026-01-02 16:02:30 - Tables created successfully
2026-01-02 16:02:33 - Tables created successfully
2026-01-02 16:02:33 - Tables created successfully
2026-01-02 16:02:40 - Tables created successfully
2026-01-02 16:02:44 - Tables created successfully
2026-01-02 16:02:44 - Tables created successfully
2026-01-02 16:04:36 - Tables created successfully
2026-01-02 16:04:38 - Tables created successfully
2026-01-02 16:08:05 - Tables created successfully
2026-01-02 16:08:06 - Tables created successfully
2026-01-02 16:08:07 - Tables created successfully
2026-01-02 16:08:07 - Tables created successfully
2026-01-02 16:08:08 - Tables created successfully
2026-01-02 16:08:11 - Tables created successfully
2026-01-02 16:08:20 - Tables created successfully
2026-01-02 16:08:23 - Tables created successfully
2026-01-02 16:08:24 - Tables created successfully
2026-01-02 16:08:39 - Tables created successfully
2026-01-02 16:08:41 - Tables created successfully
2026-01-02 16:08:41 - Tables created successfully
2026-01-02 16:08:42 - Tables created successfully
2026-01-02 16:08:42 - Tables created successfully
2026-01-02 16:08:42 - Tables created successfully
2026-01-02 16:08:43 - Tables created successfully
2026-01-02 16:08:43 - Tables created successfully
2026-01-02 16:08:44 - Tables created successfully
2026-01-02 16:08:49 - Tables created successfully
2026-01-02 16:08:50 - Tables created successfully
2026-01-02 16:13:50 - Tables created successfully
2026-01-02 16:18:50 - Tables created successfully
2026-01-02 16:20:02 - Tables created successfully
2026-01-02 16:20:04 - Tables created successfully
2026-01-02 16:20:04 - Tables created successfully
2026-01-02 16:20:15 - Tables created successfully
2026-01-02 16:20:16 - Tables created successfully
2026-01-02 16:20:18 - Tables created successfully
2026-01-02 16:20:20 - Tables created successfully
2026-01-02 16:20:21 - Tables created successfully
2026-01-02 16:20:26 - Tables created successfully
2026-01-02 16:25:27 - Tables created successfully
2026-01-02 16:30:27 - Tables created successfully
2026-01-02 16:35:28 - Tables created successfully
2026-01-02 16:40:26 - Tables created successfully
2026-01-02 16:45:26 - Tables created successfully
2026-01-05 09:40:25 - Tables created successfully
2026-01-05 09:40:39 - Tables created successfully
2026-01-05 09:40:45 - Tables created successfully
2026-01-05 09:40:49 - Tables created successfully
2026-01-05 09:43:10 - Tables created successfully
2026-01-05 09:43:15 - Tables created successfully
2026-01-05 09:43:16 - Tables created successfully
2026-01-05 09:43:21 - Tables created successfully
2026-01-05 09:45:08 - Tables created successfully
2026-01-05 09:45:14 - Tables created successfully
2026-01-05 09:45:15 - Tables created successfully
2026-01-05 09:45:17 - Tables created successfully
2026-01-05 09:47:34 - Tables created successfully
2026-01-05 09:47:36 - Tables created successfully
2026-01-05 09:48:20 - Tables created successfully
2026-01-05 09:48:20 - Tables created successfully
2026-01-05 09:50:37 - Tables created successfully
2026-01-05 09:50:38 - Tables created successfully
2026-01-05 09:50:39 - Tables created successfully
2026-01-05 09:50:41 - Tables created successfully
2026-01-05 09:50:42 - Tables created successfully
2026-01-05 09:50:45 - Tables created successfully
2026-01-05 09:55:19 - Tables created successfully
2026-01-05 09:55:35 - Tables created successfully
2026-01-05 09:58:43 - Tables created successfully
2026-01-05 09:58:53 - Tables created successfully
2026-01-05 09:58:58 - Tables created successfully
2026-01-05 09:59:00 - Tables created successfully
2026-01-05 09:59:02 - Tables created successfully
2026-01-05 09:59:05 - Tables created successfully
2026-01-05 09:59:05 - Tables created successfully
2026-01-05 09:59:21 - Tables created successfully
2026-01-05 09:59:23 - Tables created successfully
2026-01-05 09:59:50 - Tables created successfully
2026-01-05 09:59:57 - Tables created successfully
2026-01-05 10:00:24 - Tables created successfully
2026-01-05 10:05:24 - Tables created successfully
2026-01-05 10:09:25 - Tables created successfully
2026-01-05 10:09:25 - Form submission started - Array
(
    [fullName] => Dilshan
    [nameWithInitials] => kasun
    [nicNo] => 200160902679
    [telNo] => 0717499982
    [dob] => 2008-01-05
    [email] => dkasun558@gmail.com
    [address] => 368/6 Rathnapura Road Kalawana
    [occupation] => IT
    [employerName] => Kasun Dilshan
    [beneficiaryName] => Array
        (
            [0] => QWE
        )

    [beneficiaryNIC] => Array
        (
            [0] => 2110220100212
        )

    [beneficiaryPercentage] => Array
        (
            [0] => 100
        )

    [years] => 1
    [signingDate] => 2026-01-05
    [investmentType] => green_bonds
    [investmentAmount] => 1000
    [accountNo] => 22112121
    [bank] => BOC
    [branch] => COLOMBO
    [declaration] => accepted
    [declarationDate] => 2026-01-05
)

2026-01-05 10:09:25 - Files received - Array
(
    [signatureUpload] => Array
        (
            [name] => 
            [type] => 
            [tmp_name] => 
            [error] => 4
            [size] => 0
        )

    [investorId] => Array
        (
            [name] => Bank_Slip_3.pdf
            [type] => application/pdf
            [tmp_name] => C:\xampp\tmp\phpA4D3.tmp
            [error] => 0
            [size] => 149739
        )

    [beneficiaryId] => Array
        (
            [name] => V6.pdf
            [type] => application/pdf
            [tmp_name] => C:\xampp\tmp\phpA4E3.tmp
            [error] => 0
            [size] => 149739
        )

    [passbook] => Array
        (
            [name] => ID_1.pdf
            [type] => application/pdf
            [tmp_name] => C:\xampp\tmp\phpA4E4.tmp
            [error] => 0
            [size] => 149739
        )

    [paymentSlip] => Array
        (
            [name] => V2.pdf
            [type] => application/pdf
            [tmp_name] => C:\xampp\tmp\phpA4E5.tmp
            [error] => 0
            [size] => 359373
        )

    [finalSignature] => Array
        (
            [name] => Bank_Slip_1.pdf
            [type] => application/pdf
            [tmp_name] => C:\xampp\tmp\phpA4F6.tmp
            [error] => 0
            [size] => 150243
        )

)

2026-01-05 10:09:25 - POST request received
2026-01-05 10:09:25 - Processing form data - Array
(
    [fullName] => Dilshan
    [nameWithInitials] => kasun
    [nicNo] => 200160902679
    [telNo] => 0717499982
    [dob] => 2008-01-05
    [email] => dkasun558@gmail.com
    [address] => 368/6 Rathnapura Road Kalawana
    [occupation] => IT
    [employerName] => Kasun Dilshan
    [beneficiaryName] => Array
        (
            [0] => QWE
        )

    [beneficiaryNIC] => Array
        (
            [0] => 2110220100212
        )

    [beneficiaryPercentage] => Array
        (
            [0] => 100
        )

    [years] => 1
    [signingDate] => 2026-01-05
    [investmentType] => green_bonds
    [investmentAmount] => 1000
    [accountNo] => 22112121
    [bank] => BOC
    [branch] => COLOMBO
    [declaration] => accepted
    [declarationDate] => 2026-01-05
)

2026-01-05 10:09:25 - Form processing error - signatureUpload is required. Please upload the file.
2026-01-05 10:09:25 - Redirecting back to index with error - Array
(
    [error] => signatureUpload is required. Please upload the file.
)

2026-01-05 10:10:25 - Tables created successfully
2026-01-05 10:11:41 - Tables created successfully
2026-01-05 10:11:41 - Form submission started - Array
(
    [fullName] => SUNIL
    [nameWithInitials] => K SUNIL
    [nicNo] => 9982772615V
    [telNo] => 0717588871
    [dob] => 2008-01-01
    [email] => sunil@gmail.com
    [address] => 368/6 Rathnapura Road Kalawana
    [occupation] => QA
    [employerName] => Kasun Dilshan
    [beneficiaryName] => Array
        (
            [0] => QWE
        )

    [beneficiaryNIC] => Array
        (
            [0] => 111111111111121
        )

    [beneficiaryPercentage] => Array
        (
            [0] => 100
        )

    [years] => 1
    [signingDate] => 2026-01-05
    [accountNo] => 1111111111
    [bank] => BOC
    [branch] => COLOMBO
    [declaration] => accepted
    [declarationDate] => 2026-01-05
)

2026-01-05 10:11:41 - Files received - Array
(
    [signatureUpload] => Array
        (
            [name] => V5.pdf
            [type] => application/pdf
            [tmp_name] => C:\xampp\tmp\phpB960.tmp
            [error] => 0
            [size] => 149151
        )

    [investorId] => Array
        (
            [name] => ID_3.pdf
            [type] => application/pdf
            [tmp_name] => C:\xampp\tmp\phpB961.tmp
            [error] => 0
            [size] => 149739
        )

    [beneficiaryId] => Array
        (
            [name] => ID_1 (3).pdf
            [type] => application/pdf
            [tmp_name] => C:\xampp\tmp\phpB962.tmp
            [error] => 0
            [size] => 149739
        )

    [passbook] => Array
        (
            [name] => Bank_Slip_1.pdf
            [type] => application/pdf
            [tmp_name] => C:\xampp\tmp\phpB972.tmp
            [error] => 0
            [size] => 150243
        )

    [paymentSlip] => Array
        (
            [name] => ID_4.pdf
            [type] => application/pdf
            [tmp_name] => C:\xampp\tmp\phpB973.tmp
            [error] => 0
            [size] => 149739
        )

    [finalSignature] => Array
        (
            [name] => Bank_Slip_1.pdf
            [type] => application/pdf
            [tmp_name] => C:\xampp\tmp\phpB984.tmp
            [error] => 0
            [size] => 150243
        )

)

2026-01-05 10:11:41 - POST request received
2026-01-05 10:11:41 - Processing form data - Array
(
    [fullName] => SUNIL
    [nameWithInitials] => K SUNIL
    [nicNo] => 9982772615V
    [telNo] => 0717588871
    [dob] => 2008-01-01
    [email] => sunil@gmail.com
    [address] => 368/6 Rathnapura Road Kalawana
    [occupation] => QA
    [employerName] => Kasun Dilshan
    [beneficiaryName] => Array
        (
            [0] => QWE
        )

    [beneficiaryNIC] => Array
        (
            [0] => 111111111111121
        )

    [beneficiaryPercentage] => Array
        (
            [0] => 100
        )

    [years] => 1
    [signingDate] => 2026-01-05
    [accountNo] => 1111111111
    [bank] => BOC
    [branch] => COLOMBO
    [declaration] => accepted
    [declarationDate] => 2026-01-05
)

2026-01-05 10:11:41 - Attempting to upload file - Array
(
    [source] => C:\xampp\tmp\phpB960.tmp
    [destination] => C:\xampp\htdocs\eco-wealth-portal/uploads/695b410577a79_1767588101_V5.pdf
    [file_size] => 149151
)

2026-01-05 10:11:41 - File uploaded successfully - 695b410577a79_1767588101_V5.pdf
2026-01-05 10:11:41 - Attempting to upload file - Array
(
    [source] => C:\xampp\tmp\phpB961.tmp
    [destination] => C:\xampp\htdocs\eco-wealth-portal/uploads/695b41057874e_1767588101_ID_3.pdf
    [file_size] => 149739
)

2026-01-05 10:11:41 - File uploaded successfully - 695b41057874e_1767588101_ID_3.pdf
2026-01-05 10:11:41 - Attempting to upload file - Array
(
    [source] => C:\xampp\tmp\phpB962.tmp
    [destination] => C:\xampp\htdocs\eco-wealth-portal/uploads/695b410578d89_1767588101_ID_1__3_.pdf
    [file_size] => 149739
)

2026-01-05 10:11:41 - File uploaded successfully - 695b410578d89_1767588101_ID_1__3_.pdf
2026-01-05 10:11:41 - Attempting to upload file - Array
(
    [source] => C:\xampp\tmp\phpB972.tmp
    [destination] => C:\xampp\htdocs\eco-wealth-portal/uploads/695b4105794b3_1767588101_Bank_Slip_1.pdf
    [file_size] => 150243
)

2026-01-05 10:11:41 - File uploaded successfully - 695b4105794b3_1767588101_Bank_Slip_1.pdf
2026-01-05 10:11:41 - Attempting to upload file - Array
(
    [source] => C:\xampp\tmp\phpB973.tmp
    [destination] => C:\xampp\htdocs\eco-wealth-portal/uploads/695b410579e2d_1767588101_ID_4.pdf
    [file_size] => 149739
)

2026-01-05 10:11:41 - File uploaded successfully - 695b410579e2d_1767588101_ID_4.pdf
2026-01-05 10:11:41 - Attempting to upload file - Array
(
    [source] => C:\xampp\tmp\phpB984.tmp
    [destination] => C:\xampp\htdocs\eco-wealth-portal/uploads/695b41057af37_1767588101_Bank_Slip_1.pdf
    [file_size] => 150243
)

2026-01-05 10:11:41 - File uploaded successfully - 695b41057af37_1767588101_Bank_Slip_1.pdf
2026-01-05 10:11:41 - Investor inserted successfully - Array
(
    [id] => 4
)

2026-01-05 10:11:41 - Beneficiary inserted - Array
(
    [investor_id] => 4
    [name] => QWE
)

2026-01-05 10:11:41 - Transaction committed successfully - Array
(
    [application_id] => 4
)

2026-01-05 10:11:43 - Email sending attempt - Array
(
    [sent] => 
    [to] => sunil@gmail.com
)

2026-01-05 10:11:43 - Redirecting to submit.php - Array
(
    [application_id] => 4
)

2026-01-05 10:11:43 - Tables created successfully
2026-01-05 10:15:26 - Tables created successfully
2026-01-05 10:19:38 - Tables created successfully
2026-01-05 10:24:38 - Tables created successfully
2026-01-05 10:29:39 - Tables created successfully
2026-01-05 10:34:40 - Tables created successfully
2026-01-05 10:39:41 - Tables created successfully
2026-01-05 10:40:19 - Tables created successfully
2026-01-05 10:40:20 - Tables created successfully
2026-01-05 10:40:22 - Tables created successfully
2026-01-05 10:40:34 - Tables created successfully
2026-01-05 10:40:47 - Tables created successfully
2026-01-05 10:40:57 - Tables created successfully
2026-01-05 10:40:57 - Tables created successfully
2026-01-05 10:44:08 - Tables created successfully
2026-01-05 10:45:23 - Tables created successfully
2026-01-05 10:45:23 - Form submission started - Array
(
    [fullName] => Dilshan
    [nameWithInitials] => kasun
    [nicNo] => 1212121213
    [telNo] => 0717588871
    [dob] => 2008-01-05
    [email] => dkasun558@gmail.com
    [address] => 368/6 Rathnapura Road Kalawana
    [occupation] => QA
    [employerName] => Kasun Dilshan
    [beneficiaryName] => Array
        (
            [0] => QWE
        )

    [beneficiaryNIC] => Array
        (
            [0] => 2110220100212
        )

    [beneficiaryPercentage] => Array
        (
            [0] => 100
        )

    [years] => 1
    [signingDate] => 2026-01-05
    [accountNo] => 1111111111
    [bank] => BOC
    [branch] => COLOMBO
    [declaration] => accepted
    [declarationDate] => 2026-01-05
)

2026-01-05 10:45:23 - Files received - Array
(
    [signatureUpload] => Array
        (
            [name] => Bank_Slip_3.pdf
            [type] => application/pdf
            [tmp_name] => C:\xampp\tmp\php94D0.tmp
            [error] => 0
            [size] => 149739
        )

    [investorId] => Array
        (
            [name] => Bank_Slip_1.pdf
            [type] => application/pdf
            [tmp_name] => C:\xampp\tmp\php94D1.tmp
            [error] => 0
            [size] => 150243
        )

    [beneficiaryId] => Array
        (
            [name] => Bank_Slip_3.pdf
            [type] => application/pdf
            [tmp_name] => C:\xampp\tmp\php94D2.tmp
            [error] => 0
            [size] => 149739
        )

    [passbook] => Array
        (
            [name] => Bank_Slip_3.pdf
            [type] => application/pdf
            [tmp_name] => C:\xampp\tmp\php94D3.tmp
            [error] => 0
            [size] => 149739
        )

    [paymentSlip] => Array
        (
            [name] => Bank_Slip_3.pdf
            [type] => application/pdf
            [tmp_name] => C:\xampp\tmp\php94E3.tmp
            [error] => 0
            [size] => 149739
        )

    [finalSignature] => Array
        (
            [name] => Bank_Slip_3.pdf
            [type] => application/pdf
            [tmp_name] => C:\xampp\tmp\php94E4.tmp
            [error] => 0
            [size] => 149739
        )

)

2026-01-05 10:45:23 - POST request received
2026-01-05 10:45:23 - Processing form data - Array
(
    [fullName] => Dilshan
    [nameWithInitials] => kasun
    [nicNo] => 1212121213
    [telNo] => 0717588871
    [dob] => 2008-01-05
    [email] => dkasun558@gmail.com
    [address] => 368/6 Rathnapura Road Kalawana
    [occupation] => QA
    [employerName] => Kasun Dilshan
    [beneficiaryName] => Array
        (
            [0] => QWE
        )

    [beneficiaryNIC] => Array
        (
            [0] => 2110220100212
        )

    [beneficiaryPercentage] => Array
        (
            [0] => 100
        )

    [years] => 1
    [signingDate] => 2026-01-05
    [accountNo] => 1111111111
    [bank] => BOC
    [branch] => COLOMBO
    [declaration] => accepted
    [declarationDate] => 2026-01-05
)

2026-01-05 10:45:23 - Attempting to upload file - Array
(
    [source] => C:\xampp\tmp\php94D0.tmp
    [destination] => C:\xampp\htdocs\eco-wealth-portal/uploads/695b48ebb3955_1767590123_Bank_Slip_3.pdf
    [file_size] => 149739
)

2026-01-05 10:45:23 - File uploaded successfully - 695b48ebb3955_1767590123_Bank_Slip_3.pdf
2026-01-05 10:45:23 - Attempting to upload file - Array
(
    [source] => C:\xampp\tmp\php94D1.tmp
    [destination] => C:\xampp\htdocs\eco-wealth-portal/uploads/695b48ebb3cdb_1767590123_Bank_Slip_1.pdf
    [file_size] => 150243
)

2026-01-05 10:45:23 - File uploaded successfully - 695b48ebb3cdb_1767590123_Bank_Slip_1.pdf
2026-01-05 10:45:23 - Attempting to upload file - Array
(
    [source] => C:\xampp\tmp\php94D2.tmp
    [destination] => C:\xampp\htdocs\eco-wealth-portal/uploads/695b48ebb408f_1767590123_Bank_Slip_3.pdf
    [file_size] => 149739
)

2026-01-05 10:45:23 - File uploaded successfully - 695b48ebb408f_1767590123_Bank_Slip_3.pdf
2026-01-05 10:45:23 - Attempting to upload file - Array
(
    [source] => C:\xampp\tmp\php94D3.tmp
    [destination] => C:\xampp\htdocs\eco-wealth-portal/uploads/695b48ebb43f8_1767590123_Bank_Slip_3.pdf
    [file_size] => 149739
)

2026-01-05 10:45:23 - File uploaded successfully - 695b48ebb43f8_1767590123_Bank_Slip_3.pdf
2026-01-05 10:45:23 - Attempting to upload file - Array
(
    [source] => C:\xampp\tmp\php94E3.tmp
    [destination] => C:\xampp\htdocs\eco-wealth-portal/uploads/695b48ebb47c7_1767590123_Bank_Slip_3.pdf
    [file_size] => 149739
)

2026-01-05 10:45:23 - File uploaded successfully - 695b48ebb47c7_1767590123_Bank_Slip_3.pdf
2026-01-05 10:45:23 - Attempting to upload file - Array
(
    [source] => C:\xampp\tmp\php94E4.tmp
    [destination] => C:\xampp\htdocs\eco-wealth-portal/uploads/695b48ebb4fc0_1767590123_Bank_Slip_3.pdf
    [file_size] => 149739
)

2026-01-05 10:45:23 - File uploaded successfully - 695b48ebb4fc0_1767590123_Bank_Slip_3.pdf
2026-01-05 10:45:23 - Investor inserted successfully - Array
(
    [id] => 5
)

2026-01-05 10:45:23 - Beneficiary inserted - Array
(
    [investor_id] => 5
    [name] => QWE
)

2026-01-05 10:45:23 - Transaction committed successfully - Array
(
    [application_id] => 5
)

2026-01-05 10:45:25 - Email sending attempt - Array
(
    [sent] => 
    [to] => dkasun558@gmail.com
)

2026-01-05 10:45:25 - Redirecting to submit.php - Array
(
    [application_id] => 5
)

2026-01-05 10:45:25 - Tables created successfully
2026-01-05 10:45:57 - Tables created successfully
2026-01-05 10:45:58 - Tables created successfully
2026-01-05 10:45:58 - Tables created successfully
2026-01-05 10:46:00 - Tables created successfully
2026-01-05 10:46:01 - Tables created successfully
2026-01-05 10:46:02 - Tables created successfully
2026-01-05 10:46:07 - Tables created successfully
2026-01-05 10:46:10 - Tables created successfully
2026-01-05 10:46:12 - Tables created successfully
2026-01-05 10:47:41 - Tables created successfully
2026-01-05 10:47:43 - Tables created successfully
2026-01-05 11:27:09 - Tables created successfully
2026-01-05 11:27:11 - Tables created successfully
2026-01-05 11:27:54 - Tables created successfully
2026-01-05 11:27:56 - Tables created successfully
2026-01-05 11:28:10 - Tables created successfully
2026-01-05 11:28:13 - Tables created successfully
2026-01-05 11:28:18 - Tables created successfully
2026-01-05 11:28:19 - Tables created successfully
2026-01-05 11:28:21 - Tables created successfully
2026-01-05 11:28:27 - Tables created successfully
2026-01-05 11:28:27 - Tables created successfully
2026-01-05 11:28:34 - Tables created successfully
2026-01-05 11:30:02 - Tables created successfully
2026-01-05 11:30:03 - Tables created successfully
2026-01-05 11:48:03 - Tables created successfully
2026-01-05 11:59:20 - Tables created successfully
2026-01-05 11:59:20 - Form submission started - Array
(
    [fullName] => Dilshan
    [nameWithInitials] => kasun
    [nicNo] => 2221121233111
    [telNo] => 0717588871
    [dob] => 2008-01-01
    [email] => dkasun558@gmail.com
    [address] => 368/6 Rathnapura Road Kalawana
    [occupation] => QA
    [employerName] => Kasun Dilshan
    [beneficiaryName] => Array
        (
            [0] => QWE
        )

    [beneficiaryNIC] => Array
        (
            [0] => 2110220100212
        )

    [beneficiaryPercentage] => Array
        (
            [0] => 100
        )

    [years] => 1
    [investmentAmount] => 1000000
    [signingDate] => 2026-01-05
    [accountNo] => 1111111111
    [bank] => BOC
    [branch] => COLOMBO
    [declaration] => accepted
    [declarationDate] => 2026-01-05
)

2026-01-05 11:59:20 - Files received - Array
(
    [signatureUpload] => Array
        (
            [name] => Bank_Slip_3.pdf
            [type] => application/pdf
            [tmp_name] => C:\xampp\tmp\php4861.tmp
            [error] => 0
            [size] => 149739
        )

    [investorId] => Array
        (
            [name] => 693fac4d48b43_1765780557_ID_1__2_.pdf
            [type] => application/pdf
            [tmp_name] => C:\xampp\tmp\php4862.tmp
            [error] => 0
            [size] => 149739
        )

    [beneficiaryId] => Array
        (
            [name] => ID_4.pdf
            [type] => application/pdf
            [tmp_name] => C:\xampp\tmp\php4872.tmp
            [error] => 0
            [size] => 149739
        )

    [passbook] => Array
        (
            [name] => Bank_Slip_1.pdf
            [type] => application/pdf
            [tmp_name] => C:\xampp\tmp\php4873.tmp
            [error] => 0
            [size] => 150243
        )

    [paymentSlip] => Array
        (
            [name] => Bank_Slip_3.pdf
            [type] => application/pdf
            [tmp_name] => C:\xampp\tmp\php4884.tmp
            [error] => 0
            [size] => 149739
        )

    [finalSignature] => Array
        (
            [name] => Bank_Slip_3.pdf
            [type] => application/pdf
            [tmp_name] => C:\xampp\tmp\php4885.tmp
            [error] => 0
            [size] => 149739
        )

)

2026-01-05 11:59:20 - POST request received
2026-01-05 11:59:20 - Processing form data - Array
(
    [fullName] => Dilshan
    [nameWithInitials] => kasun
    [nicNo] => 2221121233111
    [telNo] => 0717588871
    [dob] => 2008-01-01
    [email] => dkasun558@gmail.com
    [address] => 368/6 Rathnapura Road Kalawana
    [occupation] => QA
    [employerName] => Kasun Dilshan
    [beneficiaryName] => Array
        (
            [0] => QWE
        )

    [beneficiaryNIC] => Array
        (
            [0] => 2110220100212
        )

    [beneficiaryPercentage] => Array
        (
            [0] => 100
        )

    [years] => 1
    [investmentAmount] => 1000000
    [signingDate] => 2026-01-05
    [accountNo] => 1111111111
    [bank] => BOC
    [branch] => COLOMBO
    [declaration] => accepted
    [declarationDate] => 2026-01-05
)

2026-01-05 11:59:20 - Attempting to upload file - Array
(
    [source] => C:\xampp\tmp\php4861.tmp
    [destination] => C:\xampp\htdocs\eco-wealth-portal/uploads/695b5a40997e9_1767594560_Bank_Slip_3.pdf
    [file_size] => 149739
)

2026-01-05 11:59:20 - File uploaded successfully - 695b5a40997e9_1767594560_Bank_Slip_3.pdf
2026-01-05 11:59:20 - Attempting to upload file - Array
(
    [source] => C:\xampp\tmp\php4862.tmp
    [destination] => C:\xampp\htdocs\eco-wealth-portal/uploads/695b5a4099bbf_1767594560_693fac4d48b43_1765780557_ID_1__2_.pdf
    [file_size] => 149739
)

2026-01-05 11:59:20 - File uploaded successfully - 695b5a4099bbf_1767594560_693fac4d48b43_1765780557_ID_1__2_.pdf
2026-01-05 11:59:20 - Attempting to upload file - Array
(
    [source] => C:\xampp\tmp\php4872.tmp
    [destination] => C:\xampp\htdocs\eco-wealth-portal/uploads/695b5a4099f4d_1767594560_ID_4.pdf
    [file_size] => 149739
)

2026-01-05 11:59:20 - File uploaded successfully - 695b5a4099f4d_1767594560_ID_4.pdf
2026-01-05 11:59:20 - Attempting to upload file - Array
(
    [source] => C:\xampp\tmp\php4873.tmp
    [destination] => C:\xampp\htdocs\eco-wealth-portal/uploads/695b5a409a282_1767594560_Bank_Slip_1.pdf
    [file_size] => 150243
)

2026-01-05 11:59:20 - File uploaded successfully - 695b5a409a282_1767594560_Bank_Slip_1.pdf
2026-01-05 11:59:20 - Attempting to upload file - Array
(
    [source] => C:\xampp\tmp\php4884.tmp
    [destination] => C:\xampp\htdocs\eco-wealth-portal/uploads/695b5a409a63f_1767594560_Bank_Slip_3.pdf
    [file_size] => 149739
)

2026-01-05 11:59:20 - File uploaded successfully - 695b5a409a63f_1767594560_Bank_Slip_3.pdf
2026-01-05 11:59:20 - Attempting to upload file - Array
(
    [source] => C:\xampp\tmp\php4885.tmp
    [destination] => C:\xampp\htdocs\eco-wealth-portal/uploads/695b5a409a9f2_1767594560_Bank_Slip_3.pdf
    [file_size] => 149739
)

2026-01-05 11:59:20 - File uploaded successfully - 695b5a409a9f2_1767594560_Bank_Slip_3.pdf
2026-01-05 11:59:20 - Investor inserted successfully - Array
(
    [id] => 6
)

2026-01-05 11:59:20 - Beneficiary inserted - Array
(
    [investor_id] => 6
    [name] => QWE
)

2026-01-05 11:59:20 - Transaction committed successfully - Array
(
    [application_id] => 6
)

2026-01-05 11:59:22 - Email sending attempt - Array
(
    [sent] => 
    [to] => dkasun558@gmail.com
)

2026-01-05 11:59:22 - Redirecting to submit.php - Array
(
    [application_id] => 6
)

2026-01-05 11:59:22 - Tables created successfully
2026-01-05 12:00:02 - Tables created successfully
2026-01-05 12:00:04 - Tables created successfully
2026-01-05 12:00:06 - Tables created successfully
2026-01-05 12:01:54 - Tables created successfully
2026-01-05 12:01:56 - Tables created successfully
2026-01-05 12:02:26 - Tables created successfully
2026-01-05 12:02:28 - Tables created successfully
2026-01-05 12:02:51 - Tables created successfully
2026-01-05 12:02:53 - Tables created successfully
2026-01-05 12:02:56 - Tables created successfully
2026-01-05 12:02:58 - Tables created successfully
2026-01-05 12:03:01 - Tables created successfully
2026-01-05 12:03:03 - Tables created successfully
2026-01-05 12:03:05 - Tables created successfully
2026-01-05 12:03:07 - Tables created successfully
2026-01-05 12:03:08 - Tables created successfully
2026-01-05 12:03:10 - Tables created successfully
2026-01-05 12:03:11 - Tables created successfully
2026-01-05 12:03:13 - Tables created successfully
2026-01-05 12:03:14 - Tables created successfully
2026-01-05 12:03:19 - Tables created successfully
2026-01-05 12:03:21 - Tables created successfully
2026-01-05 12:05:10 - Tables created successfully
2026-01-05 12:05:48 - Tables created successfully
2026-01-05 12:05:50 - Tables created successfully
2026-01-05 12:05:54 - Tables created successfully
2026-01-05 12:07:04 - Tables created successfully
2026-01-05 12:07:19 - Tables created successfully
2026-01-05 12:07:44 - Tables created successfully
2026-01-05 12:08:01 - Tables created successfully
2026-01-05 12:08:21 - Tables created successfully
2026-01-05 12:08:26 - Tables created successfully
2026-01-05 12:08:28 - Tables created successfully
2026-01-05 12:08:32 - Tables created successfully
2026-01-05 12:08:33 - Tables created successfully
2026-01-05 12:08:35 - Tables created successfully
2026-01-05 12:08:57 - Tables created successfully
2026-01-05 12:08:59 - Tables created successfully
2026-01-05 12:09:19 - Tables created successfully
2026-01-05 12:09:21 - Tables created successfully
2026-01-05 12:49:30 - Tables created successfully
2026-01-05 12:49:30 - Form submission started - Array
(
    [fullName] => new
    [nameWithInitials] => weq
    [nicNo] => 200130400876
    [telNo] => 07176555421
    [dob] => 2007-12-31
    [email] => dkasun558@gmail.com
    [address] => 368/6 Rathnapura Road Kalawana
    [occupation] => IT
    [employerName] => Kasun Dilshan
    [beneficiaryName] => Array
        (
            [0] => KAWI
        )

    [beneficiaryNIC] => Array
        (
            [0] => 200130400876
        )

    [beneficiaryPercentage] => Array
        (
            [0] => 100
        )

    [years] => 2
    [investmentAmount] => 10000000
    [signingDate] => 2026-01-05
    [accountNo] => 22112121
    [bank] => BOC
    [branch] => COLOMBO
    [declaration] => accepted
    [declarationDate] => 2026-01-05
)

2026-01-05 12:49:30 - Files received - Array
(
    [signatureUpload] => Array
        (
            [name] => Bank_Slip_3.pdf
            [type] => application/pdf
            [tmp_name] => C:\xampp\tmp\php34CF.tmp
            [error] => 0
            [size] => 149739
        )

    [investorId] => Array
        (
            [name] => Bank_Slip_3.pdf
            [type] => application/pdf
            [tmp_name] => C:\xampp\tmp\php34D0.tmp
            [error] => 0
            [size] => 149739
        )

    [beneficiaryId] => Array
        (
            [name] => ID_1 (2).pdf
            [type] => application/pdf
            [tmp_name] => C:\xampp\tmp\php34D1.tmp
            [error] => 0
            [size] => 149739
        )

    [passbook] => Array
        (
            [name] => 693fac4d48b43_1765780557_ID_1__2_.pdf
            [type] => application/pdf
            [tmp_name] => C:\xampp\tmp\php34E2.tmp
            [error] => 0
            [size] => 149739
        )

    [paymentSlip] => Array
        (
            [name] => ID_1 (3).pdf
            [type] => application/pdf
            [tmp_name] => C:\xampp\tmp\php34E3.tmp
            [error] => 0
            [size] => 149739
        )

    [finalSignature] => Array
        (
            [name] => Bank_Slip_3.pdf
            [type] => application/pdf
            [tmp_name] => C:\xampp\tmp\php34E4.tmp
            [error] => 0
            [size] => 149739
        )

)

2026-01-05 12:49:30 - POST request received
2026-01-05 12:49:30 - Processing form data - Array
(
    [fullName] => new
    [nameWithInitials] => weq
    [nicNo] => 200130400876
    [telNo] => 07176555421
    [dob] => 2007-12-31
    [email] => dkasun558@gmail.com
    [address] => 368/6 Rathnapura Road Kalawana
    [occupation] => IT
    [employerName] => Kasun Dilshan
    [beneficiaryName] => Array
        (
            [0] => KAWI
        )

    [beneficiaryNIC] => Array
        (
            [0] => 200130400876
        )

    [beneficiaryPercentage] => Array
        (
            [0] => 100
        )

    [years] => 2
    [investmentAmount] => 10000000
    [signingDate] => 2026-01-05
    [accountNo] => 22112121
    [bank] => BOC
    [branch] => COLOMBO
    [declaration] => accepted
    [declarationDate] => 2026-01-05
)

2026-01-05 12:49:30 - Attempting to upload file - Array
(
    [source] => C:\xampp\tmp\php34CF.tmp
    [destination] => C:\xampp\htdocs\eco-wealth-portal/uploads/695b66023945d_1767597570_Bank_Slip_3.pdf
    [file_size] => 149739
)

2026-01-05 12:49:30 - File uploaded successfully - 695b66023945d_1767597570_Bank_Slip_3.pdf
2026-01-05 12:49:30 - Attempting to upload file - Array
(
    [source] => C:\xampp\tmp\php34D0.tmp
    [destination] => C:\xampp\htdocs\eco-wealth-portal/uploads/695b66023a5b8_1767597570_Bank_Slip_3.pdf
    [file_size] => 149739
)

2026-01-05 12:49:30 - File uploaded successfully - 695b66023a5b8_1767597570_Bank_Slip_3.pdf
2026-01-05 12:49:30 - Attempting to upload file - Array
(
    [source] => C:\xampp\tmp\php34D1.tmp
    [destination] => C:\xampp\htdocs\eco-wealth-portal/uploads/695b66023b273_1767597570_ID_1__2_.pdf
    [file_size] => 149739
)

2026-01-05 12:49:30 - File uploaded successfully - 695b66023b273_1767597570_ID_1__2_.pdf
2026-01-05 12:49:30 - Attempting to upload file - Array
(
    [source] => C:\xampp\tmp\php34E2.tmp
    [destination] => C:\xampp\htdocs\eco-wealth-portal/uploads/695b66023b7f6_1767597570_693fac4d48b43_1765780557_ID_1__2_.pdf
    [file_size] => 149739
)

2026-01-05 12:49:30 - File uploaded successfully - 695b66023b7f6_1767597570_693fac4d48b43_1765780557_ID_1__2_.pdf
2026-01-05 12:49:30 - Attempting to upload file - Array
(
    [source] => C:\xampp\tmp\php34E3.tmp
    [destination] => C:\xampp\htdocs\eco-wealth-portal/uploads/695b66023bd45_1767597570_ID_1__3_.pdf
    [file_size] => 149739
)

2026-01-05 12:49:30 - File uploaded successfully - 695b66023bd45_1767597570_ID_1__3_.pdf
2026-01-05 12:49:30 - Attempting to upload file - Array
(
    [source] => C:\xampp\tmp\php34E4.tmp
    [destination] => C:\xampp\htdocs\eco-wealth-portal/uploads/695b66023c1dd_1767597570_Bank_Slip_3.pdf
    [file_size] => 149739
)

2026-01-05 12:49:30 - File uploaded successfully - 695b66023c1dd_1767597570_Bank_Slip_3.pdf
2026-01-05 12:49:30 - Investor inserted successfully - Array
(
    [id] => 7
)

2026-01-05 12:49:30 - Beneficiary inserted - Array
(
    [investor_id] => 7
    [name] => KAWI
)

2026-01-05 12:49:30 - Transaction committed successfully - Array
(
    [application_id] => 7
)

2026-01-05 12:49:32 - Email sending attempt - Array
(
    [sent] => 
    [to] => dkasun558@gmail.com
)

2026-01-05 12:49:32 - Redirecting to submit.php - Array
(
    [application_id] => 7
)

2026-01-05 12:49:32 - Tables created successfully
2026-01-05 12:50:39 - Tables created successfully
2026-01-05 12:50:41 - Tables created successfully
2026-01-05 12:50:42 - Tables created successfully
2026-01-05 12:50:47 - Tables created successfully
2026-01-05 12:50:47 - Tables created successfully
2026-01-05 12:50:48 - Tables created successfully
2026-01-05 12:50:49 - Tables created successfully
2026-01-05 12:50:50 - Tables created successfully
2026-01-05 12:50:50 - Tables created successfully
2026-01-05 12:50:52 - Tables created successfully
2026-01-05 12:51:15 - Tables created successfully
2026-01-05 12:51:15 - Tables created successfully
2026-01-05 12:58:38 - Tables created successfully
2026-01-05 12:58:41 - Tables created successfully
2026-01-05 12:58:43 - Tables created successfully
2026-01-05 12:59:15 - Tables created successfully
2026-01-05 12:59:18 - Tables created successfully
2026-01-05 12:59:23 - Tables created successfully
2026-01-05 12:59:25 - Tables created successfully
2026-01-05 12:59:27 - Tables created successfully
2026-01-05 12:59:35 - Tables created successfully
2026-01-05 13:04:35 - Tables created successfully
2026-01-05 13:09:36 - Tables created successfully
2026-01-05 13:14:37 - Tables created successfully
2026-01-05 13:19:38 - Tables created successfully
2026-01-05 13:24:39 - Tables created successfully
2026-01-05 13:29:40 - Tables created successfully
2026-01-05 13:34:41 - Tables created successfully
2026-01-05 13:37:31 - Tables created successfully
2026-01-05 13:37:32 - Tables created successfully
2026-01-05 13:37:36 - Tables created successfully
2026-01-05 13:37:38 - Tables created successfully
2026-01-05 13:37:40 - Tables created successfully
2026-01-05 13:54:29 - Tables created successfully
2026-01-05 13:54:31 - Tables created successfully
2026-01-05 13:54:47 - Tables created successfully
2026-01-05 13:55:24 - Tables created successfully
2026-01-05 13:55:30 - Tables created successfully
2026-01-05 14:00:30 - Tables created successfully
2026-01-05 14:03:21 - Tables created successfully
2026-01-05 14:04:34 - Tables created successfully
2026-01-05 14:04:34 - Form submission started - Array
(
    [fullName] => Dilshan
    [nameWithInitials] => kasun
    [nicNo] => 2221121233111
    [telNo] => 0717588871
    [dob] => 2008-01-01
    [email] => dkasun558@gmail.com
    [address] => 368/6 Rathnapura Road Kalawana
    [occupation] => QA
    [employerName] => Kasun Dilshan
    [beneficiaryName] => Array
        (
            [0] => QWE
        )

    [beneficiaryNIC] => Array
        (
            [0] => 2110220100212
        )

    [beneficiaryPercentage] => Array
        (
            [0] => 100
        )

    [years] => 1
    [investmentAmount] => 10000000
    [investmentType] => esg_funds
    [signingDate] => 2026-01-05
    [accountNo] => 1111111111
    [bank] => BOC
    [branch] => COLOMBO
    [declaration] => accepted
    [declarationDate] => 2026-01-05
)

2026-01-05 14:04:34 - Files received - Array
(
    [signatureUpload] => Array
        (
            [name] => Bank_Slip_3.pdf
            [type] => application/pdf
            [tmp_name] => C:\xampp\tmp\phpF164.tmp
            [error] => 0
            [size] => 149739
        )

    [investorId] => Array
        (
            [name] => Bank_Slip_3.pdf
            [type] => application/pdf
            [tmp_name] => C:\xampp\tmp\phpF165.tmp
            [error] => 0
            [size] => 149739
        )

    [beneficiaryId] => Array
        (
            [name] => ID_1 (3).pdf
            [type] => application/pdf
            [tmp_name] => C:\xampp\tmp\phpF176.tmp
            [error] => 0
            [size] => 149739
        )

    [passbook] => Array
        (
            [name] => Bank_Slip_1.pdf
            [type] => application/pdf
            [tmp_name] => C:\xampp\tmp\phpF177.tmp
            [error] => 0
            [size] => 150243
        )

    [paymentSlip] => Array
        (
            [name] => Bank_Slip_3.pdf
            [type] => application/pdf
            [tmp_name] => C:\xampp\tmp\phpF187.tmp
            [error] => 0
            [size] => 149739
        )

    [finalSignature] => Array
        (
            [name] => Bank_Slip_3.pdf
            [type] => application/pdf
            [tmp_name] => C:\xampp\tmp\phpF188.tmp
            [error] => 0
            [size] => 149739
        )

)

2026-01-05 14:04:34 - POST request received
2026-01-05 14:04:34 - Processing form data - Array
(
    [fullName] => Dilshan
    [nameWithInitials] => kasun
    [nicNo] => 2221121233111
    [telNo] => 0717588871
    [dob] => 2008-01-01
    [email] => dkasun558@gmail.com
    [address] => 368/6 Rathnapura Road Kalawana
    [occupation] => QA
    [employerName] => Kasun Dilshan
    [beneficiaryName] => Array
        (
            [0] => QWE
        )

    [beneficiaryNIC] => Array
        (
            [0] => 2110220100212
        )

    [beneficiaryPercentage] => Array
        (
            [0] => 100
        )

    [years] => 1
    [investmentAmount] => 10000000
    [investmentType] => esg_funds
    [signingDate] => 2026-01-05
    [accountNo] => 1111111111
    [bank] => BOC
    [branch] => COLOMBO
    [declaration] => accepted
    [declarationDate] => 2026-01-05
)

2026-01-05 14:04:34 - Attempting to upload file - Array
(
    [source] => C:\xampp\tmp\phpF164.tmp
    [destination] => C:\xampp\htdocs\eco-wealth-portal/uploads/695b779af253c_1767602074_Bank_Slip_3.pdf
    [file_size] => 149739
)

2026-01-05 14:04:34 - File uploaded successfully - 695b779af253c_1767602074_Bank_Slip_3.pdf
2026-01-05 14:04:34 - Attempting to upload file - Array
(
    [source] => C:\xampp\tmp\phpF165.tmp
    [destination] => C:\xampp\htdocs\eco-wealth-portal/uploads/695b779af2d97_1767602074_Bank_Slip_3.pdf
    [file_size] => 149739
)

2026-01-05 14:04:34 - File uploaded successfully - 695b779af2d97_1767602074_Bank_Slip_3.pdf
2026-01-05 14:04:34 - Attempting to upload file - Array
(
    [source] => C:\xampp\tmp\phpF176.tmp
    [destination] => C:\xampp\htdocs\eco-wealth-portal/uploads/695b779af346c_1767602074_ID_1__3_.pdf
    [file_size] => 149739
)

2026-01-05 14:04:34 - File uploaded successfully - 695b779af346c_1767602074_ID_1__3_.pdf
2026-01-05 14:04:34 - Attempting to upload file - Array
(
    [source] => C:\xampp\tmp\phpF177.tmp
    [destination] => C:\xampp\htdocs\eco-wealth-portal/uploads/695b779af3a92_1767602074_Bank_Slip_1.pdf
    [file_size] => 150243
)

2026-01-05 14:04:35 - File uploaded successfully - 695b779af3a92_1767602074_Bank_Slip_1.pdf
2026-01-05 14:04:35 - Attempting to upload file - Array
(
    [source] => C:\xampp\tmp\phpF187.tmp
    [destination] => C:\xampp\htdocs\eco-wealth-portal/uploads/695b779b00d1c_1767602075_Bank_Slip_3.pdf
    [file_size] => 149739
)

2026-01-05 14:04:35 - File uploaded successfully - 695b779b00d1c_1767602075_Bank_Slip_3.pdf
2026-01-05 14:04:35 - Attempting to upload file - Array
(
    [source] => C:\xampp\tmp\phpF188.tmp
    [destination] => C:\xampp\htdocs\eco-wealth-portal/uploads/695b779b015fe_1767602075_Bank_Slip_3.pdf
    [file_size] => 149739
)

2026-01-05 14:04:35 - File uploaded successfully - 695b779b015fe_1767602075_Bank_Slip_3.pdf
2026-01-05 14:04:35 - Investor inserted successfully - Array
(
    [id] => 8
)

2026-01-05 14:04:35 - Beneficiary inserted - Array
(
    [investor_id] => 8
    [name] => QWE
)

2026-01-05 14:04:35 - Transaction committed successfully - Array
(
    [application_id] => 8
)

2026-01-05 14:04:37 - Email sending attempt - Array
(
    [sent] => 
    [to] => dkasun558@gmail.com
)

2026-01-05 14:04:37 - Redirecting to submit.php - Array
(
    [application_id] => 8
)

2026-01-05 14:04:37 - Tables created successfully
2026-01-05 14:05:29 - Tables created successfully
2026-01-05 14:10:30 - Tables created successfully
2026-01-05 14:15:31 - Tables created successfully
2026-01-05 14:20:32 - Tables created successfully
2026-01-05 14:25:13 - Tables created successfully
2026-01-05 14:25:15 - Tables created successfully
2026-01-05 14:25:22 - Tables created successfully
2026-01-05 14:25:25 - Tables created successfully
2026-01-05 14:25:27 - Tables created successfully
2026-01-05 14:26:02 - Tables created successfully
2026-01-05 14:26:04 - Tables created successfully
2026-01-05 14:26:13 - Tables created successfully
2026-01-05 14:26:15 - Tables created successfully
2026-01-05 14:26:18 - Tables created successfully
2026-01-05 14:26:20 - Tables created successfully
2026-01-05 14:26:22 - Tables created successfully
2026-01-05 14:26:42 - Tables created successfully
2026-01-05 14:26:46 - Tables created successfully
2026-01-05 14:27:23 - Tables created successfully
2026-01-05 14:27:25 - Tables created successfully
2026-01-05 14:28:18 - Tables created successfully
2026-01-05 14:28:55 - Tables created successfully
2026-01-05 14:29:14 - Tables created successfully
2026-01-05 14:30:07 - Tables created successfully
2026-01-05 14:30:09 - Tables created successfully
2026-01-05 14:30:31 - Tables created successfully
2026-01-05 14:31:11 - Tables created successfully
2026-01-05 14:31:34 - Tables created successfully
2026-01-05 14:31:56 - Tables created successfully
2026-01-05 14:31:58 - Tables created successfully
2026-01-05 14:32:00 - Tables created successfully
2026-01-05 14:32:02 - Tables created successfully
2026-01-05 14:32:19 - Tables created successfully
2026-01-05 14:32:21 - Tables created successfully
2026-01-05 14:32:22 - Tables created successfully
2026-01-05 14:32:24 - Tables created successfully
2026-01-05 14:32:32 - Tables created successfully
2026-01-05 14:33:39 - Tables created successfully
2026-01-05 14:33:40 - Tables created successfully
2026-01-05 14:33:41 - Tables created successfully
2026-01-05 14:33:46 - Tables created successfully
2026-01-05 14:34:43 - Tables created successfully
2026-01-05 14:34:45 - Tables created successfully
2026-01-05 14:34:45 - Tables created successfully
2026-01-05 14:34:46 - Tables created successfully
2026-01-05 14:34:47 - Tables created successfully
2026-01-05 14:34:49 - Tables created successfully
2026-01-05 14:34:50 - Tables created successfully
2026-01-05 14:34:57 - Tables created successfully
2026-01-05 14:34:57 - Tables created successfully
2026-01-05 14:35:11 - Tables created successfully
2026-01-05 14:35:11 - Tables created successfully
2026-01-05 14:35:14 - Tables created successfully
2026-01-05 14:35:33 - Tables created successfully
2026-01-05 14:35:34 - Tables created successfully
2026-01-05 14:36:11 - Tables created successfully
2026-01-05 14:36:22 - Tables created successfully
2026-01-05 14:37:20 - Tables created successfully
2026-01-05 14:37:35 - Tables created successfully
2026-01-05 14:38:01 - Tables created successfully
2026-01-05 14:39:25 - Tables created successfully
2026-01-05 14:40:29 - Tables created successfully
2026-01-05 14:40:34 - Tables created successfully
2026-01-05 14:41:03 - Tables created successfully
2026-01-05 14:41:07 - Tables created successfully
2026-01-05 14:41:08 - Tables created successfully
2026-01-05 14:41:08 - Tables created successfully
2026-01-05 14:41:09 - Tables created successfully
2026-01-05 14:41:11 - Tables created successfully
2026-01-05 14:41:12 - Tables created successfully
2026-01-05 14:41:13 - Tables created successfully
2026-01-05 14:41:16 - Tables created successfully
2026-01-05 14:43:18 - Tables created successfully
2026-01-05 14:44:45 - Tables created successfully
2026-01-05 14:44:49 - Tables created successfully
2026-01-05 14:44:52 - Tables created successfully
2026-01-05 14:44:54 - Tables created successfully
2026-01-05 14:45:08 - Tables created successfully
2026-01-05 14:45:22 - Tables created successfully
2026-01-05 14:45:24 - Tables created successfully
2026-01-05 14:45:26 - Tables created successfully
2026-01-05 14:45:29 - Tables created successfully
2026-01-05 14:45:29 - Tables created successfully
2026-01-05 14:45:29 - Tables created successfully
2026-01-05 14:45:30 - Tables created successfully
2026-01-05 14:45:33 - Tables created successfully
2026-01-05 14:45:34 - Tables created successfully
2026-01-05 14:45:37 - Tables created successfully
2026-01-05 14:46:31 - Tables created successfully
2026-01-05 14:46:43 - Tables created successfully
2026-01-05 14:47:50 - Tables created successfully
2026-01-05 14:48:02 - Tables created successfully
2026-01-05 14:49:51 - Tables created successfully
2026-01-05 14:59:13 - Tables created successfully
2026-01-05 14:59:48 - Tables created successfully
2026-01-05 14:59:56 - Tables created successfully
2026-01-05 15:00:04 - Tables created successfully
2026-01-05 15:00:14 - Tables created successfully
2026-01-05 15:01:43 - Tables created successfully
2026-01-05 15:01:53 - Tables created successfully
2026-01-05 15:02:07 - Tables created successfully
2026-01-05 15:02:27 - Tables created successfully
2026-01-05 15:02:37 - Tables created successfully
2026-01-05 15:02:37 - Tables created successfully
2026-01-05 15:02:42 - Tables created successfully
2026-01-05 15:02:42 - Tables created successfully
2026-01-05 15:02:45 - Tables created successfully
2026-01-05 15:02:45 - Tables created successfully
2026-01-05 15:02:46 - Tables created successfully
2026-01-05 15:02:46 - Tables created successfully
2026-01-05 15:02:48 - Tables created successfully
2026-01-05 15:02:56 - Tables created successfully
2026-01-05 15:03:42 - Tables created successfully
2026-01-05 15:03:47 - Tables created successfully
2026-01-05 15:03:50 - Tables created successfully
2026-01-05 15:03:50 - Tables created successfully
2026-01-05 15:03:54 - Tables created successfully
2026-01-05 15:04:45 - Tables created successfully
2026-01-05 15:04:50 - Tables created successfully
2026-01-05 15:04:53 - Tables created successfully
2026-01-05 15:05:06 - Tables created successfully
2026-01-05 15:05:36 - Tables created successfully
2026-01-05 15:05:40 - Tables created successfully
2026-01-05 15:05:49 - Tables created successfully
2026-01-05 15:06:07 - Tables created successfully
2026-01-05 15:06:13 - Tables created successfully
2026-01-05 15:07:11 - Tables created successfully
2026-01-05 15:07:16 - Tables created successfully
2026-01-05 15:07:22 - Tables created successfully
2026-01-05 15:07:22 - Tables created successfully
2026-01-05 15:07:24 - Tables created successfully
2026-01-05 15:07:24 - Tables created successfully
2026-01-05 15:07:25 - Tables created successfully
2026-01-05 15:07:25 - Tables created successfully
2026-01-05 15:07:28 - Tables created successfully
2026-01-05 15:07:31 - Tables created successfully
2026-01-05 15:07:32 - Tables created successfully
2026-01-05 15:07:44 - Tables created successfully
2026-01-05 15:07:47 - Tables created successfully
2026-01-05 15:07:48 - Tables created successfully
2026-01-05 15:08:02 - Tables created successfully
2026-01-05 15:08:02 - Tables created successfully
2026-01-05 15:08:02 - Tables created successfully
2026-01-05 15:08:02 - Tables created successfully
2026-01-05 15:08:03 - Tables created successfully
2026-01-05 15:08:03 - Tables created successfully
2026-01-05 15:08:04 - Tables created successfully
2026-01-05 15:08:04 - Tables created successfully
2026-01-05 15:08:05 - Tables created successfully
2026-01-05 15:08:05 - Tables created successfully
2026-01-05 15:08:38 - Tables created successfully
2026-01-05 15:08:39 - Tables created successfully
2026-01-05 15:08:41 - Tables created successfully
2026-01-05 15:09:14 - Tables created successfully
2026-01-05 15:09:16 - Tables created successfully
2026-01-05 15:09:16 - Tables created successfully
2026-01-05 15:09:17 - Tables created successfully
2026-01-05 15:10:09 - Tables created successfully
2026-01-05 15:10:10 - Tables created successfully
2026-01-05 15:10:10 - Tables created successfully
2026-01-05 15:10:10 - Tables created successfully
2026-01-05 15:10:11 - Tables created successfully
2026-01-05 15:10:12 - Tables created successfully
2026-01-05 15:10:12 - Tables created successfully
2026-01-05 15:11:38 - Tables created successfully
2026-01-05 15:11:40 - Tables created successfully
2026-01-05 15:11:42 - Tables created successfully
2026-01-05 15:11:44 - Tables created successfully
2026-01-05 15:11:46 - Tables created successfully
2026-01-05 15:11:47 - Tables created successfully
2026-01-05 15:11:49 - Tables created successfully
2026-01-05 15:11:50 - Tables created successfully
2026-01-05 15:11:51 - Tables created successfully
2026-01-05 15:11:53 - Tables created successfully
2026-01-05 15:13:10 - Tables created successfully
2026-01-05 15:14:28 - Tables created successfully
2026-01-05 15:14:43 - Tables created successfully
2026-01-05 15:14:43 - Tables created successfully
2026-01-05 15:14:46 - Tables created successfully
2026-01-05 15:14:46 - Tables created successfully
2026-01-05 15:14:51 - Tables created successfully
2026-01-05 15:14:51 - Tables created successfully
2026-01-05 15:14:57 - Tables created successfully
2026-01-05 15:14:57 - Tables created successfully
2026-01-05 15:15:04 - Tables created successfully
2026-01-05 15:15:12 - Tables created successfully
2026-01-05 15:15:15 - Tables created successfully
2026-01-05 15:15:17 - Tables created successfully
2026-01-05 15:15:40 - Tables created successfully
2026-01-05 15:15:44 - Tables created successfully
2026-01-05 15:15:47 - Tables created successfully
2026-01-05 15:15:49 - Tables created successfully
2026-01-05 15:15:49 - Tables created successfully
2026-01-05 15:15:50 - Tables created successfully
2026-01-05 15:16:04 - Tables created successfully
2026-01-05 15:16:07 - Tables created successfully
2026-01-05 15:16:11 - Tables created successfully
2026-01-05 15:18:26 - Tables created successfully
2026-01-05 15:19:49 - Tables created successfully
2026-01-05 15:19:50 - Tables created successfully
2026-01-05 15:19:50 - Tables created successfully
2026-01-05 15:19:57 - Tables created successfully
2026-01-05 15:19:58 - Tables created successfully
2026-01-05 15:19:59 - Tables created successfully
2026-01-05 15:19:59 - Tables created successfully
2026-01-05 15:19:59 - Tables created successfully
2026-01-05 15:19:59 - Tables created successfully
2026-01-05 15:19:59 - Tables created successfully
2026-01-05 15:20:46 - Tables created successfully
2026-01-05 15:20:47 - Tables created successfully
2026-01-05 15:20:48 - Tables created successfully
2026-01-05 15:20:48 - Tables created successfully
2026-01-05 15:20:48 - Tables created successfully
2026-01-05 15:20:49 - Tables created successfully
2026-01-05 15:20:49 - Tables created successfully
2026-01-05 15:20:49 - Tables created successfully
2026-01-05 15:20:52 - Tables created successfully
2026-01-05 15:20:52 - Tables created successfully
2026-01-05 15:20:53 - Tables created successfully
2026-01-05 15:20:53 - Tables created successfully
2026-01-05 15:20:53 - Tables created successfully
2026-01-05 15:20:53 - Tables created successfully
2026-01-05 15:20:53 - Tables created successfully
2026-01-05 15:20:53 - Tables created successfully
2026-01-05 15:20:54 - Tables created successfully
2026-01-05 15:20:54 - Tables created successfully
2026-01-05 15:20:54 - Tables created successfully
2026-01-05 15:21:02 - Tables created successfully
2026-01-05 15:23:12 - Tables created successfully
2026-01-05 15:23:29 - Tables created successfully
2026-01-05 15:24:50 - Tables created successfully
2026-01-05 15:24:51 - Tables created successfully
2026-01-05 15:24:51 - Tables created successfully
2026-01-05 15:25:08 - Tables created successfully
2026-01-05 15:25:08 - Tables created successfully
2026-01-05 15:25:09 - Tables created successfully
2026-01-05 15:25:09 - Tables created successfully
2026-01-05 15:25:09 - Tables created successfully
2026-01-05 15:25:10 - Tables created successfully
2026-01-05 15:25:10 - Tables created successfully
2026-01-05 15:25:10 - Tables created successfully
2026-01-05 15:25:10 - Tables created successfully
2026-01-05 15:25:11 - Tables created successfully
2026-01-05 15:25:11 - Tables created successfully
2026-01-05 15:25:11 - Tables created successfully
2026-01-05 15:25:12 - Tables created successfully
2026-01-05 15:25:12 - Tables created successfully
2026-01-05 15:25:12 - Tables created successfully
2026-01-05 15:25:13 - Tables created successfully
2026-01-05 15:25:13 - Tables created successfully
2026-01-05 15:25:13 - Tables created successfully
2026-01-05 15:25:13 - Tables created successfully
2026-01-05 15:25:13 - Tables created successfully
2026-01-05 15:25:13 - Tables created successfully
2026-01-05 15:25:14 - Tables created successfully
2026-01-05 15:25:14 - Tables created successfully
2026-01-05 15:25:15 - Tables created successfully
2026-01-05 15:25:15 - Tables created successfully
2026-01-05 15:25:15 - Tables created successfully
2026-01-05 15:25:15 - Tables created successfully
2026-01-05 15:26:19 - Tables created successfully
2026-01-05 15:27:15 - Tables created successfully
2026-01-05 15:27:40 - Tables created successfully
2026-01-05 15:27:40 - Tables created successfully
2026-01-05 15:27:41 - Tables created successfully
2026-01-05 15:27:41 - Tables created successfully
2026-01-05 15:27:59 - Tables created successfully
2026-01-05 15:28:35 - Tables created successfully
2026-01-05 15:28:55 - Tables created successfully
2026-01-05 15:33:55 - Tables created successfully
2026-01-05 15:38:17 - Tables created successfully
2026-01-05 15:40:06 - Tables created successfully
2026-01-05 15:40:22 - Tables created successfully
2026-01-05 15:40:27 - Tables created successfully
2026-01-05 15:40:40 - Tables created successfully
2026-01-05 15:41:05 - Tables created successfully
2026-01-05 15:41:10 - Tables created successfully
2026-01-05 15:44:08 - Tables created successfully
2026-01-05 15:44:14 - Tables created successfully
2026-01-05 15:45:23 - Tables created successfully
2026-01-05 15:45:57 - Tables created successfully
2026-01-05 15:46:06 - Tables created successfully
2026-01-05 15:46:10 - Tables created successfully
2026-01-05 15:46:14 - Tables created successfully
2026-01-05 15:46:19 - Tables created successfully
2026-01-05 15:46:29 - Tables created successfully
2026-01-05 15:53:52 - Tables created successfully
2026-01-05 15:53:53 - Tables created successfully
2026-01-05 15:53:53 - Tables created successfully
2026-01-05 15:53:53 - Tables created successfully
2026-01-05 15:53:53 - Tables created successfully
2026-01-05 15:53:53 - Tables created successfully
2026-01-05 15:53:53 - Tables created successfully
2026-01-05 15:53:53 - Tables created successfully
2026-01-05 15:53:53 - Tables created successfully
2026-01-05 15:53:53 - Tables created successfully
2026-01-05 15:53:53 - Tables created successfully
2026-01-05 15:53:53 - Tables created successfully
2026-01-05 15:53:53 - Tables created successfully
2026-01-05 15:53:53 - Tables created successfully
2026-01-05 15:53:53 - Tables created successfully
2026-01-05 15:53:53 - Tables created successfully
2026-01-05 15:53:53 - Tables created successfully
2026-01-05 15:53:53 - Tables created successfully
2026-01-05 15:53:53 - Tables created successfully
2026-01-05 15:53:53 - Tables created successfully
2026-01-05 15:53:54 - Tables created successfully
2026-01-05 15:53:54 - Tables created successfully
2026-01-05 15:53:54 - Tables created successfully
2026-01-05 15:53:54 - Tables created successfully
2026-01-05 15:53:54 - Tables created successfully
2026-01-05 15:53:55 - Tables created successfully
2026-01-05 15:53:55 - Tables created successfully
2026-01-05 15:53:55 - Tables created successfully
2026-01-05 15:53:55 - Tables created successfully
2026-01-05 15:53:55 - Tables created successfully
2026-01-05 15:53:55 - Tables created successfully
2026-01-05 15:53:55 - Tables created successfully
2026-01-05 15:53:55 - Tables created successfully
2026-01-05 15:53:55 - Tables created successfully
2026-01-05 15:53:55 - Tables created successfully
2026-01-05 15:53:55 - Tables created successfully
2026-01-05 15:53:55 - Tables created successfully
2026-01-05 15:53:55 - Tables created successfully
2026-01-05 15:53:55 - Tables created successfully
2026-01-05 15:53:55 - Tables created successfully
2026-01-05 15:53:56 - Tables created successfully
2026-01-05 15:53:56 - Tables created successfully
2026-01-05 15:53:56 - Tables created successfully
2026-01-05 15:53:56 - Tables created successfully
2026-01-05 15:53:56 - Tables created successfully
2026-01-05 15:53:56 - Tables created successfully
2026-01-05 15:53:56 - Tables created successfully
2026-01-05 15:53:56 - Tables created successfully
2026-01-05 15:53:56 - Tables created successfully
2026-01-05 15:53:56 - Tables created successfully
2026-01-05 15:53:56 - Tables created successfully
2026-01-05 15:53:56 - Tables created successfully
2026-01-05 15:53:56 - Tables created successfully
2026-01-05 15:53:56 - Tables created successfully
2026-01-05 15:53:56 - Tables created successfully
2026-01-05 15:53:56 - Tables created successfully
2026-01-05 15:53:56 - Tables created successfully
2026-01-05 15:53:56 - Tables created successfully
2026-01-05 15:53:56 - Tables created successfully
2026-01-05 15:53:56 - Tables created successfully
2026-01-05 15:53:58 - Tables created successfully
2026-01-05 15:53:58 - Tables created successfully
2026-01-05 15:53:58 - Tables created successfully
2026-01-05 15:53:58 - Tables created successfully
2026-01-05 15:53:58 - Tables created successfully
2026-01-05 15:53:58 - Tables created successfully
2026-01-05 15:53:58 - Tables created successfully
2026-01-05 15:53:58 - Tables created successfully
2026-01-05 15:53:58 - Tables created successfully
2026-01-05 15:53:58 - Tables created successfully
2026-01-05 15:53:59 - Tables created successfully
2026-01-05 15:53:59 - Tables created successfully
2026-01-05 15:53:59 - Tables created successfully
2026-01-05 15:53:59 - Tables created successfully
2026-01-05 15:53:59 - Tables created successfully
2026-01-05 15:53:59 - Tables created successfully
2026-01-05 15:53:59 - Tables created successfully
2026-01-05 15:53:59 - Tables created successfully
2026-01-05 15:53:59 - Tables created successfully
2026-01-05 15:53:59 - Tables created successfully
2026-01-05 15:54:17 - Tables created successfully
2026-01-05 15:54:17 - Tables created successfully
2026-01-05 15:54:17 - Tables created successfully
2026-01-05 15:54:17 - Tables created successfully
2026-01-05 15:54:17 - Tables created successfully
2026-01-05 15:54:17 - Tables created successfully
2026-01-05 15:54:17 - Tables created successfully
2026-01-05 15:54:17 - Tables created successfully
2026-01-05 15:54:17 - Tables created successfully
2026-01-05 15:54:18 - Tables created successfully
2026-01-05 15:54:19 - Tables created successfully
2026-01-05 15:54:19 - Tables created successfully
2026-01-05 15:54:19 - Tables created successfully
2026-01-05 15:54:19 - Tables created successfully
2026-01-05 15:54:19 - Tables created successfully
2026-01-05 15:54:19 - Tables created successfully
2026-01-05 15:54:19 - Tables created successfully
2026-01-05 15:54:19 - Tables created successfully
2026-01-05 15:54:19 - Tables created successfully
2026-01-05 15:54:19 - Tables created successfully
2026-01-05 15:54:51 - Tables created successfully
2026-01-05 15:55:14 - Tables created successfully
2026-01-05 15:55:14 - Tables created successfully
2026-01-05 15:55:14 - Tables created successfully
2026-01-05 15:55:14 - Tables created successfully
2026-01-05 15:55:14 - Tables created successfully
2026-01-05 15:55:14 - Tables created successfully
2026-01-05 15:55:14 - Tables created successfully
2026-01-05 15:55:14 - Tables created successfully
2026-01-05 15:55:14 - Tables created successfully
2026-01-05 15:55:14 - Tables created successfully
2026-01-05 15:55:14 - Tables created successfully
2026-01-05 15:55:14 - Tables created successfully
2026-01-05 15:55:14 - Tables created successfully
2026-01-05 15:55:14 - Tables created successfully
2026-01-05 15:55:14 - Tables created successfully
2026-01-05 15:55:14 - Tables created successfully
2026-01-05 15:55:14 - Tables created successfully
2026-01-05 15:55:14 - Tables created successfully
2026-01-05 15:55:14 - Tables created successfully
2026-01-05 15:55:14 - Tables created successfully
2026-01-05 15:55:15 - Tables created successfully
2026-01-05 15:55:15 - Tables created successfully
2026-01-05 15:55:15 - Tables created successfully
2026-01-05 15:55:15 - Tables created successfully
2026-01-05 15:55:15 - Tables created successfully
2026-01-05 15:55:15 - Tables created successfully
2026-01-05 15:55:15 - Tables created successfully
2026-01-05 15:55:15 - Tables created successfully
2026-01-05 15:55:15 - Tables created successfully
2026-01-05 15:55:15 - Tables created successfully
2026-01-05 15:55:15 - Tables created successfully
2026-01-05 15:55:15 - Tables created successfully
2026-01-05 15:55:15 - Tables created successfully
2026-01-05 15:55:15 - Tables created successfully
2026-01-05 15:55:15 - Tables created successfully
2026-01-05 15:55:15 - Tables created successfully
2026-01-05 15:55:15 - Tables created successfully
2026-01-05 15:55:15 - Tables created successfully
2026-01-05 15:55:15 - Tables created successfully
2026-01-05 15:55:15 - Tables created successfully
2026-01-05 15:55:26 - Tables created successfully
2026-01-05 15:55:26 - Tables created successfully
2026-01-05 15:55:26 - Tables created successfully
2026-01-05 15:55:26 - Tables created successfully
2026-01-05 15:55:26 - Tables created successfully
2026-01-05 15:55:26 - Tables created successfully
2026-01-05 15:55:26 - Tables created successfully
2026-01-05 15:55:26 - Tables created successfully
2026-01-05 15:55:26 - Tables created successfully
2026-01-05 15:55:26 - Tables created successfully
2026-01-05 15:55:26 - Tables created successfully
2026-01-05 15:55:26 - Tables created successfully
2026-01-05 15:55:27 - Tables created successfully
2026-01-05 15:55:27 - Tables created successfully
2026-01-05 15:55:27 - Tables created successfully
2026-01-05 15:55:27 - Tables created successfully
2026-01-05 15:55:27 - Tables created successfully
2026-01-05 15:55:27 - Tables created successfully
2026-01-05 15:55:27 - Tables created successfully
2026-01-05 15:55:28 - Tables created successfully
2026-01-05 15:55:28 - Tables created successfully
2026-01-05 15:55:28 - Tables created successfully
2026-01-05 15:55:28 - Tables created successfully
2026-01-05 15:55:28 - Tables created successfully
2026-01-05 15:55:28 - Tables created successfully
2026-01-05 15:55:28 - Tables created successfully
2026-01-05 15:55:28 - Tables created successfully
2026-01-05 15:55:47 - Tables created successfully
2026-01-05 15:55:48 - Tables created successfully
2026-01-05 15:55:50 - Tables created successfully
2026-01-05 15:55:52 - Tables created successfully
2026-01-05 16:00:52 - Tables created successfully
2026-01-05 16:04:44 - Tables created successfully
2026-01-05 16:05:11 - Tables created successfully
2026-01-05 16:05:20 - Tables created successfully
2026-01-05 16:05:33 - Tables created successfully
2026-01-05 16:05:37 - Tables created successfully
2026-01-05 16:05:39 - Tables created successfully
2026-01-05 16:05:56 - Tables created successfully
2026-01-05 16:06:34 - Tables created successfully
2026-01-05 16:06:34 - Tables created successfully
2026-01-05 16:06:41 - Tables created successfully
2026-01-05 16:06:41 - Tables created successfully
2026-01-05 16:06:44 - Tables created successfully
2026-01-05 16:06:51 - Tables created successfully
2026-01-05 16:06:51 - Tables created successfully
2026-01-05 16:10:02 - Tables created successfully
2026-01-05 16:10:08 - Tables created successfully
2026-01-05 16:10:09 - Tables created successfully
2026-01-05 16:10:10 - Tables created successfully
2026-01-05 16:12:50 - Tables created successfully
2026-01-05 16:15:32 - Tables created successfully
2026-01-05 16:15:32 - Tables created successfully
2026-01-05 16:16:03 - Tables created successfully
2026-01-05 16:16:04 - Tables created successfully
2026-01-05 16:16:05 - Tables created successfully
2026-01-05 16:18:53 - Tables created successfully
2026-01-05 16:19:06 - Tables created successfully
2026-01-05 16:19:06 - Tables created successfully
2026-01-05 16:19:06 - Tables created successfully
2026-01-05 16:19:07 - Tables created successfully
2026-01-05 16:19:07 - Tables created successfully
2026-01-05 16:19:07 - Tables created successfully
2026-01-05 16:19:07 - Tables created successfully
2026-01-05 16:19:07 - Tables created successfully
2026-01-05 16:19:07 - Tables created successfully
2026-01-05 16:19:07 - Tables created successfully
2026-01-05 16:19:07 - Tables created successfully
2026-01-05 16:19:07 - Tables created successfully
2026-01-05 16:19:07 - Tables created successfully
2026-01-05 16:19:07 - Tables created successfully
2026-01-05 16:19:07 - Tables created successfully
2026-01-05 16:19:07 - Tables created successfully
2026-01-05 16:19:07 - Tables created successfully
2026-01-05 16:19:07 - Tables created successfully
2026-01-05 16:19:07 - Tables created successfully
2026-01-05 16:19:07 - Tables created successfully
2026-01-05 16:19:08 - Tables created successfully
2026-01-05 16:19:08 - Tables created successfully
2026-01-05 16:19:08 - Tables created successfully
2026-01-05 16:19:08 - Tables created successfully
2026-01-05 16:19:08 - Tables created successfully
2026-01-05 16:19:08 - Tables created successfully
2026-01-05 16:19:08 - Tables created successfully
2026-01-05 16:19:08 - Tables created successfully
2026-01-05 16:19:08 - Tables created successfully
2026-01-05 16:19:08 - Tables created successfully
2026-01-05 16:19:08 - Tables created successfully
2026-01-05 16:19:08 - Tables created successfully
2026-01-05 16:19:08 - Tables created successfully
2026-01-05 16:19:08 - Tables created successfully
2026-01-05 16:19:08 - Tables created successfully
2026-01-05 16:19:08 - Tables created successfully
2026-01-05 16:19:08 - Tables created successfully
2026-01-05 16:19:08 - Tables created successfully
2026-01-05 16:19:08 - Tables created successfully
2026-01-05 16:19:08 - Tables created successfully
2026-01-05 16:19:15 - Tables created successfully
2026-01-05 16:19:15 - Tables created successfully
2026-01-05 16:19:15 - Tables created successfully
2026-01-05 16:19:15 - Tables created successfully
2026-01-05 16:19:15 - Tables created successfully
2026-01-05 16:19:15 - Tables created successfully
2026-01-05 16:19:15 - Tables created successfully
2026-01-05 16:19:15 - Tables created successfully
2026-01-05 16:19:15 - Tables created successfully
2026-01-05 16:19:16 - Tables created successfully
2026-01-05 16:19:16 - Tables created successfully
2026-01-05 16:19:16 - Tables created successfully
2026-01-05 16:19:16 - Tables created successfully
2026-01-05 16:19:16 - Tables created successfully
2026-01-05 16:19:16 - Tables created successfully
2026-01-05 16:19:16 - Tables created successfully
2026-01-05 16:19:16 - Tables created successfully
2026-01-05 16:19:16 - Tables created successfully
2026-01-05 16:19:16 - Tables created successfully
2026-01-05 16:19:16 - Tables created successfully
2026-01-05 16:19:17 - Tables created successfully
2026-01-05 16:19:17 - Tables created successfully
2026-01-05 16:19:17 - Tables created successfully
2026-01-05 16:19:17 - Tables created successfully
2026-01-05 16:19:17 - Tables created successfully
2026-01-05 16:19:17 - Tables created successfully
2026-01-05 16:19:17 - Tables created successfully
2026-01-05 16:19:17 - Tables created successfully
2026-01-05 16:19:17 - Tables created successfully
2026-01-05 16:19:17 - Tables created successfully
2026-01-05 16:19:18 - Tables created successfully
2026-01-05 16:19:18 - Tables created successfully
2026-01-05 16:19:18 - Tables created successfully
2026-01-05 16:19:18 - Tables created successfully
2026-01-05 16:19:18 - Tables created successfully
2026-01-05 16:19:18 - Tables created successfully
2026-01-05 16:19:18 - Tables created successfully
2026-01-05 16:19:18 - Tables created successfully
2026-01-05 16:19:18 - Tables created successfully
2026-01-05 16:19:18 - Tables created successfully
2026-01-05 16:19:18 - Tables created successfully
2026-01-05 16:19:18 - Tables created successfully
2026-01-05 16:19:18 - Tables created successfully
2026-01-05 16:19:18 - Tables created successfully
2026-01-05 16:19:18 - Tables created successfully
2026-01-05 16:19:18 - Tables created successfully
2026-01-05 16:19:18 - Tables created successfully
2026-01-05 16:19:18 - Tables created successfully
2026-01-05 16:19:18 - Tables created successfully
2026-01-05 16:19:18 - Tables created successfully
2026-01-05 16:19:18 - Tables created successfully
2026-01-05 16:19:18 - Tables created successfully
2026-01-05 16:19:18 - Tables created successfully
2026-01-05 16:19:18 - Tables created successfully
2026-01-05 16:19:18 - Tables created successfully
2026-01-05 16:19:18 - Tables created successfully
2026-01-05 16:19:18 - Tables created successfully
2026-01-05 16:19:18 - Tables created successfully
2026-01-05 16:19:18 - Tables created successfully
2026-01-05 16:19:18 - Tables created successfully
2026-01-05 16:19:19 - Tables created successfully
2026-01-05 16:19:19 - Tables created successfully
2026-01-05 16:19:19 - Tables created successfully
2026-01-05 16:19:19 - Tables created successfully
2026-01-05 16:19:20 - Tables created successfully
2026-01-05 16:19:20 - Tables created successfully
2026-01-05 16:19:20 - Tables created successfully
2026-01-05 16:19:20 - Tables created successfully
2026-01-05 16:19:20 - Tables created successfully
2026-01-05 16:19:20 - Tables created successfully
2026-01-05 16:19:20 - Tables created successfully
2026-01-05 16:19:20 - Tables created successfully
2026-01-05 16:19:20 - Tables created successfully
2026-01-05 16:19:20 - Tables created successfully
2026-01-05 16:19:20 - Tables created successfully
2026-01-05 16:19:20 - Tables created successfully
2026-01-05 16:19:20 - Tables created successfully
2026-01-05 16:19:20 - Tables created successfully
2026-01-05 16:19:20 - Tables created successfully
2026-01-05 16:19:20 - Tables created successfully
2026-01-05 16:19:25 - Tables created successfully
2026-01-05 16:19:25 - Tables created successfully
2026-01-05 16:19:25 - Tables created successfully
2026-01-05 16:19:25 - Tables created successfully
2026-01-05 16:19:25 - Tables created successfully
2026-01-05 16:19:25 - Tables created successfully
2026-01-05 16:19:25 - Tables created successfully
2026-01-05 16:19:25 - Tables created successfully
2026-01-05 16:19:25 - Tables created successfully
2026-01-05 16:19:25 - Tables created successfully
2026-01-05 16:19:25 - Tables created successfully
2026-01-05 16:19:25 - Tables created successfully
2026-01-05 16:19:25 - Tables created successfully
2026-01-05 16:19:25 - Tables created successfully
2026-01-05 16:19:25 - Tables created successfully
2026-01-05 16:19:25 - Tables created successfully
2026-01-05 16:19:25 - Tables created successfully
2026-01-05 16:19:25 - Tables created successfully
2026-01-05 16:19:25 - Tables created successfully
2026-01-05 16:19:25 - Tables created successfully
2026-01-05 16:19:42 - Tables created successfully
2026-01-05 16:21:24 - Tables created successfully
2026-01-05 16:21:24 - Form submission started - Array
(
    [fullName] => KASSA
    [nameWithInitials] => D KASSA
    [nicNo] => 200130400384
    [telNo] => 0717499981
    [dob] => 2008-01-02
    [email] => kasun@gmail.com
    [address] => 368/6 Rathnapura Road Kalawana
    [occupation] => QA
    [employerName] => Kasun Dilshan
    [beneficiaryName] => Array
        (
            [0] => UMESH
        )

    [beneficiaryNIC] => Array
        (
            [0] => 2110220100212
        )

    [beneficiaryPercentage] => Array
        (
            [0] => 100
        )

    [years] => 1
    [investmentAmount] => 190081
    [investmentType] => sustainable_etf
    [signingDate] => 2026-01-05
    [accountNo] => 1111111111
    [bank] => BOC
    [branch] => COLOMBO
    [declaration] => accepted
    [declarationDate] => 2026-01-05
)

2026-01-05 16:21:24 - Files received - Array
(
    [signatureUpload] => Array
        (
            [name] => Bank_Slip_1.pdf
            [type] => application/pdf
            [tmp_name] => C:\xampp\tmp\php35A7.tmp
            [error] => 0
            [size] => 150243
        )

    [investorId] => Array
        (
            [name] => ID_1 (1).pdf
            [type] => application/pdf
            [tmp_name] => C:\xampp\tmp\php35A8.tmp
            [error] => 0
            [size] => 149739
        )

    [beneficiaryId] => Array
        (
            [name] => ID_1 (2).pdf
            [type] => application/pdf
            [tmp_name] => C:\xampp\tmp\php35B9.tmp
            [error] => 0
            [size] => 149739
        )

    [passbook] => Array
        (
            [name] => ID_1 (3).pdf
            [type] => application/pdf
            [tmp_name] => C:\xampp\tmp\php35BA.tmp
            [error] => 0
            [size] => 149739
        )

    [paymentSlip] => Array
        (
            [name] => ID_1.pdf
            [type] => application/pdf
            [tmp_name] => C:\xampp\tmp\php35CA.tmp
            [error] => 0
            [size] => 149739
        )

    [finalSignature] => Array
        (
            [name] => ID_1.pdf
            [type] => application/pdf
            [tmp_name] => C:\xampp\tmp\php35DB.tmp
            [error] => 0
            [size] => 149739
        )

)

2026-01-05 16:21:24 - POST request received
2026-01-05 16:21:24 - Processing form data - Array
(
    [fullName] => KASSA
    [nameWithInitials] => D KASSA
    [nicNo] => 200130400384
    [telNo] => 0717499981
    [dob] => 2008-01-02
    [email] => kasun@gmail.com
    [address] => 368/6 Rathnapura Road Kalawana
    [occupation] => QA
    [employerName] => Kasun Dilshan
    [beneficiaryName] => Array
        (
            [0] => UMESH
        )

    [beneficiaryNIC] => Array
        (
            [0] => 2110220100212
        )

    [beneficiaryPercentage] => Array
        (
            [0] => 100
        )

    [years] => 1
    [investmentAmount] => 190081
    [investmentType] => sustainable_etf
    [signingDate] => 2026-01-05
    [accountNo] => 1111111111
    [bank] => BOC
    [branch] => COLOMBO
    [declaration] => accepted
    [declarationDate] => 2026-01-05
)

2026-01-05 16:21:24 - Attempting to upload file - Array
(
    [source] => C:\xampp\tmp\php35A7.tmp
    [destination] => C:\xampp\htdocs\eco-wealth-portal/uploads/695b97ac71271_1767610284_Bank_Slip_1.pdf
    [file_size] => 150243
)

2026-01-05 16:21:24 - File uploaded successfully - 695b97ac71271_1767610284_Bank_Slip_1.pdf
2026-01-05 16:21:24 - Attempting to upload file - Array
(
    [source] => C:\xampp\tmp\php35A8.tmp
    [destination] => C:\xampp\htdocs\eco-wealth-portal/uploads/695b97ac71f23_1767610284_ID_1__1_.pdf
    [file_size] => 149739
)

2026-01-05 16:21:24 - File uploaded successfully - 695b97ac71f23_1767610284_ID_1__1_.pdf
2026-01-05 16:21:24 - Attempting to upload file - Array
(
    [source] => C:\xampp\tmp\php35B9.tmp
    [destination] => C:\xampp\htdocs\eco-wealth-portal/uploads/695b97ac7287e_1767610284_ID_1__2_.pdf
    [file_size] => 149739
)

2026-01-05 16:21:24 - File uploaded successfully - 695b97ac7287e_1767610284_ID_1__2_.pdf
2026-01-05 16:21:24 - Attempting to upload file - Array
(
    [source] => C:\xampp\tmp\php35BA.tmp
    [destination] => C:\xampp\htdocs\eco-wealth-portal/uploads/695b97ac73b03_1767610284_ID_1__3_.pdf
    [file_size] => 149739
)

2026-01-05 16:21:24 - File uploaded successfully - 695b97ac73b03_1767610284_ID_1__3_.pdf
2026-01-05 16:21:24 - Attempting to upload file - Array
(
    [source] => C:\xampp\tmp\php35CA.tmp
    [destination] => C:\xampp\htdocs\eco-wealth-portal/uploads/695b97ac74c3a_1767610284_ID_1.pdf
    [file_size] => 149739
)

2026-01-05 16:21:24 - File uploaded successfully - 695b97ac74c3a_1767610284_ID_1.pdf
2026-01-05 16:21:24 - Attempting to upload file - Array
(
    [source] => C:\xampp\tmp\php35DB.tmp
    [destination] => C:\xampp\htdocs\eco-wealth-portal/uploads/695b97ac768a7_1767610284_ID_1.pdf
    [file_size] => 149739
)

2026-01-05 16:21:24 - File uploaded successfully - 695b97ac768a7_1767610284_ID_1.pdf
2026-01-05 16:21:24 - Investor inserted successfully - Array
(
    [id] => 9
)

2026-01-05 16:21:24 - Beneficiary inserted - Array
(
    [investor_id] => 9
    [name] => UMESH
)

2026-01-05 16:21:24 - Transaction committed successfully - Array
(
    [application_id] => 9
)

2026-01-05 16:21:26 - Email sending attempt - Array
(
    [sent] => 
    [to] => kasun@gmail.com
)

2026-01-05 16:21:26 - Redirecting to submit.php - Array
(
    [application_id] => 9
)

2026-01-05 16:21:26 - Tables created successfully
2026-01-05 16:22:03 - Tables created successfully
2026-01-05 16:22:07 - Tables created successfully
2026-01-05 16:22:26 - Tables created successfully
2026-01-05 16:22:28 - Tables created successfully
2026-01-05 16:24:28 - Tables created successfully
2026-01-05 16:24:57 - Tables created successfully
2026-01-05 16:24:57 - Tables created successfully
2026-01-05 16:24:59 - Tables created successfully
2026-01-05 16:25:01 - Tables created successfully
2026-01-05 16:25:03 - Tables created successfully
2026-01-05 16:25:23 - Tables created successfully
2026-01-05 16:25:32 - Tables created successfully
2026-01-05 16:25:40 - Tables created successfully
2026-01-05 16:25:42 - Tables created successfully
2026-01-05 16:26:59 - Tables created successfully
2026-01-05 16:26:59 - Tables created successfully
2026-01-05 16:27:02 - Tables created successfully
2026-01-05 16:27:15 - Tables created successfully
2026-01-05 16:27:20 - Tables created successfully
2026-01-05 16:27:20 - Tables created successfully
2026-01-05 16:27:28 - Tables created successfully
2026-01-05 16:27:31 - Tables created successfully
2026-01-05 16:27:33 - Tables created successfully
2026-01-05 16:27:46 - Tables created successfully
2026-01-05 16:27:52 - Tables created successfully
2026-01-05 16:27:52 - Tables created successfully
2026-01-05 16:27:54 - Tables created successfully
2026-01-05 16:27:54 - Tables created successfully
2026-01-05 16:28:31 - Tables created successfully
2026-01-05 16:28:31 - Tables created successfully
2026-01-05 16:31:03 - Tables created successfully
2026-01-05 16:31:05 - Tables created successfully
2026-01-05 16:31:22 - Tables created successfully
2026-01-05 16:31:23 - Tables created successfully
2026-01-05 16:31:31 - Tables created successfully
2026-01-05 16:31:32 - Tables created successfully
2026-01-05 16:31:32 - Tables created successfully
2026-01-05 16:32:06 - Tables created successfully
2026-01-05 16:32:07 - Tables created successfully
2026-01-05 16:32:09 - Tables created successfully
2026-01-05 16:32:09 - Tables created successfully
2026-01-05 16:32:10 - Tables created successfully
2026-01-05 16:32:11 - Tables created successfully
2026-01-05 16:32:11 - Tables created successfully
2026-01-05 16:32:11 - Tables created successfully
2026-01-05 16:32:11 - Tables created successfully
2026-01-05 16:32:11 - Tables created successfully
2026-01-05 16:32:11 - Tables created successfully
2026-01-05 16:32:11 - Tables created successfully
2026-01-05 16:32:11 - Tables created successfully
2026-01-05 16:32:11 - Tables created successfully
2026-01-05 16:32:11 - Tables created successfully
2026-01-05 16:32:11 - Tables created successfully
2026-01-05 16:32:11 - Tables created successfully
2026-01-05 16:32:11 - Tables created successfully
2026-01-05 16:32:11 - Tables created successfully
2026-01-05 16:32:11 - Tables created successfully
2026-01-05 16:32:11 - Tables created successfully
2026-01-05 16:32:11 - Tables created successfully
2026-01-05 16:32:11 - Tables created successfully
2026-01-05 16:32:11 - Tables created successfully
2026-01-05 16:32:11 - Tables created successfully
2026-01-05 16:32:14 - Tables created successfully
2026-01-05 16:32:15 - Tables created successfully
2026-01-05 16:32:16 - Tables created successfully
2026-01-05 16:32:16 - Tables created successfully
2026-01-05 16:32:16 - Tables created successfully
2026-01-05 16:32:16 - Tables created successfully
2026-01-05 16:32:16 - Tables created successfully
2026-01-05 16:32:16 - Tables created successfully
2026-01-05 16:32:16 - Tables created successfully
2026-01-05 16:32:16 - Tables created successfully
2026-01-05 16:32:16 - Tables created successfully
2026-01-05 16:32:16 - Tables created successfully
2026-01-05 16:32:16 - Tables created successfully
2026-01-05 16:32:16 - Tables created successfully
2026-01-05 16:32:17 - Tables created successfully
2026-01-05 16:32:17 - Tables created successfully
2026-01-05 16:32:17 - Tables created successfully
2026-01-05 16:32:17 - Tables created successfully
2026-01-05 16:32:17 - Tables created successfully
2026-01-05 16:32:17 - Tables created successfully
2026-01-05 16:32:17 - Tables created successfully
2026-01-05 16:32:17 - Tables created successfully
2026-01-05 16:32:17 - Tables created successfully
2026-01-05 16:32:18 - Tables created successfully
2026-01-05 16:32:18 - Tables created successfully
2026-01-05 16:32:18 - Tables created successfully
2026-01-05 16:32:18 - Tables created successfully
2026-01-05 16:32:18 - Tables created successfully
2026-01-05 16:32:18 - Tables created successfully
2026-01-05 16:32:18 - Tables created successfully
2026-01-05 16:32:18 - Tables created successfully
2026-01-05 16:32:18 - Tables created successfully
2026-01-05 16:32:18 - Tables created successfully
2026-01-05 16:32:18 - Tables created successfully
2026-01-05 16:32:18 - Tables created successfully
2026-01-05 16:32:18 - Tables created successfully
2026-01-05 16:32:18 - Tables created successfully
2026-01-05 16:32:18 - Tables created successfully
2026-01-05 16:32:18 - Tables created successfully
2026-01-05 16:32:18 - Tables created successfully
2026-01-05 16:32:18 - Tables created successfully
2026-01-05 16:32:18 - Tables created successfully
2026-01-05 16:32:18 - Tables created successfully
2026-01-05 16:34:36 - Tables created successfully
2026-01-05 16:34:36 - Tables created successfully
2026-01-05 16:34:36 - Tables created successfully
2026-01-05 16:34:36 - Tables created successfully
2026-01-05 16:34:36 - Tables created successfully
2026-01-05 16:34:36 - Tables created successfully
2026-01-05 16:34:36 - Tables created successfully
2026-01-05 16:34:36 - Tables created successfully
2026-01-05 16:34:36 - Tables created successfully
2026-01-05 16:34:36 - Tables created successfully
2026-01-05 16:34:36 - Tables created successfully
2026-01-05 16:34:36 - Tables created successfully
2026-01-05 16:34:36 - Tables created successfully
2026-01-05 16:34:36 - Tables created successfully
2026-01-05 16:34:36 - Tables created successfully
2026-01-05 16:34:36 - Tables created successfully
2026-01-05 16:34:36 - Tables created successfully
2026-01-05 16:34:36 - Tables created successfully
2026-01-05 16:34:36 - Tables created successfully
2026-01-05 16:34:36 - Tables created successfully
2026-01-05 16:34:37 - Tables created successfully
2026-01-05 16:34:37 - Tables created successfully
2026-01-05 16:34:38 - Tables created successfully
2026-01-05 16:34:38 - Tables created successfully
2026-01-05 16:34:38 - Tables created successfully
2026-01-05 16:34:38 - Tables created successfully
2026-01-05 16:34:38 - Tables created successfully
2026-01-05 16:34:38 - Tables created successfully
2026-01-05 16:34:38 - Tables created successfully
2026-01-05 16:34:38 - Tables created successfully
2026-01-05 16:34:38 - Tables created successfully
2026-01-05 16:34:38 - Tables created successfully
2026-01-05 16:34:38 - Tables created successfully
2026-01-05 16:34:38 - Tables created successfully
2026-01-05 16:34:38 - Tables created successfully
2026-01-05 16:34:38 - Tables created successfully
2026-01-05 16:34:38 - Tables created successfully
2026-01-05 16:34:38 - Tables created successfully
2026-01-05 16:34:38 - Tables created successfully
2026-01-05 16:34:38 - Tables created successfully
2026-01-05 16:34:48 - Tables created successfully
2026-01-05 16:34:49 - Tables created successfully
2026-01-05 16:34:51 - Tables created successfully
2026-01-05 16:34:51 - Tables created successfully
2026-01-05 16:34:51 - Tables created successfully
2026-01-05 16:34:52 - Tables created successfully
2026-01-05 16:34:52 - Tables created successfully
2026-01-05 16:34:52 - Tables created successfully
2026-01-05 16:34:52 - Tables created successfully
2026-01-05 16:34:53 - Tables created successfully
2026-01-05 16:34:55 - Tables created successfully
2026-01-05 16:35:04 - Tables created successfully
2026-01-05 16:35:04 - Tables created successfully
2026-01-05 16:40:05 - Tables created successfully
2026-01-05 16:45:06 - Tables created successfully
2026-01-05 16:50:07 - Tables created successfully
2026-01-05 16:53:40 - Tables created successfully
2026-01-05 16:53:40 - Tables created successfully
2026-01-05 16:54:08 - Tables created successfully
2026-01-05 16:54:30 - Tables created successfully
2026-01-05 16:55:53 - Tables created successfully
2026-01-05 16:55:56 - Tables created successfully
2026-01-05 16:55:59 - Tables created successfully
2026-01-05 16:56:00 - Tables created successfully
2026-01-05 16:56:00 - Tables created successfully
2026-01-05 16:56:00 - Tables created successfully
2026-01-05 16:56:00 - Tables created successfully
2026-01-05 16:56:01 - Tables created successfully
2026-01-05 16:56:03 - Tables created successfully
2026-01-05 16:56:10 - Tables created successfully
2026-01-05 16:56:12 - Tables created successfully
2026-01-05 16:56:15 - Tables created successfully
2026-01-05 16:56:23 - Tables created successfully
2026-01-05 16:56:23 - Tables created successfully
2026-01-05 16:56:27 - Tables created successfully
2026-01-05 16:56:28 - Tables created successfully
2026-01-05 16:56:30 - Tables created successfully
2026-01-05 16:57:52 - Tables created successfully
2026-01-05 16:57:56 - Tables created successfully
2026-01-05 16:57:59 - Tables created successfully
2026-01-05 16:58:40 - Tables created successfully
2026-01-05 16:58:45 - Tables created successfully
2026-01-05 16:59:38 - Tables created successfully
2026-01-05 16:59:39 - Tables created successfully
2026-01-05 16:59:40 - Tables created successfully
2026-01-06 09:43:59 - Tables created successfully
2026-01-06 09:44:08 - Tables created successfully
2026-01-06 09:44:26 - Tables created successfully
2026-01-06 09:44:29 - Tables created successfully
2026-01-06 09:44:59 - Tables created successfully
2026-01-06 09:49:59 - Tables created successfully
2026-01-06 09:52:07 - Tables created successfully
2026-01-06 09:52:07 - Form submission started - Array
(
    [fullName] => Dilshan
    [nameWithInitials] => kasun
    [nicNo] => 200130400345
    [telNo] => 07122322121
    [dob] => 2007-12-31
    [email] => dkasun558@gmail.com
    [address] => 368/6 Rathnapura Road Kalawana
    [occupation] => IT
    [employerName] => Kasun Dilshan
    [beneficiaryName] => Array
        (
            [0] => QWE
        )

    [beneficiaryNIC] => Array
        (
            [0] => 89776552122V
        )

    [beneficiaryPercentage] => Array
        (
            [0] => 100
        )

    [years] => 1
    [investmentAmount] => 12212111
    [investmentType] => sustainable_etf
    [signingDate] => 2026-01-06
    [accountNo] => 1111111111
    [bank] => BOC
    [branch] => COLOMBO
    [declaration] => accepted
    [declarationDate] => 2026-01-06
)

2026-01-06 09:52:07 - Files received - Array
(
    [signatureUpload] => Array
        (
            [name] => Bank_Slip_1.pdf
            [type] => application/pdf
            [tmp_name] => C:\xampp\tmp\php9416.tmp
            [error] => 0
            [size] => 150243
        )

    [investorId] => Array
        (
            [name] => ID_1 (1).pdf
            [type] => application/pdf
            [tmp_name] => C:\xampp\tmp\php9417.tmp
            [error] => 0
            [size] => 149739
        )

    [beneficiaryId] => Array
        (
            [name] => ID_1 (2).pdf
            [type] => application/pdf
            [tmp_name] => C:\xampp\tmp\php9418.tmp
            [error] => 0
            [size] => 149739
        )

    [passbook] => Array
        (
            [name] => ID_1 (3).pdf
            [type] => application/pdf
            [tmp_name] => C:\xampp\tmp\php9429.tmp
            [error] => 0
            [size] => 149739
        )

    [paymentSlip] => Array
        (
            [name] => ID_1.pdf
            [type] => application/pdf
            [tmp_name] => C:\xampp\tmp\php9439.tmp
            [error] => 0
            [size] => 149739
        )

    [finalSignature] => Array
        (
            [name] => Bank_Slip_1.pdf
            [type] => application/pdf
            [tmp_name] => C:\xampp\tmp\php943A.tmp
            [error] => 0
            [size] => 150243
        )

)

2026-01-06 09:52:07 - POST request received
2026-01-06 09:52:07 - Processing form data - Array
(
    [fullName] => Dilshan
    [nameWithInitials] => kasun
    [nicNo] => 200130400345
    [telNo] => 07122322121
    [dob] => 2007-12-31
    [email] => dkasun558@gmail.com
    [address] => 368/6 Rathnapura Road Kalawana
    [occupation] => IT
    [employerName] => Kasun Dilshan
    [beneficiaryName] => Array
        (
            [0] => QWE
        )

    [beneficiaryNIC] => Array
        (
            [0] => 89776552122V
        )

    [beneficiaryPercentage] => Array
        (
            [0] => 100
        )

    [years] => 1
    [investmentAmount] => 12212111
    [investmentType] => sustainable_etf
    [signingDate] => 2026-01-06
    [accountNo] => 1111111111
    [bank] => BOC
    [branch] => COLOMBO
    [declaration] => accepted
    [declarationDate] => 2026-01-06
)

2026-01-06 09:52:07 - Attempting to upload file - Array
(
    [source] => C:\xampp\tmp\php9416.tmp
    [destination] => C:\xampp\htdocs\eco-wealth-portal/uploads/695c8def295ee_1767673327_Bank_Slip_1.pdf
    [file_size] => 150243
)

2026-01-06 09:52:07 - File uploaded successfully - 695c8def295ee_1767673327_Bank_Slip_1.pdf
2026-01-06 09:52:07 - Attempting to upload file - Array
(
    [source] => C:\xampp\tmp\php9417.tmp
    [destination] => C:\xampp\htdocs\eco-wealth-portal/uploads/695c8def29ee6_1767673327_ID_1__1_.pdf
    [file_size] => 149739
)

2026-01-06 09:52:07 - File uploaded successfully - 695c8def29ee6_1767673327_ID_1__1_.pdf
2026-01-06 09:52:07 - Attempting to upload file - Array
(
    [source] => C:\xampp\tmp\php9418.tmp
    [destination] => C:\xampp\htdocs\eco-wealth-portal/uploads/695c8def2b228_1767673327_ID_1__2_.pdf
    [file_size] => 149739
)

2026-01-06 09:52:07 - File uploaded successfully - 695c8def2b228_1767673327_ID_1__2_.pdf
2026-01-06 09:52:07 - Attempting to upload file - Array
(
    [source] => C:\xampp\tmp\php9429.tmp
    [destination] => C:\xampp\htdocs\eco-wealth-portal/uploads/695c8def2b9f1_1767673327_ID_1__3_.pdf
    [file_size] => 149739
)

2026-01-06 09:52:07 - File uploaded successfully - 695c8def2b9f1_1767673327_ID_1__3_.pdf
2026-01-06 09:52:07 - Attempting to upload file - Array
(
    [source] => C:\xampp\tmp\php9439.tmp
    [destination] => C:\xampp\htdocs\eco-wealth-portal/uploads/695c8def2c00b_1767673327_ID_1.pdf
    [file_size] => 149739
)

2026-01-06 09:52:07 - File uploaded successfully - 695c8def2c00b_1767673327_ID_1.pdf
2026-01-06 09:52:07 - Attempting to upload file - Array
(
    [source] => C:\xampp\tmp\php943A.tmp
    [destination] => C:\xampp\htdocs\eco-wealth-portal/uploads/695c8def2c781_1767673327_Bank_Slip_1.pdf
    [file_size] => 150243
)

2026-01-06 09:52:07 - File uploaded successfully - 695c8def2c781_1767673327_Bank_Slip_1.pdf
2026-01-06 09:52:07 - Investor inserted successfully - Array
(
    [id] => 10
)

2026-01-06 09:52:07 - Beneficiary inserted - Array
(
    [investor_id] => 10
    [name] => QWE
)

2026-01-06 09:52:07 - Transaction committed successfully - Array
(
    [application_id] => 10
)

2026-01-06 09:52:09 - Email sending attempt - Array
(
    [sent] => 
    [to] => dkasun558@gmail.com
)

2026-01-06 09:52:09 - Redirecting to submit.php - Array
(
    [application_id] => 10
)

2026-01-06 09:52:09 - Tables created successfully
2026-01-06 09:52:51 - Tables created successfully
2026-01-06 09:52:58 - Tables created successfully
2026-01-06 09:52:58 - Tables created successfully
2026-01-06 09:53:01 - Tables created successfully
2026-01-06 09:53:03 - Tables created successfully
2026-01-06 09:53:05 - Tables created successfully
2026-01-06 09:53:11 - Tables created successfully
2026-01-06 09:53:13 - Tables created successfully
2026-01-06 09:53:15 - Tables created successfully
2026-01-06 09:57:21 - Tables created successfully
2026-01-06 09:58:51 - Tables created successfully
2026-01-06 09:58:51 - Form submission started - Array
(
    [fullName] => Dilshan
    [nameWithInitials] => kasun
    [nicNo] => 200130400876
    [telNo] => 07176555421
    [dob] => 2008-01-02
    [email] => dkasun558@gmail.com
    [address] => 368/6 Rathnapura Road Kalawana
    [occupation] => QA
    [employerName] => Kasun Dilshan
    [beneficiaryName] => Array
        (
            [0] => QWE
        )

    [beneficiaryNIC] => Array
        (
            [0] => 89776552122V
        )

    [beneficiaryPercentage] => Array
        (
            [0] => 100
        )

    [years] => 2
    [investmentAmount] => 122121
    [investmentType] => sustainable_etf
    [signingDate] => 2026-01-06
    [accountNo] => 1111111111
    [bank] => BOC
    [branch] => COLOMBO
    [declaration] => accepted
    [declarationDate] => 2026-01-06
)

2026-01-06 09:58:51 - Files received - Array
(
    [signatureUpload] => Array
        (
            [name] => ID_1.pdf
            [type] => application/pdf
            [tmp_name] => C:\xampp\tmp\phpBF6B.tmp
            [error] => 0
            [size] => 149739
        )

    [investorId] => Array
        (
            [name] => ID_1.pdf
            [type] => application/pdf
            [tmp_name] => C:\xampp\tmp\phpBF6C.tmp
            [error] => 0
            [size] => 149739
        )

    [beneficiaryId] => Array
        (
            [name] => ID_1 (2).pdf
            [type] => application/pdf
            [tmp_name] => C:\xampp\tmp\phpBF7C.tmp
            [error] => 0
            [size] => 149739
        )

    [passbook] => Array
        (
            [name] => ID_1 (1).pdf
            [type] => application/pdf
            [tmp_name] => C:\xampp\tmp\phpBF7D.tmp
            [error] => 0
            [size] => 149739
        )

    [paymentSlip] => Array
        (
            [name] => Bank_Slip_1.pdf
            [type] => application/pdf
            [tmp_name] => C:\xampp\tmp\phpBF7E.tmp
            [error] => 0
            [size] => 150243
        )

    [finalSignature] => Array
        (
            [name] => ID_1 (1).pdf
            [type] => application/pdf
            [tmp_name] => C:\xampp\tmp\phpBF8F.tmp
            [error] => 0
            [size] => 149739
        )

)

2026-01-06 09:58:51 - POST request received
2026-01-06 09:58:51 - Processing form data - Array
(
    [fullName] => Dilshan
    [nameWithInitials] => kasun
    [nicNo] => 200130400876
    [telNo] => 07176555421
    [dob] => 2008-01-02
    [email] => dkasun558@gmail.com
    [address] => 368/6 Rathnapura Road Kalawana
    [occupation] => QA
    [employerName] => Kasun Dilshan
    [beneficiaryName] => Array
        (
            [0] => QWE
        )

    [beneficiaryNIC] => Array
        (
            [0] => 89776552122V
        )

    [beneficiaryPercentage] => Array
        (
            [0] => 100
        )

    [years] => 2
    [investmentAmount] => 122121
    [investmentType] => sustainable_etf
    [signingDate] => 2026-01-06
    [accountNo] => 1111111111
    [bank] => BOC
    [branch] => COLOMBO
    [declaration] => accepted
    [declarationDate] => 2026-01-06
)

2026-01-06 09:58:51 - Attempting to upload file - Array
(
    [source] => C:\xampp\tmp\phpBF6B.tmp
    [destination] => C:\xampp\htdocs\eco-wealth-portal/uploads/695c8f836debd_1767673731_ID_1.pdf
    [file_size] => 149739
)

2026-01-06 09:58:51 - File uploaded successfully - 695c8f836debd_1767673731_ID_1.pdf
2026-01-06 09:58:51 - Attempting to upload file - Array
(
    [source] => C:\xampp\tmp\phpBF6C.tmp
    [destination] => C:\xampp\htdocs\eco-wealth-portal/uploads/695c8f836f6a4_1767673731_ID_1.pdf
    [file_size] => 149739
)

2026-01-06 09:58:51 - File uploaded successfully - 695c8f836f6a4_1767673731_ID_1.pdf
2026-01-06 09:58:51 - Attempting to upload file - Array
(
    [source] => C:\xampp\tmp\phpBF7C.tmp
    [destination] => C:\xampp\htdocs\eco-wealth-portal/uploads/695c8f8371206_1767673731_ID_1__2_.pdf
    [file_size] => 149739
)

2026-01-06 09:58:51 - File uploaded successfully - 695c8f8371206_1767673731_ID_1__2_.pdf
2026-01-06 09:58:51 - Attempting to upload file - Array
(
    [source] => C:\xampp\tmp\phpBF7D.tmp
    [destination] => C:\xampp\htdocs\eco-wealth-portal/uploads/695c8f8371b46_1767673731_ID_1__1_.pdf
    [file_size] => 149739
)

2026-01-06 09:58:51 - File uploaded successfully - 695c8f8371b46_1767673731_ID_1__1_.pdf
2026-01-06 09:58:51 - Attempting to upload file - Array
(
    [source] => C:\xampp\tmp\phpBF7E.tmp
    [destination] => C:\xampp\htdocs\eco-wealth-portal/uploads/695c8f83720bf_1767673731_Bank_Slip_1.pdf
    [file_size] => 150243
)

2026-01-06 09:58:51 - File uploaded successfully - 695c8f83720bf_1767673731_Bank_Slip_1.pdf
2026-01-06 09:58:51 - Attempting to upload file - Array
(
    [source] => C:\xampp\tmp\phpBF8F.tmp
    [destination] => C:\xampp\htdocs\eco-wealth-portal/uploads/695c8f837302a_1767673731_ID_1__1_.pdf
    [file_size] => 149739
)

2026-01-06 09:58:51 - File uploaded successfully - 695c8f837302a_1767673731_ID_1__1_.pdf
2026-01-06 09:58:51 - Investor inserted successfully - Array
(
    [id] => 11
)

2026-01-06 09:58:51 - Beneficiary inserted - Array
(
    [investor_id] => 11
    [name] => QWE
)

2026-01-06 09:58:51 - Transaction committed successfully - Array
(
    [application_id] => 11
)

2026-01-06 09:58:53 - Email sending attempt - Array
(
    [sent] => 
    [to] => dkasun558@gmail.com
)

2026-01-06 09:58:53 - Redirecting to submit.php - Array
(
    [application_id] => 11
)

2026-01-06 09:58:53 - Tables created successfully
2026-01-06 09:59:17 - Tables created successfully
2026-01-06 09:59:19 - Tables created successfully
2026-01-06 09:59:23 - Tables created successfully
2026-01-06 09:59:28 - Tables created successfully
2026-01-06 09:59:30 - Tables created successfully
2026-01-06 09:59:40 - Tables created successfully
2026-01-06 09:59:41 - Tables created successfully
2026-01-06 09:59:44 - Tables created successfully
2026-01-06 09:59:44 - Tables created successfully
2026-01-06 09:59:46 - Tables created successfully
2026-01-06 09:59:46 - Tables created successfully
2026-01-06 09:59:48 - Tables created successfully
2026-01-06 09:59:48 - Tables created successfully
2026-01-06 09:59:49 - Tables created successfully
2026-01-06 10:00:17 - Tables created successfully
2026-01-06 10:00:18 - Tables created successfully
2026-01-06 10:00:20 - Tables created successfully
2026-01-06 10:00:21 - Tables created successfully
2026-01-06 10:00:21 - Tables created successfully
2026-01-06 10:00:22 - Tables created successfully
2026-01-06 10:00:22 - Tables created successfully
2026-01-06 10:00:23 - Tables created successfully
2026-01-06 10:00:24 - Tables created successfully
2026-01-06 10:00:25 - Tables created successfully
2026-01-06 10:00:27 - Tables created successfully
2026-01-06 10:00:29 - Tables created successfully
2026-01-06 10:01:09 - Tables created successfully
2026-01-06 10:04:59 - Tables created successfully
2026-01-06 10:04:59 - Form submission started - Array
(
    [fullName] => Dilshan
    [nameWithInitials] => kasun
    [nicNo] => 200160902679
    [telNo] => 0717588871
    [dob] => 2008-01-02
    [email] => dkasun558@gmail.com
    [address] => 368/6 Rathnapura Road Kalawana
    [occupation] => QA
    [employerName] => Kasun Dilshan
    [beneficiaryName] => Array
        (
            [0] => QWE
        )

    [beneficiaryNIC] => Array
        (
            [0] => 2110220100212
        )

    [beneficiaryPercentage] => Array
        (
            [0] => 100
        )

    [years] => 2
    [investmentAmount] => 1221211
    [investmentType] => renewable_energy
    [signingDate] => 2026-01-06
    [accountNo] => 22112121
    [bank] => BOC
    [branch] => COLOMBO
    [declaration] => accepted
    [declarationDate] => 2026-01-06
)

2026-01-06 10:04:59 - Files received - Array
(
    [signatureUpload] => Array
        (
            [name] => ID_1 (2).pdf
            [type] => application/pdf
            [tmp_name] => C:\xampp\tmp\php5BA9.tmp
            [error] => 0
            [size] => 149739
        )

    [investorId] => Array
        (
            [name] => Bank_Slip_1.pdf
            [type] => application/pdf
            [tmp_name] => C:\xampp\tmp\php5BAA.tmp
            [error] => 0
            [size] => 150243
        )

    [beneficiaryId] => Array
        (
            [name] => ID_1 (1).pdf
            [type] => application/pdf
            [tmp_name] => C:\xampp\tmp\php5BAB.tmp
            [error] => 0
            [size] => 149739
        )

    [passbook] => Array
        (
            [name] => ID_1 (2).pdf
            [type] => application/pdf
            [tmp_name] => C:\xampp\tmp\php5BBB.tmp
            [error] => 0
            [size] => 149739
        )

    [paymentSlip] => Array
        (
            [name] => Bank_Slip_1.pdf
            [type] => application/pdf
            [tmp_name] => C:\xampp\tmp\php5BBC.tmp
            [error] => 0
            [size] => 150243
        )

    [finalSignature] => Array
        (
            [name] => Bank_Slip_1.pdf
            [type] => application/pdf
            [tmp_name] => C:\xampp\tmp\php5BBD.tmp
            [error] => 0
            [size] => 150243
        )

)

2026-01-06 10:04:59 - POST request received
2026-01-06 10:04:59 - Processing form data - Array
(
    [fullName] => Dilshan
    [nameWithInitials] => kasun
    [nicNo] => 200160902679
    [telNo] => 0717588871
    [dob] => 2008-01-02
    [email] => dkasun558@gmail.com
    [address] => 368/6 Rathnapura Road Kalawana
    [occupation] => QA
    [employerName] => Kasun Dilshan
    [beneficiaryName] => Array
        (
            [0] => QWE
        )

    [beneficiaryNIC] => Array
        (
            [0] => 2110220100212
        )

    [beneficiaryPercentage] => Array
        (
            [0] => 100
        )

    [years] => 2
    [investmentAmount] => 1221211
    [investmentType] => renewable_energy
    [signingDate] => 2026-01-06
    [accountNo] => 22112121
    [bank] => BOC
    [branch] => COLOMBO
    [declaration] => accepted
    [declarationDate] => 2026-01-06
)

2026-01-06 10:04:59 - Attempting to upload file - Array
(
    [source] => C:\xampp\tmp\php5BA9.tmp
    [destination] => C:\xampp\htdocs\eco-wealth-portal/uploads/695c90f315b9b_1767674099_ID_1__2_.pdf
    [file_size] => 149739
)

2026-01-06 10:04:59 - File uploaded successfully - 695c90f315b9b_1767674099_ID_1__2_.pdf
2026-01-06 10:04:59 - Attempting to upload file - Array
(
    [source] => C:\xampp\tmp\php5BAA.tmp
    [destination] => C:\xampp\htdocs\eco-wealth-portal/uploads/695c90f315fc8_1767674099_Bank_Slip_1.pdf
    [file_size] => 150243
)

2026-01-06 10:04:59 - File uploaded successfully - 695c90f315fc8_1767674099_Bank_Slip_1.pdf
2026-01-06 10:04:59 - Attempting to upload file - Array
(
    [source] => C:\xampp\tmp\php5BAB.tmp
    [destination] => C:\xampp\htdocs\eco-wealth-portal/uploads/695c90f3162dd_1767674099_ID_1__1_.pdf
    [file_size] => 149739
)

2026-01-06 10:04:59 - File uploaded successfully - 695c90f3162dd_1767674099_ID_1__1_.pdf
2026-01-06 10:04:59 - Attempting to upload file - Array
(
    [source] => C:\xampp\tmp\php5BBB.tmp
    [destination] => C:\xampp\htdocs\eco-wealth-portal/uploads/695c90f3165d4_1767674099_ID_1__2_.pdf
    [file_size] => 149739
)

2026-01-06 10:04:59 - File uploaded successfully - 695c90f3165d4_1767674099_ID_1__2_.pdf
2026-01-06 10:04:59 - Attempting to upload file - Array
(
    [source] => C:\xampp\tmp\php5BBC.tmp
    [destination] => C:\xampp\htdocs\eco-wealth-portal/uploads/695c90f3169e8_1767674099_Bank_Slip_1.pdf
    [file_size] => 150243
)

2026-01-06 10:04:59 - File uploaded successfully - 695c90f3169e8_1767674099_Bank_Slip_1.pdf
2026-01-06 10:04:59 - Attempting to upload file - Array
(
    [source] => C:\xampp\tmp\php5BBD.tmp
    [destination] => C:\xampp\htdocs\eco-wealth-portal/uploads/695c90f316d84_1767674099_Bank_Slip_1.pdf
    [file_size] => 150243
)

2026-01-06 10:04:59 - File uploaded successfully - 695c90f316d84_1767674099_Bank_Slip_1.pdf
2026-01-06 10:04:59 - Cleaned up file on error - C:\xampp\htdocs\eco-wealth-portal/uploads/695c90f315b9b_1767674099_ID_1__2_.pdf
2026-01-06 10:04:59 - Cleaned up file on error - C:\xampp\htdocs\eco-wealth-portal/uploads/695c90f315fc8_1767674099_Bank_Slip_1.pdf
2026-01-06 10:04:59 - Cleaned up file on error - C:\xampp\htdocs\eco-wealth-portal/uploads/695c90f3162dd_1767674099_ID_1__1_.pdf
2026-01-06 10:04:59 - Cleaned up file on error - C:\xampp\htdocs\eco-wealth-portal/uploads/695c90f3165d4_1767674099_ID_1__2_.pdf
2026-01-06 10:04:59 - Cleaned up file on error - C:\xampp\htdocs\eco-wealth-portal/uploads/695c90f3169e8_1767674099_Bank_Slip_1.pdf
2026-01-06 10:04:59 - Cleaned up file on error - C:\xampp\htdocs\eco-wealth-portal/uploads/695c90f316d84_1767674099_Bank_Slip_1.pdf
2026-01-06 10:04:59 - Form processing error - SQLSTATE[23000]: Integrity constraint violation: 1062 Duplicate entry '200160902679' for key 'nic_no'
2026-01-06 10:04:59 - Redirecting back to index with error - Array
(
    [error] => SQLSTATE[23000]: Integrity constraint violation: 1062 Duplicate entry '200160902679' for key 'nic_no'
)

2026-01-06 10:06:10 - Tables created successfully
2026-01-06 10:07:19 - Tables created successfully
2026-01-06 10:07:19 - Form submission started - Array
(
    [fullName] => Dilshan
    [nameWithInitials] => kasun
    [nicNo] => 9982772615V
    [telNo] => 0717588871
    [dob] => 2008-01-01
    [email] => dkasun558@gmail.com
    [address] => 368/6 Rathnapura Road Kalawana
    [occupation] => QA
    [employerName] => Kasun Dilshan
    [beneficiaryName] => Array
        (
            [0] => QWE
        )

    [beneficiaryNIC] => Array
        (
            [0] => 89776552122V
        )

    [beneficiaryPercentage] => Array
        (
            [0] => 100
        )

    [years] => 2
    [investmentAmount] => 1222121
    [investmentType] => green_real_estate
    [signingDate] => 2026-01-06
    [accountNo] => 1111111111
    [bank] => BOC
    [branch] => COLOMBO
    [declaration] => accepted
    [declarationDate] => 2026-01-06
)

2026-01-06 10:07:19 - Files received - Array
(
    [signatureUpload] => Array
        (
            [name] => Bank_Slip_1.pdf
            [type] => application/pdf
            [tmp_name] => C:\xampp\tmp\php7E7F.tmp
            [error] => 0
            [size] => 150243
        )

    [investorId] => Array
        (
            [name] => ID_1.pdf
            [type] => application/pdf
            [tmp_name] => C:\xampp\tmp\php7E80.tmp
            [error] => 0
            [size] => 149739
        )

    [beneficiaryId] => Array
        (
            [name] => ID_1 (3).pdf
            [type] => application/pdf
            [tmp_name] => C:\xampp\tmp\php7E81.tmp
            [error] => 0
            [size] => 149739
        )

    [passbook] => Array
        (
            [name] => ID_1 (2).pdf
            [type] => application/pdf
            [tmp_name] => C:\xampp\tmp\php7E92.tmp
            [error] => 0
            [size] => 149739
        )

    [paymentSlip] => Array
        (
            [name] => Bank_Slip_1.pdf
            [type] => application/pdf
            [tmp_name] => C:\xampp\tmp\php7E93.tmp
            [error] => 0
            [size] => 150243
        )

    [finalSignature] => Array
        (
            [name] => ID_1.pdf
            [type] => application/pdf
            [tmp_name] => C:\xampp\tmp\php7E94.tmp
            [error] => 0
            [size] => 149739
        )

)

2026-01-06 10:07:19 - POST request received
2026-01-06 10:07:19 - Processing form data - Array
(
    [fullName] => Dilshan
    [nameWithInitials] => kasun
    [nicNo] => 9982772615V
    [telNo] => 0717588871
    [dob] => 2008-01-01
    [email] => dkasun558@gmail.com
    [address] => 368/6 Rathnapura Road Kalawana
    [occupation] => QA
    [employerName] => Kasun Dilshan
    [beneficiaryName] => Array
        (
            [0] => QWE
        )

    [beneficiaryNIC] => Array
        (
            [0] => 89776552122V
        )

    [beneficiaryPercentage] => Array
        (
            [0] => 100
        )

    [years] => 2
    [investmentAmount] => 1222121
    [investmentType] => green_real_estate
    [signingDate] => 2026-01-06
    [accountNo] => 1111111111
    [bank] => BOC
    [branch] => COLOMBO
    [declaration] => accepted
    [declarationDate] => 2026-01-06
)

2026-01-06 10:07:19 - Attempting to upload file - Array
(
    [source] => C:\xampp\tmp\php7E7F.tmp
    [destination] => C:\xampp\htdocs\eco-wealth-portal/uploads/695c917f1422d_1767674239_Bank_Slip_1.pdf
    [file_size] => 150243
)

2026-01-06 10:07:19 - File uploaded successfully - 695c917f1422d_1767674239_Bank_Slip_1.pdf
2026-01-06 10:07:19 - Attempting to upload file - Array
(
    [source] => C:\xampp\tmp\php7E80.tmp
    [destination] => C:\xampp\htdocs\eco-wealth-portal/uploads/695c917f14749_1767674239_ID_1.pdf
    [file_size] => 149739
)

2026-01-06 10:07:19 - File uploaded successfully - 695c917f14749_1767674239_ID_1.pdf
2026-01-06 10:07:19 - Attempting to upload file - Array
(
    [source] => C:\xampp\tmp\php7E81.tmp
    [destination] => C:\xampp\htdocs\eco-wealth-portal/uploads/695c917f14bf5_1767674239_ID_1__3_.pdf
    [file_size] => 149739
)

2026-01-06 10:07:19 - File uploaded successfully - 695c917f14bf5_1767674239_ID_1__3_.pdf
2026-01-06 10:07:19 - Attempting to upload file - Array
(
    [source] => C:\xampp\tmp\php7E92.tmp
    [destination] => C:\xampp\htdocs\eco-wealth-portal/uploads/695c917f15029_1767674239_ID_1__2_.pdf
    [file_size] => 149739
)

2026-01-06 10:07:19 - File uploaded successfully - 695c917f15029_1767674239_ID_1__2_.pdf
2026-01-06 10:07:19 - Attempting to upload file - Array
(
    [source] => C:\xampp\tmp\php7E93.tmp
    [destination] => C:\xampp\htdocs\eco-wealth-portal/uploads/695c917f153d6_1767674239_Bank_Slip_1.pdf
    [file_size] => 150243
)

2026-01-06 10:07:19 - File uploaded successfully - 695c917f153d6_1767674239_Bank_Slip_1.pdf
2026-01-06 10:07:19 - Attempting to upload file - Array
(
    [source] => C:\xampp\tmp\php7E94.tmp
    [destination] => C:\xampp\htdocs\eco-wealth-portal/uploads/695c917f157c6_1767674239_ID_1.pdf
    [file_size] => 149739
)

2026-01-06 10:07:19 - File uploaded successfully - 695c917f157c6_1767674239_ID_1.pdf
2026-01-06 10:07:19 - Investor inserted successfully - Array
(
    [id] => 13
)

2026-01-06 10:07:19 - Beneficiary inserted - Array
(
    [investor_id] => 13
    [name] => QWE
)

2026-01-06 10:07:19 - Transaction committed successfully - Array
(
    [application_id] => 13
)

2026-01-06 10:07:21 - Email sending attempt - Array
(
    [sent] => 
    [to] => dkasun558@gmail.com
)

2026-01-06 10:07:21 - Redirecting to submit.php - Array
(
    [application_id] => 13
)

2026-01-06 10:07:21 - Tables created successfully
2026-01-06 10:09:16 - Tables created successfully
2026-01-06 10:09:16 - Form submission started - Array
(
    [fullName] => Dilshan
    [nameWithInitials] => kasun
    [nicNo] => 200130400876
    [telNo] => 098111212121
    [dob] => 2008-01-01
    [email] => dkasun558@gmail.com
    [address] => 368/6 Rathnapura Road Kalawana
    [occupation] => QA
    [employerName] => Kasun Dilshan
    [beneficiaryName] => Array
        (
            [0] => QWE
        )

    [beneficiaryNIC] => Array
        (
            [0] => 2110220100212
        )

    [beneficiaryPercentage] => Array
        (
            [0] => 100
        )

    [years] => 3
    [investmentAmount] => 12211231
    [investmentType] => green_bonds
    [signingDate] => 2026-01-06
    [accountNo] => 1111111111
    [bank] => BOC
    [branch] => COLOMBO
    [declaration] => accepted
    [declarationDate] => 2026-01-06
)

2026-01-06 10:09:16 - Files received - Array
(
    [signatureUpload] => Array
        (
            [name] => ID_1 (1).pdf
            [type] => application/pdf
            [tmp_name] => C:\xampp\tmp\php4AF8.tmp
            [error] => 0
            [size] => 149739
        )

    [investorId] => Array
        (
            [name] => ID_1.pdf
            [type] => application/pdf
            [tmp_name] => C:\xampp\tmp\php4B09.tmp
            [error] => 0
            [size] => 149739
        )

    [beneficiaryId] => Array
        (
            [name] => ID_1 (3).pdf
            [type] => application/pdf
            [tmp_name] => C:\xampp\tmp\php4B0A.tmp
            [error] => 0
            [size] => 149739
        )

    [passbook] => Array
        (
            [name] => ID_1 (2).pdf
            [type] => application/pdf
            [tmp_name] => C:\xampp\tmp\php4B0B.tmp
            [error] => 0
            [size] => 149739
        )

    [paymentSlip] => Array
        (
            [name] => Bank_Slip_1.pdf
            [type] => application/pdf
            [tmp_name] => C:\xampp\tmp\php4B1B.tmp
            [error] => 0
            [size] => 150243
        )

    [finalSignature] => Array
        (
            [name] => ID_1.pdf
            [type] => application/pdf
            [tmp_name] => C:\xampp\tmp\php4B1C.tmp
            [error] => 0
            [size] => 149739
        )

)

2026-01-06 10:09:16 - POST request received
2026-01-06 10:09:16 - Processing form data - Array
(
    [fullName] => Dilshan
    [nameWithInitials] => kasun
    [nicNo] => 200130400876
    [telNo] => 098111212121
    [dob] => 2008-01-01
    [email] => dkasun558@gmail.com
    [address] => 368/6 Rathnapura Road Kalawana
    [occupation] => QA
    [employerName] => Kasun Dilshan
    [beneficiaryName] => Array
        (
            [0] => QWE
        )

    [beneficiaryNIC] => Array
        (
            [0] => 2110220100212
        )

    [beneficiaryPercentage] => Array
        (
            [0] => 100
        )

    [years] => 3
    [investmentAmount] => 12211231
    [investmentType] => green_bonds
    [signingDate] => 2026-01-06
    [accountNo] => 1111111111
    [bank] => BOC
    [branch] => COLOMBO
    [declaration] => accepted
    [declarationDate] => 2026-01-06
)

2026-01-06 10:09:16 - Attempting to upload file - Array
(
    [source] => C:\xampp\tmp\php4AF8.tmp
    [destination] => C:\xampp\htdocs\eco-wealth-portal/uploads/695c91f4eaf07_1767674356_ID_1__1_.pdf
    [file_size] => 149739
)

2026-01-06 10:09:16 - File uploaded successfully - 695c91f4eaf07_1767674356_ID_1__1_.pdf
2026-01-06 10:09:16 - Attempting to upload file - Array
(
    [source] => C:\xampp\tmp\php4B09.tmp
    [destination] => C:\xampp\htdocs\eco-wealth-portal/uploads/695c91f4ec5e9_1767674356_ID_1.pdf
    [file_size] => 149739
)

2026-01-06 10:09:16 - File uploaded successfully - 695c91f4ec5e9_1767674356_ID_1.pdf
2026-01-06 10:09:16 - Attempting to upload file - Array
(
    [source] => C:\xampp\tmp\php4B0A.tmp
    [destination] => C:\xampp\htdocs\eco-wealth-portal/uploads/695c91f4ed561_1767674356_ID_1__3_.pdf
    [file_size] => 149739
)

2026-01-06 10:09:16 - File uploaded successfully - 695c91f4ed561_1767674356_ID_1__3_.pdf
2026-01-06 10:09:16 - Attempting to upload file - Array
(
    [source] => C:\xampp\tmp\php4B0B.tmp
    [destination] => C:\xampp\htdocs\eco-wealth-portal/uploads/695c91f4ee018_1767674356_ID_1__2_.pdf
    [file_size] => 149739
)

2026-01-06 10:09:16 - File uploaded successfully - 695c91f4ee018_1767674356_ID_1__2_.pdf
2026-01-06 10:09:16 - Attempting to upload file - Array
(
    [source] => C:\xampp\tmp\php4B1B.tmp
    [destination] => C:\xampp\htdocs\eco-wealth-portal/uploads/695c91f4eeb74_1767674356_Bank_Slip_1.pdf
    [file_size] => 150243
)

2026-01-06 10:09:16 - File uploaded successfully - 695c91f4eeb74_1767674356_Bank_Slip_1.pdf
2026-01-06 10:09:16 - Attempting to upload file - Array
(
    [source] => C:\xampp\tmp\php4B1C.tmp
    [destination] => C:\xampp\htdocs\eco-wealth-portal/uploads/695c91f4efc64_1767674356_ID_1.pdf
    [file_size] => 149739
)

2026-01-06 10:09:16 - File uploaded successfully - 695c91f4efc64_1767674356_ID_1.pdf
2026-01-06 10:09:16 - Investor inserted successfully - Array
(
    [id] => 14
)

2026-01-06 10:09:16 - Beneficiary inserted - Array
(
    [investor_id] => 14
    [name] => QWE
)

2026-01-06 10:09:16 - Transaction committed successfully - Array
(
    [application_id] => 14
)

2026-01-06 10:09:19 - Email sending attempt - Array
(
    [sent] => 
    [to] => dkasun558@gmail.com
)

2026-01-06 10:09:19 - Redirecting to submit.php - Array
(
    [application_id] => 14
)

2026-01-06 10:09:19 - Tables created successfully
2026-01-06 10:10:04 - Tables created successfully
2026-01-06 10:10:07 - Tables created successfully
2026-01-06 10:10:10 - Tables created successfully
2026-01-06 10:10:10 - Tables created successfully
2026-01-06 10:10:12 - Tables created successfully
2026-01-06 10:10:12 - Tables created successfully
2026-01-06 10:10:17 - Tables created successfully
2026-01-06 10:10:17 - Tables created successfully
2026-01-06 10:10:35 - Tables created successfully
2026-01-06 10:10:35 - Tables created successfully
2026-01-06 10:10:37 - Tables created successfully
2026-01-06 10:10:37 - Tables created successfully
2026-01-06 10:10:39 - Tables created successfully
2026-01-06 10:10:41 - Tables created successfully
2026-01-06 10:10:42 - Tables created successfully
2026-01-06 10:10:45 - Tables created successfully
2026-01-06 10:10:47 - Tables created successfully
2026-01-06 10:11:14 - Tables created successfully
2026-01-06 10:11:15 - Tables created successfully
2026-01-06 10:11:17 - Tables created successfully
2026-01-06 10:11:19 - Tables created successfully
2026-01-06 10:11:20 - Tables created successfully
2026-01-06 10:11:22 - Tables created successfully
2026-01-06 10:11:26 - Tables created successfully
2026-01-06 10:11:27 - Tables created successfully
2026-01-06 10:11:32 - Tables created successfully
2026-01-06 10:11:35 - Tables created successfully
2026-01-06 10:11:37 - Tables created successfully
2026-01-06 10:11:56 - Tables created successfully
2026-01-06 10:11:56 - Tables created successfully
2026-01-06 10:11:57 - Tables created successfully
2026-01-06 10:11:57 - Tables created successfully
2026-01-06 10:11:57 - Tables created successfully
2026-01-06 10:11:57 - Tables created successfully
2026-01-06 10:11:57 - Tables created successfully
2026-01-06 10:11:58 - Tables created successfully
2026-01-06 10:12:00 - Tables created successfully
2026-01-06 10:12:02 - Tables created successfully
2026-01-06 10:12:03 - Tables created successfully
2026-01-06 10:12:04 - Tables created successfully
2026-01-06 10:12:05 - Tables created successfully
2026-01-06 10:12:06 - Tables created successfully
2026-01-06 10:12:08 - Tables created successfully
2026-01-06 10:13:08 - Tables created successfully
2026-01-06 10:13:10 - Tables created successfully
2026-01-06 10:13:15 - Tables created successfully
2026-01-06 10:13:17 - Tables created successfully
2026-01-06 10:13:18 - Tables created successfully
2026-01-06 10:13:20 - Tables created successfully
2026-01-06 10:13:22 - Tables created successfully
2026-01-06 10:14:17 - Tables created successfully
2026-01-06 10:15:46 - Tables created successfully
2026-01-06 10:15:47 - Tables created successfully
2026-01-06 10:15:49 - Tables created successfully
2026-01-06 10:15:50 - Tables created successfully
2026-01-06 10:15:50 - Tables created successfully
2026-01-06 10:15:50 - Tables created successfully
2026-01-06 10:17:20 - Tables created successfully
2026-01-06 10:17:21 - Tables created successfully
2026-01-06 10:17:21 - Tables created successfully
2026-01-06 10:17:21 - Tables created successfully
2026-01-06 10:17:21 - Tables created successfully
2026-01-06 10:17:22 - Tables created successfully
2026-01-06 10:17:22 - Tables created successfully
2026-01-06 10:17:22 - Tables created successfully
2026-01-06 10:17:22 - Tables created successfully
2026-01-06 10:17:23 - Tables created successfully
2026-01-06 10:17:23 - Tables created successfully
2026-01-06 10:17:23 - Tables created successfully
2026-01-06 10:17:23 - Tables created successfully
2026-01-06 10:17:24 - Tables created successfully
2026-01-06 10:17:24 - Tables created successfully
2026-01-06 10:17:24 - Tables created successfully
2026-01-06 10:17:24 - Tables created successfully
2026-01-06 10:17:25 - Tables created successfully
2026-01-06 10:17:26 - Tables created successfully
2026-01-06 10:17:28 - Tables created successfully
2026-01-06 10:17:55 - Tables created successfully
2026-01-06 10:17:56 - Tables created successfully
2026-01-06 10:17:57 - Tables created successfully
2026-01-06 10:18:46 - Tables created successfully
2026-01-06 10:19:05 - Tables created successfully
2026-01-06 10:19:15 - Tables created successfully
2026-01-06 10:19:17 - Tables created successfully
2026-01-06 10:20:25 - Tables created successfully
2026-01-06 10:20:25 - Tables created successfully
2026-01-06 10:20:27 - Tables created successfully
2026-01-06 10:22:02 - Tables created successfully
2026-01-06 10:22:45 - Tables created successfully
2026-01-06 10:22:57 - Tables created successfully
2026-01-06 10:23:10 - Tables created successfully
2026-01-06 10:23:11 - Tables created successfully
2026-01-06 10:23:12 - Tables created successfully
2026-01-06 10:23:13 - Tables created successfully
2026-01-06 10:23:14 - Tables created successfully
2026-01-06 10:23:14 - Tables created successfully
2026-01-06 10:23:14 - Tables created successfully
2026-01-06 10:23:29 - Tables created successfully
2026-01-06 10:23:30 - Tables created successfully
2026-01-06 10:23:31 - Tables created successfully
2026-01-06 10:23:31 - Tables created successfully
2026-01-06 10:23:31 - Tables created successfully
2026-01-06 10:23:31 - Tables created successfully
2026-01-06 10:23:44 - Tables created successfully
2026-01-06 10:23:45 - Tables created successfully
2026-01-06 10:23:45 - Tables created successfully
2026-01-06 10:23:46 - Tables created successfully
2026-01-06 10:23:46 - Tables created successfully
2026-01-06 10:23:46 - Tables created successfully
2026-01-06 10:23:46 - Tables created successfully
2026-01-06 10:23:47 - Tables created successfully
2026-01-06 10:23:47 - Tables created successfully
2026-01-06 10:23:47 - Tables created successfully
2026-01-06 10:23:47 - Tables created successfully
2026-01-06 10:23:48 - Tables created successfully
2026-01-06 10:23:48 - Tables created successfully
2026-01-06 10:24:03 - Tables created successfully
2026-01-06 10:24:04 - Tables created successfully
2026-01-06 10:24:04 - Tables created successfully
2026-01-06 10:24:04 - Tables created successfully
2026-01-06 10:24:11 - Tables created successfully
2026-01-06 10:24:11 - Tables created successfully
2026-01-06 10:24:11 - Tables created successfully
2026-01-06 10:24:12 - Tables created successfully
2026-01-06 10:24:12 - Tables created successfully
2026-01-06 10:24:12 - Tables created successfully
2026-01-06 10:24:38 - Tables created successfully
2026-01-06 10:24:54 - Tables created successfully
2026-01-06 10:29:55 - Tables created successfully
2026-01-06 10:34:01 - Tables created successfully
2026-01-06 10:34:56 - Tables created successfully
2026-01-06 10:34:58 - Tables created successfully
2026-01-06 10:35:00 - Tables created successfully
2026-01-06 10:35:02 - Tables created successfully
2026-01-06 10:35:04 - Tables created successfully
2026-01-06 10:35:06 - Tables created successfully
2026-01-06 10:35:10 - Tables created successfully
2026-01-06 10:35:32 - Tables created successfully
2026-01-06 10:35:39 - Tables created successfully
2026-01-06 10:35:46 - Tables created successfully
2026-01-06 10:35:51 - Tables created successfully
2026-01-06 10:35:51 - Tables created successfully
2026-01-06 10:36:02 - Tables created successfully
2026-01-06 10:36:03 - Tables created successfully
2026-01-06 10:37:33 - Tables created successfully
2026-01-06 10:37:47 - Tables created successfully
2026-01-06 10:37:48 - Tables created successfully
2026-01-06 10:38:37 - Tables created successfully
2026-01-06 10:38:39 - Tables created successfully
2026-01-06 10:38:40 - Tables created successfully
2026-01-06 10:38:43 - Tables created successfully
2026-01-06 10:38:56 - Tables created successfully
2026-01-06 10:43:57 - Tables created successfully
2026-01-06 10:46:50 - Tables created successfully
2026-01-06 10:46:51 - Tables created successfully
2026-01-06 10:46:54 - Tables created successfully
2026-01-06 10:46:56 - Tables created successfully
2026-01-06 10:47:00 - Tables created successfully
2026-01-06 10:47:02 - Tables created successfully
2026-01-06 10:47:04 - Tables created successfully
2026-01-06 10:49:10 - Tables created successfully
2026-01-06 10:49:11 - Tables created successfully
2026-01-06 10:49:12 - Tables created successfully
2026-01-06 10:49:12 - Tables created successfully
2026-01-06 10:49:12 - Tables created successfully
2026-01-06 10:49:12 - Tables created successfully
2026-01-06 10:49:13 - Tables created successfully
2026-01-06 10:49:15 - Tables created successfully
2026-01-06 10:50:55 - Tables created successfully
2026-01-06 10:50:57 - Tables created successfully
2026-01-06 10:51:25 - Tables created successfully
2026-01-06 10:51:27 - Tables created successfully
2026-01-06 10:52:02 - Tables created successfully
2026-01-06 10:52:03 - Tables created successfully
2026-01-06 10:52:04 - Tables created successfully
2026-01-06 10:52:04 - Tables created successfully
2026-01-06 10:52:05 - Tables created successfully
2026-01-06 10:52:06 - Tables created successfully
2026-01-06 10:52:07 - Tables created successfully
2026-01-06 10:52:08 - Tables created successfully
2026-01-06 10:52:09 - Tables created successfully
2026-01-06 10:52:11 - Tables created successfully
2026-01-06 10:52:25 - Tables created successfully
2026-01-06 10:54:05 - Tables created successfully
2026-01-06 10:54:28 - Tables created successfully
2026-01-06 10:54:29 - Tables created successfully
2026-01-06 10:54:31 - Tables created successfully
2026-01-06 10:54:33 - Tables created successfully
2026-01-06 10:54:34 - Tables created successfully
2026-01-06 10:54:35 - Tables created successfully
2026-01-06 10:54:36 - Tables created successfully
2026-01-06 10:54:38 - Tables created successfully
2026-01-06 10:54:39 - Tables created successfully
2026-01-06 10:54:40 - Tables created successfully
2026-01-06 10:54:42 - Tables created successfully
2026-01-06 10:58:30 - Tables created successfully
2026-01-06 11:03:31 - Tables created successfully
2026-01-06 11:06:40 - Tables created successfully
2026-01-06 11:06:53 - Tables created successfully
2026-01-06 11:10:42 - Tables created successfully
2026-01-06 11:10:43 - Tables created successfully
2026-01-06 11:10:43 - Tables created successfully
2026-01-06 11:10:43 - Tables created successfully
2026-01-06 11:10:44 - Tables created successfully
2026-01-06 11:10:44 - Tables created successfully
2026-01-06 11:11:58 - Tables created successfully
2026-01-06 11:13:10 - Tables created successfully
2026-01-06 11:14:08 - Tables created successfully
2026-01-06 11:14:17 - Tables created successfully
2026-01-06 11:15:15 - Tables created successfully
2026-01-06 11:15:27 - Tables created successfully
2026-01-06 11:15:27 - Tables created successfully
2026-01-06 11:15:27 - Tables created successfully
2026-01-06 11:15:39 - Tables created successfully
2026-01-06 11:15:39 - Tables created successfully
2026-01-06 11:17:32 - Tables created successfully
2026-01-06 11:17:32 - Tables created successfully
2026-01-06 11:17:34 - Tables created successfully
2026-01-06 11:17:36 - Tables created successfully
2026-01-06 11:17:36 - Tables created successfully
2026-01-06 11:17:42 - Tables created successfully
2026-01-06 11:17:42 - Tables created successfully
2026-01-06 11:19:14 - Tables created successfully
2026-01-06 11:19:14 - Tables created successfully
2026-01-06 11:19:19 - Tables created successfully
2026-01-06 11:19:21 - Tables created successfully
2026-01-06 11:19:23 - Tables created successfully
2026-01-06 11:22:43 - Tables created successfully
2026-01-06 11:22:48 - Tables created successfully
2026-01-06 11:22:50 - Tables created successfully
2026-01-06 11:23:06 - Tables created successfully
2026-01-06 11:23:06 - Tables created successfully
2026-01-06 11:27:10 - Tables created successfully
2026-01-06 11:27:10 - Tables created successfully
2026-01-06 11:27:11 - Tables created successfully
2026-01-06 11:27:12 - Tables created successfully
2026-01-06 11:27:21 - Tables created successfully
2026-01-06 11:27:30 - Tables created successfully
2026-01-06 11:27:39 - Tables created successfully
2026-01-06 11:27:39 - Tables created successfully
2026-01-06 11:29:54 - Tables created successfully
2026-01-06 11:29:54 - Tables created successfully
2026-01-06 11:29:56 - Tables created successfully
2026-01-06 11:29:56 - Tables created successfully
2026-01-06 11:34:57 - Tables created successfully
2026-01-06 11:35:44 - Tables created successfully
2026-01-06 11:35:44 - Form submission started - Array
(
    [fullName] => Dilshan
    [nameWithInitials] => kasun
    [nicNo] => 200160902679
    [telNo] => 0717499982
    [dob] => 2007-12-31
    [email] => dkasun558@gmail.com
    [address] => 368/6 Rathnapura Road Kalawana
    [occupation] => IT
    [employerName] => Kasun Dilshan
    [beneficiaryName] => Array
        (
            [0] => QWE
        )

    [beneficiaryNIC] => Array
        (
            [0] => 2110220100212
        )

    [beneficiaryPercentage] => Array
        (
            [0] => 100
        )

    [years] => 2
    [investmentAmount] => 6778676
    [investmentType] => carbon_credits
    [signingDate] => 2026-01-06
    [accountNo] => 1111111111
    [bank] => BOC
    [branch] => COLOMBO
    [declaration] => accepted
    [declarationDate] => 2026-01-06
)

2026-01-06 11:35:44 - Files received - Array
(
    [signatureUpload] => Array
        (
            [name] => ID_1 (3).pdf
            [type] => application/pdf
            [tmp_name] => C:\xampp\tmp\php73A4.tmp
            [error] => 0
            [size] => 149739
        )

    [investorId] => Array
        (
            [name] => ID_1.pdf
            [type] => application/pdf
            [tmp_name] => C:\xampp\tmp\php73B5.tmp
            [error] => 0
            [size] => 149739
        )

    [beneficiaryId] => Array
        (
            [name] => ID_1 (3).pdf
            [type] => application/pdf
            [tmp_name] => C:\xampp\tmp\php73B6.tmp
            [error] => 0
            [size] => 149739
        )

    [passbook] => Array
        (
            [name] => ID_1 (2).pdf
            [type] => application/pdf
            [tmp_name] => C:\xampp\tmp\php73C6.tmp
            [error] => 0
            [size] => 149739
        )

    [paymentSlip] => Array
        (
            [name] => Bank_Slip_1.pdf
            [type] => application/pdf
            [tmp_name] => C:\xampp\tmp\php73C7.tmp
            [error] => 0
            [size] => 150243
        )

    [finalSignature] => Array
        (
            [name] => ID_1.pdf
            [type] => application/pdf
            [tmp_name] => C:\xampp\tmp\php73D8.tmp
            [error] => 0
            [size] => 149739
        )

)

2026-01-06 11:35:44 - POST request received
2026-01-06 11:35:44 - Processing form data - Array
(
    [fullName] => Dilshan
    [nameWithInitials] => kasun
    [nicNo] => 200160902679
    [telNo] => 0717499982
    [dob] => 2007-12-31
    [email] => dkasun558@gmail.com
    [address] => 368/6 Rathnapura Road Kalawana
    [occupation] => IT
    [employerName] => Kasun Dilshan
    [beneficiaryName] => Array
        (
            [0] => QWE
        )

    [beneficiaryNIC] => Array
        (
            [0] => 2110220100212
        )

    [beneficiaryPercentage] => Array
        (
            [0] => 100
        )

    [years] => 2
    [investmentAmount] => 6778676
    [investmentType] => carbon_credits
    [signingDate] => 2026-01-06
    [accountNo] => 1111111111
    [bank] => BOC
    [branch] => COLOMBO
    [declaration] => accepted
    [declarationDate] => 2026-01-06
)

2026-01-06 11:35:44 - Attempting to upload file - Array
(
    [source] => C:\xampp\tmp\php73A4.tmp
    [destination] => C:\xampp\htdocs\eco-wealth-portal/uploads/695ca6388bdb3_1767679544_ID_1__3_.pdf
    [file_size] => 149739
)

2026-01-06 11:35:44 - File uploaded successfully - 695ca6388bdb3_1767679544_ID_1__3_.pdf
2026-01-06 11:35:44 - Attempting to upload file - Array
(
    [source] => C:\xampp\tmp\php73B5.tmp
    [destination] => C:\xampp\htdocs\eco-wealth-portal/uploads/695ca6388da11_1767679544_ID_1.pdf
    [file_size] => 149739
)

2026-01-06 11:35:44 - File uploaded successfully - 695ca6388da11_1767679544_ID_1.pdf
2026-01-06 11:35:44 - Attempting to upload file - Array
(
    [source] => C:\xampp\tmp\php73B6.tmp
    [destination] => C:\xampp\htdocs\eco-wealth-portal/uploads/695ca6388e3b7_1767679544_ID_1__3_.pdf
    [file_size] => 149739
)

2026-01-06 11:35:44 - File uploaded successfully - 695ca6388e3b7_1767679544_ID_1__3_.pdf
2026-01-06 11:35:44 - Attempting to upload file - Array
(
    [source] => C:\xampp\tmp\php73C6.tmp
    [destination] => C:\xampp\htdocs\eco-wealth-portal/uploads/695ca6388e9d6_1767679544_ID_1__2_.pdf
    [file_size] => 149739
)

2026-01-06 11:35:44 - File uploaded successfully - 695ca6388e9d6_1767679544_ID_1__2_.pdf
2026-01-06 11:35:44 - Attempting to upload file - Array
(
    [source] => C:\xampp\tmp\php73C7.tmp
    [destination] => C:\xampp\htdocs\eco-wealth-portal/uploads/695ca6388f72b_1767679544_Bank_Slip_1.pdf
    [file_size] => 150243
)

2026-01-06 11:35:44 - File uploaded successfully - 695ca6388f72b_1767679544_Bank_Slip_1.pdf
2026-01-06 11:35:44 - Attempting to upload file - Array
(
    [source] => C:\xampp\tmp\php73D8.tmp
    [destination] => C:\xampp\htdocs\eco-wealth-portal/uploads/695ca6388fe7e_1767679544_ID_1.pdf
    [file_size] => 149739
)

2026-01-06 11:35:44 - File uploaded successfully - 695ca6388fe7e_1767679544_ID_1.pdf
2026-01-06 11:35:44 - Cleaned up file on error - C:\xampp\htdocs\eco-wealth-portal/uploads/695ca6388bdb3_1767679544_ID_1__3_.pdf
2026-01-06 11:35:44 - Cleaned up file on error - C:\xampp\htdocs\eco-wealth-portal/uploads/695ca6388da11_1767679544_ID_1.pdf
2026-01-06 11:35:44 - Cleaned up file on error - C:\xampp\htdocs\eco-wealth-portal/uploads/695ca6388e3b7_1767679544_ID_1__3_.pdf
2026-01-06 11:35:44 - Cleaned up file on error - C:\xampp\htdocs\eco-wealth-portal/uploads/695ca6388e9d6_1767679544_ID_1__2_.pdf
2026-01-06 11:35:44 - Cleaned up file on error - C:\xampp\htdocs\eco-wealth-portal/uploads/695ca6388f72b_1767679544_Bank_Slip_1.pdf
2026-01-06 11:35:44 - Cleaned up file on error - C:\xampp\htdocs\eco-wealth-portal/uploads/695ca6388fe7e_1767679544_ID_1.pdf
2026-01-06 11:35:44 - Form processing error - SQLSTATE[23000]: Integrity constraint violation: 1062 Duplicate entry '200160902679' for key 'nic_no'
2026-01-06 11:35:44 - Redirecting back to index with error - Array
(
    [error] => SQLSTATE[23000]: Integrity constraint violation: 1062 Duplicate entry '200160902679' for key 'nic_no'
)

2026-01-06 11:36:01 - Tables created successfully
2026-01-06 11:36:03 - Tables created successfully
2026-01-06 11:36:04 - Tables created successfully
2026-01-06 11:36:04 - Tables created successfully
2026-01-06 11:36:06 - Tables created successfully
2026-01-06 11:36:08 - Tables created successfully
2026-01-06 11:36:09 - Tables created successfully
2026-01-06 11:36:09 - Tables created successfully
2026-01-06 11:36:10 - Tables created successfully
2026-01-06 11:36:11 - Tables created successfully
2026-01-06 11:36:12 - Tables created successfully
2026-01-06 11:36:13 - Tables created successfully
2026-01-06 11:36:14 - Tables created successfully
2026-01-06 11:36:14 - Tables created successfully
2026-01-06 11:36:14 - Tables created successfully
2026-01-06 11:36:15 - Tables created successfully
2026-01-06 11:36:15 - Tables created successfully
2026-01-06 11:36:15 - Tables created successfully
2026-01-06 11:36:19 - Tables created successfully
2026-01-06 11:37:17 - Tables created successfully
2026-01-06 11:37:19 - Tables created successfully
2026-01-06 11:39:12 - Tables created successfully
2026-01-06 11:39:12 - Form submission started - Array
(
    [fullName] => kassa
    [nameWithInitials] => kl
    [nicNo] => 20013422121
    [telNo] => 0712111342
    [dob] => 2007-12-30
    [email] => kassa@gmail.com
    [address] => asaq
    [occupation] => SAD
    [employerName] => Kasun Dilshan
    [beneficiaryName] => Array
        (
            [0] => QWE
        )

    [beneficiaryNIC] => Array
        (
            [0] => 2112334211
        )

    [beneficiaryPercentage] => Array
        (
            [0] => 100
        )

    [years] => 1
    [investmentAmount] => 12100000
    [investmentType] => green_bonds
    [signingDate] => 2026-01-06
    [accountNo] => 1112121
    [bank] => PEOPLES BANK
    [branch] => COLOMBO
    [declaration] => accepted
    [declarationDate] => 2026-01-06
)

2026-01-06 11:39:12 - Files received - Array
(
    [signatureUpload] => Array
        (
            [name] => ID_1 (2).pdf
            [type] => application/pdf
            [tmp_name] => C:\xampp\tmp\php9EC3.tmp
            [error] => 0
            [size] => 149739
        )

    [investorId] => Array
        (
            [name] => ID_1.pdf
            [type] => application/pdf
            [tmp_name] => C:\xampp\tmp\php9ED3.tmp
            [error] => 0
            [size] => 149739
        )

    [beneficiaryId] => Array
        (
            [name] => ID_1 (3).pdf
            [type] => application/pdf
            [tmp_name] => C:\xampp\tmp\php9ED4.tmp
            [error] => 0
            [size] => 149739
        )

    [passbook] => Array
        (
            [name] => ID_1 (2).pdf
            [type] => application/pdf
            [tmp_name] => C:\xampp\tmp\php9ED5.tmp
            [error] => 0
            [size] => 149739
        )

    [paymentSlip] => Array
        (
            [name] => ID_1 (1).pdf
            [type] => application/pdf
            [tmp_name] => C:\xampp\tmp\php9EE6.tmp
            [error] => 0
            [size] => 149739
        )

    [finalSignature] => Array
        (
            [name] => ID_1.pdf
            [type] => application/pdf
            [tmp_name] => C:\xampp\tmp\php9EE7.tmp
            [error] => 0
            [size] => 149739
        )

)

2026-01-06 11:39:12 - POST request received
2026-01-06 11:39:12 - Processing form data - Array
(
    [fullName] => kassa
    [nameWithInitials] => kl
    [nicNo] => 20013422121
    [telNo] => 0712111342
    [dob] => 2007-12-30
    [email] => kassa@gmail.com
    [address] => asaq
    [occupation] => SAD
    [employerName] => Kasun Dilshan
    [beneficiaryName] => Array
        (
            [0] => QWE
        )

    [beneficiaryNIC] => Array
        (
            [0] => 2112334211
        )

    [beneficiaryPercentage] => Array
        (
            [0] => 100
        )

    [years] => 1
    [investmentAmount] => 12100000
    [investmentType] => green_bonds
    [signingDate] => 2026-01-06
    [accountNo] => 1112121
    [bank] => PEOPLES BANK
    [branch] => COLOMBO
    [declaration] => accepted
    [declarationDate] => 2026-01-06
)

2026-01-06 11:39:12 - Attempting to upload file - Array
(
    [source] => C:\xampp\tmp\php9EC3.tmp
    [destination] => C:\xampp\htdocs\eco-wealth-portal/uploads/695ca70832f49_1767679752_ID_1__2_.pdf
    [file_size] => 149739
)

2026-01-06 11:39:12 - File uploaded successfully - 695ca70832f49_1767679752_ID_1__2_.pdf
2026-01-06 11:39:12 - Attempting to upload file - Array
(
    [source] => C:\xampp\tmp\php9ED3.tmp
    [destination] => C:\xampp\htdocs\eco-wealth-portal/uploads/695ca708337a1_1767679752_ID_1.pdf
    [file_size] => 149739
)

2026-01-06 11:39:12 - File uploaded successfully - 695ca708337a1_1767679752_ID_1.pdf
2026-01-06 11:39:12 - Attempting to upload file - Array
(
    [source] => C:\xampp\tmp\php9ED4.tmp
    [destination] => C:\xampp\htdocs\eco-wealth-portal/uploads/695ca70833d2d_1767679752_ID_1__3_.pdf
    [file_size] => 149739
)

2026-01-06 11:39:12 - File uploaded successfully - 695ca70833d2d_1767679752_ID_1__3_.pdf
2026-01-06 11:39:12 - Attempting to upload file - Array
(
    [source] => C:\xampp\tmp\php9ED5.tmp
    [destination] => C:\xampp\htdocs\eco-wealth-portal/uploads/695ca7083433a_1767679752_ID_1__2_.pdf
    [file_size] => 149739
)

2026-01-06 11:39:12 - File uploaded successfully - 695ca7083433a_1767679752_ID_1__2_.pdf
2026-01-06 11:39:12 - Attempting to upload file - Array
(
    [source] => C:\xampp\tmp\php9EE6.tmp
    [destination] => C:\xampp\htdocs\eco-wealth-portal/uploads/695ca708346b3_1767679752_ID_1__1_.pdf
    [file_size] => 149739
)

2026-01-06 11:39:12 - File uploaded successfully - 695ca708346b3_1767679752_ID_1__1_.pdf
2026-01-06 11:39:12 - Attempting to upload file - Array
(
    [source] => C:\xampp\tmp\php9EE7.tmp
    [destination] => C:\xampp\htdocs\eco-wealth-portal/uploads/695ca70834ac2_1767679752_ID_1.pdf
    [file_size] => 149739
)

2026-01-06 11:39:12 - File uploaded successfully - 695ca70834ac2_1767679752_ID_1.pdf
2026-01-06 11:39:12 - Investor inserted successfully - Array
(
    [id] => 16
)

2026-01-06 11:39:12 - Beneficiary inserted - Array
(
    [investor_id] => 16
    [name] => QWE
)

2026-01-06 11:39:12 - Transaction committed successfully - Array
(
    [application_id] => 16
)

2026-01-06 11:39:14 - Email sending attempt - Array
(
    [sent] => 
    [to] => kassa@gmail.com
)

2026-01-06 11:39:14 - Redirecting to submit.php - Array
(
    [application_id] => 16
)

2026-01-06 11:39:14 - Tables created successfully
2026-01-06 11:39:39 - Tables created successfully
2026-01-06 11:39:42 - Tables created successfully
2026-01-06 11:39:42 - Tables created successfully
2026-01-06 11:39:55 - Tables created successfully
2026-01-06 11:40:01 - Tables created successfully
2026-01-06 11:40:01 - Tables created successfully
2026-01-06 11:40:05 - Tables created successfully
2026-01-06 11:40:05 - Tables created successfully
2026-01-06 11:40:06 - Tables created successfully
2026-01-06 11:40:06 - Tables created successfully
2026-01-06 11:41:32 - Tables created successfully
2026-01-06 11:41:36 - Tables created successfully
2026-01-06 11:41:36 - Tables created successfully
2026-01-06 11:41:38 - Tables created successfully
2026-01-06 11:42:10 - Tables created successfully
2026-01-06 11:44:57 - Tables created successfully
2026-01-06 11:45:00 - Tables created successfully
2026-01-06 11:45:04 - Tables created successfully
2026-01-06 11:46:46 - Tables created successfully
2026-01-06 11:48:07 - Tables created successfully
2026-01-06 11:48:07 - Tables created successfully
2026-01-06 11:50:05 - Tables created successfully
2026-01-06 11:50:22 - Tables created successfully
2026-01-06 11:52:26 - Tables created successfully
2026-01-06 11:52:27 - Tables created successfully
2026-01-06 11:52:28 - Tables created successfully
2026-01-06 11:52:30 - Tables created successfully
2026-01-06 11:54:17 - Tables created successfully
2026-01-06 11:54:17 - Tables created successfully
2026-01-06 11:54:29 - Tables created successfully
2026-01-06 11:54:29 - Tables created successfully
2026-01-06 11:54:32 - Tables created successfully
2026-01-06 11:54:37 - Tables created successfully
2026-01-06 11:54:39 - Tables created successfully
2026-01-06 11:55:00 - Tables created successfully
2026-01-06 11:55:00 - Tables created successfully
2026-01-06 11:55:00 - Tables created successfully
2026-01-06 11:55:00 - Tables created successfully
2026-01-06 11:55:02 - Tables created successfully
2026-01-06 11:55:04 - Tables created successfully
2026-01-06 11:55:05 - Tables created successfully
2026-01-06 11:55:06 - Tables created successfully
2026-01-06 11:55:23 - Tables created successfully
2026-01-06 11:55:40 - Tables created successfully
2026-01-06 11:55:40 - Tables created successfully
2026-01-06 11:55:40 - Tables created successfully
2026-01-06 11:55:40 - Tables created successfully
2026-01-06 11:55:40 - Tables created successfully
2026-01-06 11:55:40 - Tables created successfully
2026-01-06 11:55:40 - Tables created successfully
2026-01-06 11:55:40 - Tables created successfully
2026-01-06 11:55:40 - Tables created successfully
2026-01-06 11:55:41 - Tables created successfully
2026-01-06 11:55:41 - Tables created successfully
2026-01-06 11:55:41 - Tables created successfully
2026-01-06 11:55:41 - Tables created successfully
2026-01-06 11:55:41 - Tables created successfully
2026-01-06 11:55:41 - Tables created successfully
2026-01-06 11:55:41 - Tables created successfully
2026-01-06 11:55:41 - Tables created successfully
2026-01-06 11:55:41 - Tables created successfully
2026-01-06 11:55:41 - Tables created successfully
2026-01-06 11:55:41 - Tables created successfully
2026-01-06 11:55:42 - Tables created successfully
2026-01-06 11:55:42 - Tables created successfully
2026-01-06 11:55:42 - Tables created successfully
2026-01-06 11:55:42 - Tables created successfully
2026-01-06 11:55:42 - Tables created successfully
2026-01-06 11:55:42 - Tables created successfully
2026-01-06 11:55:42 - Tables created successfully
2026-01-06 11:55:42 - Tables created successfully
2026-01-06 11:55:42 - Tables created successfully
2026-01-06 11:55:42 - Tables created successfully
2026-01-06 11:55:42 - Tables created successfully
2026-01-06 11:55:42 - Tables created successfully
2026-01-06 11:55:42 - Tables created successfully
2026-01-06 11:55:42 - Tables created successfully
2026-01-06 11:55:42 - Tables created successfully
2026-01-06 11:55:42 - Tables created successfully
2026-01-06 11:55:42 - Tables created successfully
2026-01-06 11:55:42 - Tables created successfully
2026-01-06 11:55:42 - Tables created successfully
2026-01-06 11:55:42 - Tables created successfully
2026-01-06 11:55:44 - Tables created successfully
2026-01-06 11:55:44 - Tables created successfully
2026-01-06 11:55:44 - Tables created successfully
2026-01-06 11:55:44 - Tables created successfully
2026-01-06 11:55:44 - Tables created successfully
2026-01-06 11:55:44 - Tables created successfully
2026-01-06 11:55:44 - Tables created successfully
2026-01-06 11:55:44 - Tables created successfully
2026-01-06 11:55:44 - Tables created successfully
2026-01-06 11:55:44 - Tables created successfully
2026-01-06 11:55:44 - Tables created successfully
2026-01-06 11:55:46 - Tables created successfully
2026-01-06 11:55:46 - Tables created successfully
2026-01-06 11:55:46 - Tables created successfully
2026-01-06 11:55:46 - Tables created successfully
2026-01-06 11:55:46 - Tables created successfully
2026-01-06 11:55:46 - Tables created successfully
2026-01-06 11:55:46 - Tables created successfully
2026-01-06 11:55:46 - Tables created successfully
2026-01-06 11:55:46 - Tables created successfully
2026-01-06 11:55:46 - Tables created successfully
2026-01-06 11:55:46 - Tables created successfully
2026-01-06 11:55:46 - Tables created successfully
2026-01-06 11:55:46 - Tables created successfully
2026-01-06 11:55:46 - Tables created successfully
2026-01-06 11:55:46 - Tables created successfully
2026-01-06 11:55:46 - Tables created successfully
2026-01-06 11:55:46 - Tables created successfully
2026-01-06 11:55:46 - Tables created successfully
2026-01-06 11:55:46 - Tables created successfully
2026-01-06 11:55:46 - Tables created successfully
2026-01-06 11:55:51 - Tables created successfully
2026-01-06 11:55:51 - Tables created successfully
2026-01-06 11:55:52 - Tables created successfully
2026-01-06 11:55:54 - Tables created successfully
2026-01-06 11:55:56 - Tables created successfully
2026-01-06 11:56:42 - Tables created successfully
2026-01-06 11:56:44 - Tables created successfully
2026-01-06 11:59:07 - Tables created successfully
2026-01-06 11:59:09 - Tables created successfully
2026-01-06 12:00:24 - Tables created successfully
2026-01-06 12:02:23 - Tables created successfully
2026-01-06 12:02:25 - Tables created successfully
2026-01-06 12:02:25 - Tables created successfully
2026-01-06 12:02:27 - Tables created successfully
2026-01-06 12:02:35 - Tables created successfully
2026-01-06 12:02:46 - Tables created successfully
2026-01-06 12:02:53 - Tables created successfully
2026-01-06 12:02:53 - Tables created successfully
2026-01-06 12:03:11 - Tables created successfully
2026-01-06 12:03:13 - Tables created successfully
2026-01-06 12:03:14 - Tables created successfully
2026-01-06 12:03:18 - Tables created successfully
2026-01-06 12:04:27 - Tables created successfully
2026-01-06 12:04:28 - Tables created successfully
2026-01-06 12:09:29 - Tables created successfully
2026-01-06 12:14:30 - Tables created successfully
2026-01-06 12:19:31 - Tables created successfully
2026-01-06 12:24:32 - Tables created successfully
2026-01-06 12:27:45 - Tables created successfully
2026-01-06 12:27:49 - Tables created successfully
2026-01-06 12:27:50 - Tables created successfully
2026-01-06 12:27:51 - Tables created successfully
2026-01-06 12:28:06 - Tables created successfully
2026-01-06 12:28:07 - Tables created successfully
2026-01-06 12:28:16 - Tables created successfully
2026-01-06 12:28:17 - Tables created successfully
2026-01-06 12:28:17 - Tables created successfully
2026-01-06 12:28:28 - Tables created successfully
2026-01-06 12:28:28 - Tables created successfully
2026-01-06 12:28:50 - Tables created successfully
2026-01-06 12:28:52 - Tables created successfully
2026-01-06 12:28:55 - Tables created successfully
2026-01-06 12:29:33 - Tables created successfully
2026-01-06 12:29:37 - Tables created successfully
2026-01-06 12:29:38 - Tables created successfully
2026-01-06 12:29:46 - Tables created successfully
2026-01-06 12:29:46 - Tables created successfully
2026-01-06 12:29:49 - Tables created successfully
2026-01-06 12:29:52 - Tables created successfully
2026-01-06 12:29:54 - Tables created successfully
2026-01-06 12:29:55 - Tables created successfully
2026-01-06 12:30:03 - Tables created successfully
2026-01-06 12:30:09 - Tables created successfully
2026-01-06 12:30:20 - Tables created successfully
2026-01-06 12:30:20 - Tables created successfully
2026-01-06 12:30:29 - Tables created successfully
2026-01-06 12:30:29 - Tables created successfully
2026-01-06 12:30:32 - Tables created successfully
2026-01-06 12:30:51 - Tables created successfully
2026-01-06 12:30:54 - Tables created successfully
2026-01-06 12:30:54 - Tables created successfully
2026-01-06 12:30:56 - Tables created successfully
2026-01-06 12:34:34 - Tables created successfully
2026-01-06 12:34:40 - Tables created successfully
2026-01-06 12:39:41 - Tables created successfully
2026-01-06 12:40:01 - Tables created successfully
2026-01-06 12:40:03 - Tables created successfully
2026-01-06 12:40:05 - Tables created successfully
2026-01-06 12:40:07 - Tables created successfully
2026-01-06 12:40:31 - Tables created successfully
2026-01-06 12:42:10 - Tables created successfully
2026-01-06 12:42:10 - Tables created successfully
2026-01-06 12:42:31 - Tables created successfully
2026-01-06 12:42:42 - Tables created successfully
2026-01-06 12:42:42 - Tables created successfully
2026-01-06 12:42:46 - Tables created successfully
2026-01-06 12:42:55 - Tables created successfully
2026-01-06 12:43:01 - Tables created successfully
2026-01-06 12:43:01 - Tables created successfully
2026-01-06 12:43:19 - Tables created successfully
2026-01-06 12:43:20 - Tables created successfully
2026-01-06 12:43:20 - Tables created successfully
2026-01-06 12:43:20 - Tables created successfully
2026-01-06 12:43:23 - Tables created successfully
2026-01-06 12:43:24 - Tables created successfully
2026-01-06 12:43:25 - Tables created successfully
2026-01-06 12:43:26 - Tables created successfully
2026-01-06 12:43:26 - Tables created successfully
2026-01-06 12:43:26 - Tables created successfully
2026-01-06 12:43:26 - Tables created successfully
2026-01-06 12:43:27 - Tables created successfully
2026-01-06 12:43:27 - Tables created successfully
2026-01-06 12:43:37 - Tables created successfully
2026-01-06 12:43:37 - Tables created successfully
2026-01-06 12:43:40 - Tables created successfully
2026-01-06 12:43:49 - Tables created successfully
2026-01-06 12:43:55 - Tables created successfully
2026-01-06 12:43:55 - Tables created successfully
2026-01-06 12:43:58 - Tables created successfully
2026-01-06 12:43:59 - Tables created successfully
2026-01-06 12:44:01 - Tables created successfully
2026-01-06 12:44:01 - Tables created successfully
2026-01-06 12:44:02 - Tables created successfully
2026-01-06 12:44:03 - Tables created successfully
2026-01-06 12:44:04 - Tables created successfully
2026-01-06 12:44:04 - Tables created successfully
2026-01-06 12:44:05 - Tables created successfully
2026-01-06 12:44:06 - Tables created successfully
2026-01-06 12:44:06 - Tables created successfully
2026-01-06 12:44:07 - Tables created successfully
2026-01-06 12:44:08 - Tables created successfully
2026-01-06 12:47:50 - Tables created successfully
2026-01-06 12:47:53 - Tables created successfully
2026-01-06 12:47:54 - Tables created successfully
2026-01-06 12:47:55 - Tables created successfully
2026-01-06 12:47:55 - Tables created successfully
2026-01-06 12:48:00 - Tables created successfully
2026-01-06 12:48:10 - Tables created successfully
2026-01-06 12:48:15 - Tables created successfully
2026-01-06 12:48:15 - Tables created successfully
2026-01-06 12:49:06 - Tables created successfully
2026-01-06 12:49:06 - Tables created successfully
2026-01-06 12:49:07 - Tables created successfully
2026-01-06 12:49:07 - Tables created successfully
2026-01-06 12:49:07 - Tables created successfully
2026-01-06 12:49:08 - Tables created successfully
2026-01-06 12:49:41 - Tables created successfully
2026-01-06 12:49:41 - Tables created successfully
2026-01-06 12:49:42 - Tables created successfully
2026-01-06 12:49:50 - Tables created successfully
2026-01-06 12:49:55 - Tables created successfully
2026-01-06 12:49:55 - Tables created successfully
2026-01-06 12:51:27 - Tables created successfully
2026-01-06 12:51:28 - Tables created successfully
2026-01-06 12:51:29 - Tables created successfully
2026-01-06 12:51:37 - Tables created successfully
2026-01-06 12:51:37 - Tables created successfully
2026-01-06 12:51:46 - Tables created successfully
2026-01-06 12:51:55 - Tables created successfully
2026-01-06 12:52:00 - Tables created successfully
2026-01-06 12:52:00 - Tables created successfully
2026-01-06 12:52:06 - Tables created successfully
2026-01-06 12:52:10 - Tables created successfully
2026-01-06 12:52:12 - Tables created successfully
2026-01-06 12:52:14 - Tables created successfully
2026-01-06 12:52:18 - Tables created successfully
2026-01-06 12:53:08 - Tables created successfully
2026-01-06 12:54:43 - Tables created successfully
2026-01-06 12:54:44 - Tables created successfully
2026-01-06 12:54:44 - Tables created successfully
2026-01-06 12:54:44 - Tables created successfully
2026-01-06 12:54:44 - Tables created successfully
2026-01-06 12:54:45 - Tables created successfully
2026-01-06 12:54:45 - Tables created successfully
2026-01-06 12:54:45 - Tables created successfully
2026-01-06 12:54:45 - Tables created successfully
2026-01-06 12:54:46 - Tables created successfully
2026-01-06 12:54:56 - Tables created successfully
2026-01-06 12:54:57 - Tables created successfully
2026-01-06 12:55:15 - Tables created successfully
2026-01-06 12:55:20 - Tables created successfully
2026-01-06 12:55:29 - Tables created successfully
2026-01-06 12:55:29 - Tables created successfully
2026-01-06 12:55:50 - Tables created successfully
2026-01-06 12:55:52 - Tables created successfully
2026-01-06 12:55:54 - Tables created successfully
2026-01-06 12:56:03 - Tables created successfully
2026-01-06 12:57:22 - Tables created successfully
2026-01-06 12:57:23 - Tables created successfully
2026-01-06 12:57:38 - Tables created successfully
2026-01-06 12:57:43 - Tables created successfully
2026-01-06 12:57:43 - Tables created successfully
2026-01-06 12:57:49 - Tables created successfully
2026-01-06 12:57:54 - Tables created successfully
2026-01-06 13:05:58 - Tables created successfully
2026-01-06 13:06:03 - Tables created successfully
2026-01-06 13:06:03 - Tables created successfully
2026-01-06 13:06:06 - Tables created successfully
2026-01-06 13:06:07 - Tables created successfully
2026-01-06 13:06:40 - Tables created successfully
2026-01-06 13:06:49 - Tables created successfully
2026-01-06 13:06:50 - Tables created successfully
2026-01-06 13:06:50 - Tables created successfully
2026-01-06 13:06:50 - Tables created successfully
2026-01-06 13:06:51 - Tables created successfully
2026-01-06 13:06:51 - Tables created successfully
2026-01-06 13:06:52 - Tables created successfully
2026-01-06 13:07:34 - Tables created successfully
2026-01-06 13:07:35 - Tables created successfully
2026-01-06 13:07:36 - Tables created successfully
2026-01-06 13:07:36 - Tables created successfully
2026-01-06 13:07:36 - Tables created successfully
2026-01-06 13:07:36 - Tables created successfully
2026-01-06 13:07:56 - Tables created successfully
2026-01-06 13:07:57 - Tables created successfully
2026-01-06 13:07:57 - Tables created successfully
2026-01-06 13:07:57 - Tables created successfully
2026-01-06 13:07:58 - Tables created successfully
2026-01-06 13:07:58 - Tables created successfully
2026-01-06 13:07:58 - Tables created successfully
2026-01-06 13:07:58 - Tables created successfully
2026-01-06 13:07:58 - Tables created successfully
2026-01-06 13:07:58 - Tables created successfully
2026-01-06 13:07:59 - Tables created successfully
2026-01-06 13:07:59 - Tables created successfully
2026-01-06 13:07:59 - Tables created successfully
2026-01-06 13:07:59 - Tables created successfully
2026-01-06 13:08:00 - Tables created successfully
2026-01-06 13:08:00 - Tables created successfully
2026-01-06 13:08:00 - Tables created successfully
2026-01-06 13:08:11 - Tables created successfully
2026-01-06 13:08:12 - Tables created successfully
2026-01-06 13:08:16 - Tables created successfully
2026-01-06 13:08:16 - Tables created successfully
2026-01-06 13:08:16 - Tables created successfully
2026-01-06 13:08:17 - Tables created successfully
2026-01-06 13:08:17 - Tables created successfully
2026-01-06 13:08:19 - Tables created successfully
2026-01-06 13:08:23 - Tables created successfully
2026-01-06 13:09:32 - Tables created successfully
2026-01-06 13:09:32 - Tables created successfully
2026-01-06 13:09:32 - Tables created successfully
2026-01-06 13:09:33 - Tables created successfully
2026-01-06 13:09:41 - Tables created successfully
2026-01-06 13:09:42 - Tables created successfully
2026-01-06 13:09:42 - Tables created successfully
2026-01-06 13:09:44 - Tables created successfully
2026-01-06 13:09:45 - Tables created successfully
2026-01-06 13:09:47 - Tables created successfully
2026-01-06 13:10:04 - Tables created successfully
2026-01-06 13:10:52 - Tables created successfully
2026-01-06 13:10:54 - Tables created successfully
2026-01-06 13:10:56 - Tables created successfully
2026-01-06 13:22:55 - Tables created successfully
2026-01-06 13:22:57 - Tables created successfully
2026-01-06 13:23:05 - Tables created successfully
2026-01-06 13:24:52 - Tables created successfully
2026-01-06 13:25:07 - Tables created successfully
2026-01-06 13:25:43 - Tables created successfully
2026-01-06 13:25:43 - Tables created successfully
2026-01-06 13:25:44 - Tables created successfully
2026-01-06 13:25:46 - Tables created successfully
2026-01-06 13:26:09 - Tables created successfully
2026-01-06 13:28:37 - Tables created successfully
2026-01-06 13:28:38 - Tables created successfully
2026-01-06 13:28:39 - Tables created successfully
2026-01-06 13:28:41 - Tables created successfully
2026-01-06 13:29:12 - Tables created successfully
2026-01-06 13:29:14 - Tables created successfully
2026-01-06 13:29:26 - Tables created successfully
2026-01-06 13:29:31 - Tables created successfully
2026-01-06 13:29:43 - Tables created successfully
2026-01-06 13:29:43 - Tables created successfully
2026-01-06 13:31:04 - Tables created successfully
2026-01-06 13:32:57 - Tables created successfully
2026-01-06 13:32:58 - Tables created successfully
2026-01-06 13:32:59 - Tables created successfully
2026-01-06 13:33:01 - Tables created successfully
2026-01-06 13:33:03 - Tables created successfully
2026-01-06 13:34:09 - Tables created successfully
2026-01-06 13:34:11 - Tables created successfully
2026-01-06 13:35:10 - Tables created successfully
2026-01-06 13:35:12 - Tables created successfully
2026-01-06 13:35:20 - Tables created successfully
2026-01-06 13:35:30 - Tables created successfully
2026-01-06 13:35:34 - Tables created successfully
2026-01-06 13:35:34 - Tables created successfully
2026-01-06 13:35:36 - Tables created successfully
2026-01-06 13:35:37 - Tables created successfully
2026-01-06 13:35:39 - Tables created successfully
2026-01-06 13:36:39 - Tables created successfully
2026-01-06 13:36:41 - Tables created successfully
2026-01-06 13:37:47 - Tables created successfully
2026-01-06 13:37:50 - Tables created successfully
2026-01-06 13:38:16 - Tables created successfully
2026-01-06 13:38:16 - Tables created successfully
2026-01-06 13:38:18 - Tables created successfully
2026-01-06 13:38:27 - Tables created successfully
2026-01-06 13:38:32 - Tables created successfully
2026-01-06 13:38:32 - Tables created successfully
2026-01-06 13:38:33 - Tables created successfully
2026-01-06 13:38:35 - Tables created successfully
2026-01-06 13:38:37 - Tables created successfully
2026-01-06 13:39:01 - Tables created successfully
2026-01-06 13:39:03 - Tables created successfully
2026-01-06 13:39:07 - Tables created successfully
2026-01-06 13:39:08 - Tables created successfully
2026-01-06 13:39:09 - Tables created successfully
2026-01-06 13:39:11 - Tables created successfully
2026-01-06 13:39:13 - Tables created successfully
2026-01-06 13:39:35 - Tables created successfully
2026-01-06 13:41:24 - Tables created successfully
2026-01-06 13:42:22 - Tables created successfully
2026-01-06 13:45:32 - Tables created successfully
2026-01-06 13:45:32 - Tables created successfully
2026-01-06 13:50:33 - Tables created successfully
2026-01-06 13:55:34 - Tables created successfully
2026-01-06 13:57:40 - Tables created successfully
2026-01-06 13:57:40 - Tables created successfully
2026-01-06 13:57:50 - Tables created successfully
2026-01-06 13:57:50 - Tables created successfully
2026-01-06 13:58:48 - Tables created successfully
2026-01-06 13:58:50 - Tables created successfully
2026-01-06 13:58:51 - Tables created successfully
2026-01-06 13:58:53 - Tables created successfully
2026-01-06 13:58:54 - Tables created successfully
2026-01-06 13:58:55 - Tables created successfully
2026-01-06 13:58:55 - Tables created successfully
2026-01-06 13:58:55 - Tables created successfully
2026-01-06 13:58:55 - Tables created successfully
2026-01-06 13:58:56 - Tables created successfully
2026-01-06 13:58:56 - Tables created successfully
2026-01-06 13:58:58 - Tables created successfully
2026-01-06 13:59:01 - Tables created successfully
2026-01-06 13:59:01 - Tables created successfully
2026-01-06 13:59:01 - Tables created successfully
2026-01-06 13:59:07 - Tables created successfully
2026-01-06 13:59:07 - Tables created successfully
2026-01-06 13:59:18 - Tables created successfully
2026-01-06 13:59:19 - Tables created successfully
2026-01-06 13:59:19 - Tables created successfully
2026-01-06 13:59:22 - Tables created successfully
2026-01-06 13:59:53 - Tables created successfully
2026-01-06 13:59:54 - Tables created successfully
2026-01-06 13:59:54 - Tables created successfully
2026-01-06 13:59:54 - Tables created successfully
2026-01-06 13:59:54 - Tables created successfully
2026-01-06 13:59:54 - Tables created successfully
2026-01-06 13:59:55 - Tables created successfully
2026-01-06 13:59:55 - Tables created successfully
2026-01-06 13:59:55 - Tables created successfully
2026-01-06 13:59:55 - Tables created successfully
2026-01-06 13:59:55 - Tables created successfully
2026-01-06 13:59:55 - Tables created successfully
2026-01-06 13:59:56 - Tables created successfully
2026-01-06 13:59:56 - Tables created successfully
2026-01-06 13:59:56 - Tables created successfully
2026-01-06 13:59:57 - Tables created successfully
2026-01-06 14:00:13 - Tables created successfully
2026-01-06 14:00:13 - Tables created successfully
2026-01-06 14:00:17 - Tables created successfully
2026-01-06 14:00:19 - Tables created successfully
2026-01-06 14:00:21 - Tables created successfully
2026-01-06 14:01:06 - Tables created successfully
2026-01-06 14:01:09 - Tables created successfully
2026-01-06 14:03:09 - Tables created successfully
2026-01-06 14:03:17 - Tables created successfully
2026-01-06 14:03:22 - Tables created successfully
2026-01-06 14:03:22 - Tables created successfully
2026-01-06 14:03:27 - Tables created successfully
2026-01-06 14:03:28 - Tables created successfully
2026-01-06 14:03:30 - Tables created successfully
2026-01-06 14:03:32 - Tables created successfully
2026-01-06 14:03:37 - Tables created successfully
2026-01-06 14:03:44 - Tables created successfully
2026-01-06 14:05:11 - Tables created successfully
2026-01-06 14:05:20 - Tables created successfully
2026-01-06 14:05:26 - Tables created successfully
2026-01-06 14:05:26 - Tables created successfully
2026-01-06 14:05:29 - Tables created successfully
2026-01-06 14:05:30 - Tables created successfully
2026-01-06 14:05:31 - Tables created successfully
2026-01-06 14:05:34 - Tables created successfully
2026-01-06 14:27:55 - Tables created successfully
2026-01-06 14:27:55 - Tables created successfully
2026-01-06 14:28:36 - Tables created successfully
2026-01-06 14:28:38 - Tables created successfully
2026-01-06 14:28:40 - Tables created successfully
2026-01-06 15:04:14 - Tables created successfully
2026-01-06 15:04:16 - Tables created successfully
2026-01-06 15:04:37 - Tables created successfully
2026-01-06 15:04:47 - Tables created successfully
2026-01-06 15:04:47 - Tables created successfully
2026-01-06 15:04:51 - Tables created successfully
2026-01-06 15:04:52 - Tables created successfully
2026-01-06 15:04:54 - Tables created successfully
2026-01-06 15:05:10 - Tables created successfully
2026-01-06 15:05:12 - Tables created successfully
2026-01-06 15:05:14 - Tables created successfully
2026-01-06 15:05:38 - Tables created successfully
2026-01-06 15:05:40 - Tables created successfully
2026-01-06 15:05:42 - Tables created successfully
2026-01-06 15:05:57 - Tables created successfully
2026-01-06 15:05:59 - Tables created successfully
2026-01-06 15:06:01 - Tables created successfully
2026-01-06 15:06:03 - Tables created successfully
2026-01-06 15:06:05 - Tables created successfully
2026-01-06 15:06:08 - Tables created successfully
2026-01-06 15:06:09 - Tables created successfully
2026-01-06 15:06:11 - Tables created successfully
2026-01-06 15:06:20 - Tables created successfully
2026-01-06 15:06:21 - Tables created successfully
2026-01-06 15:06:29 - Tables created successfully
2026-01-06 15:06:29 - Tables created successfully
2026-01-06 15:06:34 - Tables created successfully
2026-01-06 15:06:37 - Tables created successfully
2026-01-06 15:06:39 - Tables created successfully
2026-01-06 15:06:41 - Tables created successfully
2026-01-06 15:07:15 - Tables created successfully
2026-01-06 15:07:29 - Tables created successfully
2026-01-06 15:07:38 - Tables created successfully
2026-01-06 15:07:42 - Tables created successfully
2026-01-06 15:07:42 - Tables created successfully
2026-01-06 15:07:45 - Tables created successfully
2026-01-06 15:07:48 - Tables created successfully
2026-01-06 15:07:48 - Tables created successfully
2026-01-06 15:07:50 - Tables created successfully
2026-01-06 15:07:51 - Tables created successfully
2026-01-06 15:07:53 - Tables created successfully
2026-01-06 15:08:19 - Tables created successfully
2026-01-06 15:08:27 - Tables created successfully
2026-01-06 15:08:31 - Tables created successfully
2026-01-06 15:08:37 - Tables created successfully
2026-01-06 15:08:46 - Tables created successfully
2026-01-06 15:08:52 - Tables created successfully
2026-01-06 15:08:52 - Tables created successfully
2026-01-06 15:08:54 - Tables created successfully
2026-01-06 15:08:56 - Tables created successfully
2026-01-06 15:08:58 - Tables created successfully
2026-01-06 15:09:24 - Tables created successfully
2026-01-06 15:09:33 - Tables created successfully
2026-01-06 15:10:04 - Tables created successfully
2026-01-06 15:10:04 - Tables created successfully
2026-01-06 15:10:06 - Tables created successfully
2026-01-06 15:10:08 - Tables created successfully
2026-01-06 15:10:10 - Tables created successfully
2026-01-06 15:11:01 - Tables created successfully
2026-01-06 15:11:03 - Tables created successfully
2026-01-06 15:24:13 - Tables created successfully
2026-01-06 15:24:15 - Tables created successfully
2026-01-06 15:24:17 - Tables created successfully
2026-01-06 15:24:19 - Tables created successfully
2026-01-06 15:24:44 - Tables created successfully
2026-01-06 15:24:57 - Tables created successfully
2026-01-06 15:25:02 - Tables created successfully
2026-01-06 15:25:02 - Tables created successfully
2026-01-06 15:25:13 - Tables created successfully
2026-01-06 15:25:15 - Tables created successfully
2026-01-06 15:25:17 - Tables created successfully
2026-01-06 15:25:23 - Tables created successfully
2026-01-06 15:25:25 - Tables created successfully
2026-01-06 15:30:59 - Tables created successfully
2026-01-06 15:31:01 - Tables created successfully
2026-01-06 15:31:13 - Tables created successfully
2026-01-06 15:31:16 - Tables created successfully
2026-01-06 15:31:31 - Tables created successfully
2026-01-06 15:31:36 - Tables created successfully
2026-01-06 15:31:36 - Tables created successfully
2026-01-06 15:36:37 - Tables created successfully
2026-01-06 15:41:38 - Tables created successfully
2026-01-06 15:41:53 - Tables created successfully
2026-01-06 15:41:54 - Tables created successfully
2026-01-06 15:41:56 - Tables created successfully
2026-01-06 15:41:58 - Tables created successfully
2026-01-06 15:42:42 - Tables created successfully
2026-01-06 15:43:02 - Tables created successfully
2026-01-06 15:43:02 - Tables created successfully
2026-01-06 15:43:04 - Tables created successfully
2026-01-06 15:43:06 - Tables created successfully
2026-01-06 15:44:15 - Tables created successfully
2026-01-06 15:44:15 - Tables created successfully
2026-01-06 15:44:15 - Tables created successfully
2026-01-06 15:44:15 - Tables created successfully
2026-01-06 15:44:15 - Tables created successfully
2026-01-06 15:44:15 - Tables created successfully
2026-01-06 15:44:15 - Tables created successfully
2026-01-06 15:44:15 - Tables created successfully
2026-01-06 15:44:15 - Tables created successfully
2026-01-06 15:44:15 - Tables created successfully
2026-01-06 15:44:15 - Tables created successfully
2026-01-06 15:44:15 - Tables created successfully
2026-01-06 15:44:15 - Tables created successfully
2026-01-06 15:44:15 - Tables created successfully
2026-01-06 15:44:15 - Tables created successfully
2026-01-06 15:44:16 - Tables created successfully
2026-01-06 15:44:16 - Tables created successfully
2026-01-06 15:44:16 - Tables created successfully
2026-01-06 15:44:16 - Tables created successfully
2026-01-06 15:44:16 - Tables created successfully
2026-01-06 15:44:17 - Tables created successfully
2026-01-06 15:44:17 - Tables created successfully
2026-01-06 15:44:17 - Tables created successfully
2026-01-06 15:44:17 - Tables created successfully
2026-01-06 15:44:17 - Tables created successfully
2026-01-06 15:44:17 - Tables created successfully
2026-01-06 15:44:17 - Tables created successfully
2026-01-06 15:44:17 - Tables created successfully
2026-01-06 15:44:17 - Tables created successfully
2026-01-06 15:44:17 - Tables created successfully
2026-01-06 15:44:17 - Tables created successfully
2026-01-06 15:44:17 - Tables created successfully
2026-01-06 15:44:17 - Tables created successfully
2026-01-06 15:44:17 - Tables created successfully
2026-01-06 15:44:17 - Tables created successfully
2026-01-06 15:44:17 - Tables created successfully
2026-01-06 15:44:17 - Tables created successfully
2026-01-06 15:44:17 - Tables created successfully
2026-01-06 15:44:17 - Tables created successfully
2026-01-06 15:44:17 - Tables created successfully
2026-01-06 15:44:19 - Tables created successfully
2026-01-06 15:44:19 - Tables created successfully
2026-01-06 15:44:19 - Tables created successfully
2026-01-06 15:44:19 - Tables created successfully
2026-01-06 15:44:19 - Tables created successfully
2026-01-06 15:44:19 - Tables created successfully
2026-01-06 15:44:19 - Tables created successfully
2026-01-06 15:44:19 - Tables created successfully
2026-01-06 15:44:19 - Tables created successfully
2026-01-06 15:44:19 - Tables created successfully
2026-01-06 15:44:19 - Tables created successfully
2026-01-06 15:44:19 - Tables created successfully
2026-01-06 15:44:19 - Tables created successfully
2026-01-06 15:44:19 - Tables created successfully
2026-01-06 15:44:19 - Tables created successfully
2026-01-06 15:44:19 - Tables created successfully
2026-01-06 15:44:19 - Tables created successfully
2026-01-06 15:44:19 - Tables created successfully
2026-01-06 15:44:19 - Tables created successfully
2026-01-06 15:44:19 - Tables created successfully
2026-01-06 15:44:24 - Tables created successfully
2026-01-06 15:44:24 - Tables created successfully
2026-01-06 15:44:26 - Tables created successfully
2026-01-06 15:45:07 - Tables created successfully
2026-01-06 15:45:07 - Tables created successfully
2026-01-06 15:45:08 - Tables created successfully
2026-01-06 15:45:09 - Tables created successfully
2026-01-06 15:45:09 - Tables created successfully
2026-01-06 15:45:09 - Tables created successfully
2026-01-06 15:45:09 - Tables created successfully
2026-01-06 15:45:10 - Tables created successfully
2026-01-06 15:45:11 - Tables created successfully
2026-01-06 15:45:11 - Tables created successfully
2026-01-06 15:45:11 - Tables created successfully
2026-01-06 15:45:12 - Tables created successfully
2026-01-06 15:45:12 - Tables created successfully
2026-01-06 15:45:12 - Tables created successfully
2026-01-06 15:45:29 - Tables created successfully
2026-01-06 15:45:30 - Tables created successfully
2026-01-06 15:45:30 - Tables created successfully
2026-01-06 15:45:30 - Tables created successfully
2026-01-06 15:45:30 - Tables created successfully
2026-01-06 15:45:30 - Tables created successfully
2026-01-06 15:45:48 - Tables created successfully
2026-01-06 15:45:49 - Tables created successfully
2026-01-06 15:47:48 - Tables created successfully
2026-01-06 15:47:50 - Tables created successfully
2026-01-06 15:47:52 - Tables created successfully
2026-01-06 15:48:29 - Tables created successfully
2026-01-06 15:48:30 - Tables created successfully
2026-01-06 15:48:31 - Tables created successfully
2026-01-06 15:48:32 - Tables created successfully
2026-01-06 15:48:32 - Tables created successfully
2026-01-06 15:48:33 - Tables created successfully
2026-01-06 15:48:34 - Tables created successfully
2026-01-06 15:48:36 - Tables created successfully
2026-01-06 15:48:43 - Tables created successfully
2026-01-06 15:49:13 - Tables created successfully
2026-01-06 15:51:17 - Tables created successfully
2026-01-06 15:51:18 - Tables created successfully
2026-01-06 15:51:18 - Tables created successfully
2026-01-06 15:51:18 - Tables created successfully
2026-01-06 15:51:20 - Tables created successfully
2026-01-06 15:51:23 - Tables created successfully
2026-01-06 15:51:24 - Tables created successfully
2026-01-06 15:51:26 - Tables created successfully
2026-01-06 15:53:01 - Tables created successfully
2026-01-06 15:53:03 - Tables created successfully
2026-01-06 15:53:03 - Tables created successfully
2026-01-06 15:53:05 - Tables created successfully
2026-01-06 15:53:22 - Tables created successfully
2026-01-06 15:53:24 - Tables created successfully
2026-01-06 20:27:54 - Tables created successfully
2026-01-06 20:28:08 - Tables created successfully
2026-01-06 20:28:12 - Tables created successfully
2026-01-06 20:28:12 - Tables created successfully
2026-01-06 20:28:34 - Tables created successfully
2026-01-06 20:28:39 - Tables created successfully
2026-01-06 20:28:39 - Tables created successfully
2026-01-06 20:29:28 - Tables created successfully
2026-01-06 20:29:28 - Tables created successfully
2026-01-06 20:29:30 - Tables created successfully
2026-01-06 20:29:42 - Tables created successfully
2026-01-06 20:29:43 - Tables created successfully
2026-01-06 20:29:43 - Tables created successfully
2026-01-06 20:30:23 - Tables created successfully
2026-01-06 20:30:27 - Tables created successfully
2026-01-06 20:30:27 - Tables created successfully
2026-01-06 20:30:28 - Tables created successfully
2026-01-06 20:30:30 - Tables created successfully
2026-01-06 20:30:32 - Tables created successfully
2026-01-06 20:30:47 - Tables created successfully
2026-01-06 20:30:56 - Tables created successfully
2026-01-06 20:30:57 - Tables created successfully
2026-01-06 20:30:57 - Tables created successfully
2026-01-06 20:30:57 - Tables created successfully
2026-01-06 20:30:58 - Tables created successfully
2026-01-06 20:31:05 - Tables created successfully
2026-01-06 20:31:09 - Tables created successfully
2026-01-06 20:31:09 - Tables created successfully
2026-01-06 20:31:10 - Tables created successfully
2026-01-06 20:31:13 - Tables created successfully
2026-01-06 20:31:15 - Tables created successfully
2026-01-06 20:33:19 - Tables created successfully
2026-01-06 20:33:20 - Tables created successfully
2026-01-06 20:33:26 - Tables created successfully
2026-01-06 20:33:30 - Tables created successfully
2026-01-06 20:33:30 - Tables created successfully
2026-01-06 20:33:51 - Tables created successfully
2026-01-06 20:33:51 - Tables created successfully
2026-01-06 20:34:05 - Tables created successfully
2026-01-06 20:34:05 - Tables created successfully
2026-01-06 20:34:06 - Tables created successfully
2026-01-06 20:34:15 - Tables created successfully
2026-01-06 20:34:19 - Tables created successfully
2026-01-06 20:34:19 - Tables created successfully
2026-01-06 20:38:18 - Tables created successfully
2026-01-06 20:38:19 - Tables created successfully
2026-01-06 20:38:19 - Tables created successfully
2026-01-06 20:38:20 - Tables created successfully
2026-01-06 20:38:29 - Tables created successfully
2026-01-06 20:38:33 - Tables created successfully
2026-01-06 20:38:33 - Tables created successfully
2026-01-06 20:38:35 - Tables created successfully
2026-01-06 20:38:40 - Tables created successfully
2026-01-06 20:38:42 - Tables created successfully
2026-01-06 20:38:59 - Tables created successfully
2026-01-06 20:39:11 - Tables created successfully
2026-01-06 20:39:15 - Tables created successfully
2026-01-06 20:39:15 - Tables created successfully
2026-01-06 20:39:20 - Tables created successfully
2026-01-06 20:39:23 - Tables created successfully
2026-01-06 20:39:25 - Tables created successfully
2026-01-06 20:39:36 - Tables created successfully
2026-01-06 20:42:32 - Tables created successfully
2026-01-06 20:42:34 - Tables created successfully
2026-01-06 20:42:46 - Tables created successfully
2026-01-06 20:42:51 - Tables created successfully
2026-01-06 20:42:51 - Tables created successfully
2026-01-06 20:43:02 - Tables created successfully
2026-01-06 20:43:02 - Tables created successfully
2026-01-06 20:43:02 - Tables created successfully
2026-01-06 20:43:04 - Tables created successfully
2026-01-06 20:43:05 - Tables created successfully
2026-01-06 20:43:14 - Tables created successfully
2026-01-06 20:43:18 - Tables created successfully
2026-01-06 20:43:18 - Tables created successfully
2026-01-06 20:44:56 - Tables created successfully
2026-01-06 20:45:10 - Tables created successfully
2026-01-06 20:45:10 - Tables created successfully
2026-01-06 20:45:11 - Tables created successfully
2026-01-06 20:45:11 - Tables created successfully
2026-01-06 20:45:12 - Tables created successfully
2026-01-06 20:45:24 - Tables created successfully
2026-01-06 20:45:28 - Tables created successfully
2026-01-06 20:45:28 - Tables created successfully
2026-01-06 20:45:32 - Tables created successfully
2026-01-06 20:45:32 - Tables created successfully
2026-01-06 20:45:34 - Tables created successfully
2026-01-06 20:45:58 - Tables created successfully
2026-01-06 20:46:12 - Tables created successfully
2026-01-06 20:46:16 - Tables created successfully
2026-01-06 20:46:16 - Tables created successfully
2026-01-06 20:47:27 - Tables created successfully
2026-01-06 20:47:27 - Tables created successfully
2026-01-06 20:47:44 - Tables created successfully
2026-01-06 20:48:03 - Tables created successfully
2026-01-06 20:48:04 - Tables created successfully
2026-01-06 20:48:04 - Tables created successfully
2026-01-06 20:48:11 - Tables created successfully
2026-01-06 20:48:11 - Tables created successfully
2026-01-06 20:48:13 - Tables created successfully
2026-01-06 20:49:38 - Tables created successfully
2026-01-06 20:49:39 - Tables created successfully
2026-01-06 20:49:39 - Tables created successfully
2026-01-06 20:49:39 - Tables created successfully
2026-01-06 20:49:39 - Tables created successfully
2026-01-06 20:49:40 - Tables created successfully
2026-01-06 20:49:40 - Tables created successfully
2026-01-06 20:49:40 - Tables created successfully
2026-01-06 20:49:40 - Tables created successfully
2026-01-06 20:49:40 - Tables created successfully
2026-01-06 20:49:40 - Tables created successfully
2026-01-06 20:49:41 - Tables created successfully
2026-01-06 20:50:47 - Tables created successfully
2026-01-06 20:50:47 - Tables created successfully
2026-01-06 20:50:55 - Tables created successfully
2026-01-06 20:50:55 - Tables created successfully
2026-01-06 20:51:10 - Tables created successfully
2026-01-06 20:51:12 - Tables created successfully
2026-01-06 20:51:13 - Tables created successfully
2026-01-06 20:51:15 - Tables created successfully
2026-01-06 20:51:25 - Tables created successfully
2026-01-06 20:51:45 - Tables created successfully
2026-01-06 20:51:46 - Tables created successfully
2026-01-06 20:51:48 - Tables created successfully
2026-01-06 20:51:57 - Tables created successfully
2026-01-06 20:52:05 - Tables created successfully
2026-01-06 20:52:06 - Tables created successfully
2026-01-06 20:52:11 - Tables created successfully
2026-01-06 20:52:12 - Tables created successfully
2026-01-06 20:52:28 - Tables created successfully
2026-01-06 20:52:31 - Tables created successfully
2026-01-06 20:52:33 - Tables created successfully
2026-01-06 20:53:53 - Tables created successfully
2026-01-06 20:53:54 - Tables created successfully
2026-01-06 20:53:55 - Tables created successfully
2026-01-06 20:53:57 - Tables created successfully
2026-01-06 20:54:04 - Tables created successfully
2026-01-06 20:54:06 - Tables created successfully
2026-01-06 20:54:06 - Tables created successfully
2026-01-06 20:54:10 - Tables created successfully
2026-01-06 20:54:13 - Tables created successfully
2026-01-06 20:54:48 - Tables created successfully
2026-01-06 20:54:51 - Tables created successfully
2026-01-06 20:55:50 - Tables created successfully
2026-01-06 20:56:01 - Tables created successfully
2026-01-06 20:56:04 - Tables created successfully
2026-01-06 20:56:07 - Tables created successfully
2026-01-06 20:56:08 - Tables created successfully
2026-01-06 21:06:43 - Tables created successfully
2026-01-06 21:06:51 - Tables created successfully
2026-01-06 21:06:54 - Tables created successfully
2026-01-06 21:06:54 - Tables created successfully
2026-01-06 21:07:01 - Tables created successfully
2026-01-06 21:07:01 - Tables created successfully
2026-01-06 21:07:02 - Tables created successfully
2026-01-06 21:07:05 - Tables created successfully
2026-01-06 21:07:06 - Tables created successfully
2026-01-06 21:07:08 - Tables created successfully
2026-01-06 21:07:10 - Tables created successfully
2026-01-06 21:07:37 - Tables created successfully
2026-01-06 21:07:57 - Tables created successfully
2026-01-06 21:08:04 - Tables created successfully
2026-01-06 21:08:08 - Tables created successfully
2026-01-06 21:08:08 - Tables created successfully
2026-01-06 21:08:10 - Tables created successfully
2026-01-06 21:08:11 - Tables created successfully
2026-01-06 21:08:13 - Tables created successfully
2026-01-06 21:09:20 - Tables created successfully
2026-01-06 21:14:21 - Tables created successfully
2026-01-06 21:17:24 - Tables created successfully
2026-01-06 21:17:24 - Tables created successfully
2026-01-06 21:17:38 - Tables created successfully
2026-01-06 21:18:18 - Tables created successfully
2026-01-06 21:18:20 - Tables created successfully
2026-01-06 21:18:21 - Tables created successfully
2026-01-06 21:18:23 - Tables created successfully
2026-01-06 21:18:24 - Tables created successfully
2026-01-06 21:18:26 - Tables created successfully
2026-01-06 21:18:31 - Tables created successfully
2026-01-06 21:18:33 - Tables created successfully
2026-01-06 21:18:42 - Tables created successfully
2026-01-06 21:18:46 - Tables created successfully
2026-01-06 21:18:46 - Tables created successfully
2026-01-06 21:18:46 - Tables created successfully
2026-01-06 21:18:46 - Tables created successfully
2026-01-06 21:18:46 - Tables created successfully
2026-01-06 21:18:46 - Tables created successfully
2026-01-06 21:18:46 - Tables created successfully
2026-01-06 21:18:46 - Tables created successfully
2026-01-06 21:18:46 - Tables created successfully
2026-01-06 21:18:46 - Tables created successfully
2026-01-06 21:18:46 - Tables created successfully
2026-01-06 21:18:46 - Tables created successfully
2026-01-06 21:18:46 - Tables created successfully
2026-01-06 21:18:46 - Tables created successfully
2026-01-06 21:18:46 - Tables created successfully
2026-01-06 21:18:46 - Tables created successfully
2026-01-06 21:18:46 - Tables created successfully
2026-01-06 21:18:46 - Tables created successfully
2026-01-06 21:18:46 - Tables created successfully
2026-01-06 21:18:46 - Tables created successfully
2026-01-06 21:18:47 - Tables created successfully
2026-01-06 21:18:47 - Tables created successfully
2026-01-06 21:18:47 - Tables created successfully
2026-01-06 21:18:47 - Tables created successfully
2026-01-06 21:18:47 - Tables created successfully
2026-01-06 21:18:47 - Tables created successfully
2026-01-06 21:18:47 - Tables created successfully
2026-01-06 21:18:48 - Tables created successfully
2026-01-06 21:18:48 - Tables created successfully
2026-01-06 21:18:48 - Tables created successfully
2026-01-06 21:18:48 - Tables created successfully
2026-01-06 21:18:48 - Tables created successfully
2026-01-06 21:18:48 - Tables created successfully
2026-01-06 21:18:48 - Tables created successfully
2026-01-06 21:18:48 - Tables created successfully
2026-01-06 21:18:48 - Tables created successfully
2026-01-06 21:18:48 - Tables created successfully
2026-01-06 21:18:48 - Tables created successfully
2026-01-06 21:18:48 - Tables created successfully
2026-01-06 21:18:48 - Tables created successfully
2026-01-06 21:18:53 - Tables created successfully
2026-01-06 21:18:53 - Tables created successfully
2026-01-06 21:18:53 - Tables created successfully
2026-01-06 21:18:53 - Tables created successfully
2026-01-06 21:18:53 - Tables created successfully
2026-01-06 21:18:53 - Tables created successfully
2026-01-06 21:18:53 - Tables created successfully
2026-01-06 21:18:53 - Tables created successfully
2026-01-06 21:18:53 - Tables created successfully
2026-01-06 21:18:53 - Tables created successfully
2026-01-06 21:18:53 - Tables created successfully
2026-01-06 21:18:53 - Tables created successfully
2026-01-06 21:18:53 - Tables created successfully
2026-01-06 21:18:53 - Tables created successfully
2026-01-06 21:18:53 - Tables created successfully
2026-01-06 21:18:53 - Tables created successfully
2026-01-06 21:18:53 - Tables created successfully
2026-01-06 21:18:53 - Tables created successfully
2026-01-06 21:18:53 - Tables created successfully
2026-01-06 21:18:53 - Tables created successfully
2026-01-06 21:18:59 - Tables created successfully
2026-01-06 21:19:01 - Tables created successfully
2026-01-06 21:19:01 - Tables created successfully
2026-01-06 21:19:01 - Tables created successfully
2026-01-06 21:19:02 - Tables created successfully
2026-01-06 21:19:02 - Tables created successfully
2026-01-06 21:19:02 - Tables created successfully
2026-01-06 21:19:04 - Tables created successfully
2026-01-06 21:19:07 - Tables created successfully
2026-01-06 21:19:09 - Tables created successfully
2026-01-06 21:19:11 - Tables created successfully
2026-01-06 21:21:19 - Tables created successfully
2026-01-06 21:21:21 - Tables created successfully
2026-01-06 21:25:15 - Tables created successfully
2026-01-06 21:25:53 - Tables created successfully
2026-01-06 21:25:54 - Tables created successfully
2026-01-06 21:25:56 - Tables created successfully
2026-01-06 21:25:56 - Tables created successfully
2026-01-06 21:25:59 - Tables created successfully
2026-01-06 21:26:00 - Tables created successfully
2026-01-06 21:26:00 - Tables created successfully
2026-01-06 21:26:00 - Tables created successfully
2026-01-06 21:26:02 - Tables created successfully
2026-01-06 21:26:03 - Tables created successfully
2026-01-06 21:26:03 - Tables created successfully
2026-01-06 21:26:03 - Tables created successfully
2026-01-06 21:26:05 - Tables created successfully
2026-01-06 21:26:11 - Tables created successfully
2026-01-06 21:26:11 - Tables created successfully
2026-01-06 21:26:11 - Tables created successfully
2026-01-06 21:26:11 - Tables created successfully
2026-01-06 21:26:11 - Tables created successfully
2026-01-06 21:26:13 - Tables created successfully
2026-01-06 21:26:14 - Tables created successfully
2026-01-06 21:26:14 - Tables created successfully
2026-01-06 21:26:14 - Tables created successfully
2026-01-06 21:26:19 - Tables created successfully
2026-01-06 21:26:19 - Tables created successfully
2026-01-06 21:26:20 - Tables created successfully
2026-01-06 21:26:20 - Tables created successfully
2026-01-06 21:26:21 - Tables created successfully
2026-01-06 21:26:21 - Tables created successfully
2026-01-06 21:26:22 - Tables created successfully
2026-01-06 21:26:22 - Tables created successfully
2026-01-06 21:26:23 - Tables created successfully
2026-01-06 21:26:23 - Tables created successfully
2026-01-06 21:26:23 - Tables created successfully
2026-01-06 21:26:23 - Tables created successfully
2026-01-06 21:26:24 - Tables created successfully
2026-01-06 21:26:26 - Tables created successfully
2026-01-06 21:26:31 - Tables created successfully
2026-01-06 21:26:31 - Tables created successfully
2026-01-06 21:26:31 - Tables created successfully
2026-01-06 21:26:33 - Tables created successfully
2026-01-06 21:26:33 - Tables created successfully
2026-01-06 21:26:34 - Tables created successfully
2026-01-06 21:26:34 - Tables created successfully
2026-01-06 21:26:34 - Tables created successfully
2026-01-06 21:26:34 - Tables created successfully
2026-01-06 21:26:34 - Tables created successfully
2026-01-06 21:26:34 - Tables created successfully
2026-01-06 21:26:34 - Tables created successfully
2026-01-06 21:26:53 - Tables created successfully
2026-01-06 21:26:53 - Tables created successfully
2026-01-06 21:26:54 - Tables created successfully
2026-01-06 21:26:54 - Tables created successfully
2026-01-06 21:26:55 - Tables created successfully
2026-01-06 21:26:55 - Tables created successfully
2026-01-06 21:26:55 - Tables created successfully
2026-01-06 21:26:56 - Tables created successfully
2026-01-06 21:26:57 - Tables created successfully
2026-01-06 21:26:57 - Tables created successfully
2026-01-06 21:26:57 - Tables created successfully
2026-01-06 21:27:12 - Tables created successfully
2026-01-06 21:27:14 - Tables created successfully
2026-01-06 21:27:14 - Tables created successfully
2026-01-06 21:27:14 - Tables created successfully
2026-01-06 21:27:15 - Tables created successfully
2026-01-06 21:27:21 - Tables created successfully
2026-01-06 21:27:21 - Tables created successfully
2026-01-06 21:27:52 - Tables created successfully
2026-01-06 21:28:47 - Tables created successfully
2026-01-06 21:29:22 - Tables created successfully
2026-01-06 21:29:31 - Tables created successfully
2026-01-06 21:29:34 - Tables created successfully
2026-01-06 21:29:34 - Tables created successfully
2026-01-06 21:31:33 - Tables created successfully
2026-01-06 21:31:34 - Tables created successfully
2026-01-06 21:31:36 - Tables created successfully
2026-01-06 21:31:38 - Tables created successfully
2026-01-06 21:32:00 - Tables created successfully
2026-01-06 21:32:14 - Tables created successfully
2026-01-06 21:32:14 - Tables created successfully
2026-01-06 21:32:18 - Tables created successfully
2026-01-06 21:32:20 - Tables created successfully
2026-01-06 21:32:24 - Tables created successfully
2026-01-06 21:32:24 - Tables created successfully
2026-01-06 21:32:24 - Tables created successfully
2026-01-06 21:32:27 - Tables created successfully
2026-01-06 21:32:28 - Tables created successfully
2026-01-06 21:32:28 - Tables created successfully
2026-01-06 21:32:28 - Tables created successfully
2026-01-06 21:32:30 - Tables created successfully
2026-01-06 21:32:31 - Tables created successfully
2026-01-06 21:32:31 - Tables created successfully
2026-01-06 21:32:31 - Tables created successfully
2026-01-06 21:32:46 - Tables created successfully
2026-01-06 21:32:48 - Tables created successfully
2026-01-06 21:32:48 - Tables created successfully
2026-01-06 21:32:50 - Tables created successfully
2026-01-06 21:32:50 - Tables created successfully
2026-01-06 21:32:50 - Tables created successfully
2026-01-06 21:32:51 - Tables created successfully
2026-01-06 21:32:58 - Tables created successfully
2026-01-06 21:33:15 - Tables created successfully
2026-01-06 21:33:15 - Tables created successfully
2026-01-06 21:33:16 - Tables created successfully
2026-01-06 21:33:18 - Tables created successfully
2026-01-06 21:33:18 - Tables created successfully
2026-01-06 21:33:18 - Tables created successfully
2026-01-06 21:33:24 - Tables created successfully
2026-01-06 21:35:23 - Tables created successfully
2026-01-06 21:35:24 - Tables created successfully
2026-01-06 21:35:25 - Tables created successfully
2026-01-06 21:35:25 - Tables created successfully
2026-01-06 21:35:25 - Tables created successfully
2026-01-06 21:35:25 - Tables created successfully
2026-01-06 21:35:27 - Tables created successfully
2026-01-06 21:35:42 - Tables created successfully
2026-01-06 21:35:45 - Tables created successfully
2026-01-06 21:35:45 - Tables created successfully
2026-01-06 21:35:45 - Tables created successfully
2026-01-06 21:35:45 - Tables created successfully
2026-01-06 21:36:06 - Tables created successfully
2026-01-06 21:36:06 - Tables created successfully
2026-01-06 21:36:08 - Tables created successfully
2026-01-06 21:36:08 - Tables created successfully
2026-01-06 21:36:08 - Tables created successfully
2026-01-06 21:36:09 - Tables created successfully
2026-01-06 21:37:02 - Tables created successfully
2026-01-06 21:37:02 - Tables created successfully
2026-01-06 21:37:03 - Tables created successfully
2026-01-06 21:37:03 - Tables created successfully
2026-01-06 21:37:03 - Tables created successfully
2026-01-06 21:37:03 - Tables created successfully
2026-01-06 21:37:03 - Tables created successfully
2026-01-06 21:37:03 - Tables created successfully
2026-01-06 21:37:04 - Tables created successfully
2026-01-06 21:37:04 - Tables created successfully
2026-01-06 21:37:04 - Tables created successfully
2026-01-06 21:37:04 - Tables created successfully
2026-01-06 21:37:05 - Tables created successfully
2026-01-06 21:37:07 - Tables created successfully
2026-01-06 21:37:09 - Tables created successfully
2026-01-06 21:37:10 - Tables created successfully
2026-01-06 21:37:10 - Tables created successfully
2026-01-06 21:37:10 - Tables created successfully
2026-01-06 21:37:13 - Tables created successfully
2026-01-06 21:37:14 - Tables created successfully
2026-01-06 21:37:14 - Tables created successfully
2026-01-06 21:37:14 - Tables created successfully
2026-01-06 21:38:06 - Tables created successfully
2026-01-06 21:38:07 - Tables created successfully
2026-01-06 21:38:08 - Tables created successfully
2026-01-06 21:38:10 - Tables created successfully
2026-01-06 21:38:35 - Tables created successfully
2026-01-06 21:38:46 - Tables created successfully
2026-01-06 21:38:49 - Tables created successfully
2026-01-06 21:38:50 - Tables created successfully
2026-01-06 21:38:51 - Tables created successfully
2026-01-06 21:38:55 - Tables created successfully
2026-01-06 21:38:57 - Tables created successfully
2026-01-06 21:54:37 - Tables created successfully
2026-01-06 21:54:39 - Tables created successfully
2026-01-06 21:54:47 - Tables created successfully
2026-01-06 21:55:03 - Tables created successfully
2026-01-06 21:55:15 - Tables created successfully
2026-01-06 21:55:22 - Tables created successfully
2026-01-06 21:55:22 - Tables created successfully
2026-01-06 21:55:24 - Tables created successfully
2026-01-06 21:55:26 - Tables created successfully
2026-01-06 21:55:28 - Tables created successfully
2026-01-06 21:56:24 - Tables created successfully
2026-01-06 21:56:24 - Tables created successfully
2026-01-06 21:56:26 - Tables created successfully
2026-01-06 21:58:40 - Tables created successfully
2026-01-06 21:58:40 - Tables created successfully
2026-01-06 21:58:40 - Tables created successfully
2026-01-06 21:58:40 - Tables created successfully
2026-01-06 21:58:43 - Tables created successfully
2026-01-06 21:58:44 - Tables created successfully
2026-01-06 21:58:44 - Tables created successfully
2026-01-06 21:58:44 - Tables created successfully
2026-01-06 21:58:44 - Tables created successfully
2026-01-06 21:58:44 - Tables created successfully
2026-01-06 21:58:44 - Tables created successfully
2026-01-06 21:59:27 - Tables created successfully
2026-01-06 21:59:29 - Tables created successfully
2026-01-06 21:59:30 - Tables created successfully
2026-01-06 21:59:32 - Tables created successfully
2026-01-06 21:59:48 - Tables created successfully
2026-01-06 21:59:50 - Tables created successfully
2026-01-06 22:00:09 - Tables created successfully
2026-01-06 22:00:10 - Tables created successfully
2026-01-06 22:00:12 - Tables created successfully
2026-01-06 22:05:25 - Tables created successfully
2026-01-06 22:05:27 - Tables created successfully
2026-01-06 22:05:30 - Tables created successfully
2026-01-06 22:05:32 - Tables created successfully
2026-01-06 22:05:32 - Tables created successfully
2026-01-06 22:05:33 - Tables created successfully
2026-01-06 22:05:33 - Tables created successfully
2026-01-06 22:05:33 - Tables created successfully
2026-01-06 22:05:34 - Tables created successfully
2026-01-06 22:06:30 - Tables created successfully
2026-01-06 22:08:37 - Tables created successfully
2026-01-06 22:08:37 - Tables created successfully
2026-01-06 22:08:43 - Tables created successfully
2026-01-06 22:08:54 - Tables created successfully
2026-01-06 22:08:54 - Tables created successfully
2026-01-06 22:08:54 - Tables created successfully
2026-01-06 22:09:24 - Tables created successfully
2026-01-06 22:09:25 - Tables created successfully
2026-01-06 22:09:27 - Tables created successfully
2026-01-06 22:09:37 - Tables created successfully
2026-01-06 22:09:37 - Tables created successfully
2026-01-06 22:09:41 - Tables created successfully
2026-01-06 22:09:42 - Tables created successfully
2026-01-06 22:09:44 - Tables created successfully
2026-01-06 22:10:14 - Tables created successfully
2026-01-06 22:10:22 - Tables created successfully
2026-01-06 22:10:22 - Tables created successfully
2026-01-06 22:10:28 - Tables created successfully
2026-01-06 22:10:30 - Tables created successfully
2026-01-06 22:10:32 - Tables created successfully
2026-01-06 22:10:54 - Tables created successfully
2026-01-06 22:11:03 - Tables created successfully
2026-01-06 22:11:07 - Tables created successfully
2026-01-06 22:11:07 - Tables created successfully
2026-01-06 22:11:09 - Tables created successfully
2026-01-06 22:11:09 - Tables created successfully
2026-01-06 22:11:11 - Tables created successfully
2026-01-06 22:11:13 - Tables created successfully
2026-01-06 22:18:11 - Tables created successfully
2026-01-06 22:18:13 - Tables created successfully
2026-01-06 22:19:15 - Tables created successfully
2026-01-06 22:19:17 - Tables created successfully
2026-01-06 22:19:55 - Tables created successfully
2026-01-06 22:19:58 - Tables created successfully
2026-01-06 22:21:32 - Tables created successfully
2026-01-06 22:21:34 - Tables created successfully
2026-01-06 22:22:45 - Tables created successfully
2026-01-06 22:22:47 - Tables created successfully
2026-01-06 22:23:08 - Tables created successfully
2026-01-06 22:23:18 - Tables created successfully
2026-01-06 22:23:18 - Tables created successfully
2026-01-06 22:23:21 - Tables created successfully
2026-01-06 22:23:24 - Tables created successfully
2026-01-06 22:23:26 - Tables created successfully
2026-01-06 22:23:41 - Tables created successfully
2026-01-06 22:23:49 - Tables created successfully
2026-01-06 22:23:49 - Tables created successfully
2026-01-06 22:23:51 - Tables created successfully
2026-01-06 22:23:53 - Tables created successfully
2026-01-06 22:23:55 - Tables created successfully
2026-01-06 22:24:29 - Tables created successfully
2026-01-06 22:24:51 - Tables created successfully
2026-01-06 22:26:40 - Tables created successfully
2026-01-06 22:26:40 - Form submission started - Array
(
    [fullName] => NEW
    [nameWithInitials] => N NEW
    [nicNo] => 998877155413V
    [telNo] => 0786654321
    [dob] => 2007-12-30
    [email] => new@gmail.com
    [address] => new  a
    [occupation] => SAD
    [employerName] => Kasun Dilshan
    [beneficiaryName] => Array
        (
            [0] => qq
        )

    [beneficiaryNIC] => Array
        (
            [0] => 200130144132
        )

    [beneficiaryPercentage] => Array
        (
            [0] => 100
        )

    [years] => 2
    [investmentAmount] => 12211
    [investmentType] => carbon_credits
    [signingDate] => 2026-01-06
    [accountNo] => 111212
    [bank] => PEOPLES BANK
    [branch] => COLOMBO
    [declaration] => accepted
    [declarationDate] => 2026-01-06
)

2026-01-06 22:26:40 - Files received - Array
(
    [signatureUpload] => Array
        (
            [name] => ID_1 (3).pdf
            [type] => application/pdf
            [tmp_name] => C:\xampp\tmp\php153C.tmp
            [error] => 0
            [size] => 149739
        )

    [investorId] => Array
        (
            [name] => ID_1.pdf
            [type] => application/pdf
            [tmp_name] => C:\xampp\tmp\php153D.tmp
            [error] => 0
            [size] => 149739
        )

    [beneficiaryId] => Array
        (
            [name] => ID_1 (3).pdf
            [type] => application/pdf
            [tmp_name] => C:\xampp\tmp\php153E.tmp
            [error] => 0
            [size] => 149739
        )

    [passbook] => Array
        (
            [name] => ID_1 (2).pdf
            [type] => application/pdf
            [tmp_name] => C:\xampp\tmp\php154F.tmp
            [error] => 0
            [size] => 149739
        )

    [paymentSlip] => Array
        (
            [name] => ID_1 (2).pdf
            [type] => application/pdf
            [tmp_name] => C:\xampp\tmp\php1560.tmp
            [error] => 0
            [size] => 149739
        )

    [finalSignature] => Array
        (
            [name] => Bank_Slip_1.pdf
            [type] => application/pdf
            [tmp_name] => C:\xampp\tmp\php1561.tmp
            [error] => 0
            [size] => 150243
        )

)

2026-01-06 22:26:40 - POST request received
2026-01-06 22:26:40 - Processing form data - Array
(
    [fullName] => NEW
    [nameWithInitials] => N NEW
    [nicNo] => 998877155413V
    [telNo] => 0786654321
    [dob] => 2007-12-30
    [email] => new@gmail.com
    [address] => new  a
    [occupation] => SAD
    [employerName] => Kasun Dilshan
    [beneficiaryName] => Array
        (
            [0] => qq
        )

    [beneficiaryNIC] => Array
        (
            [0] => 200130144132
        )

    [beneficiaryPercentage] => Array
        (
            [0] => 100
        )

    [years] => 2
    [investmentAmount] => 12211
    [investmentType] => carbon_credits
    [signingDate] => 2026-01-06
    [accountNo] => 111212
    [bank] => PEOPLES BANK
    [branch] => COLOMBO
    [declaration] => accepted
    [declarationDate] => 2026-01-06
)

2026-01-06 22:26:40 - Attempting to upload file - Array
(
    [source] => C:\xampp\tmp\php153C.tmp
    [destination] => C:\xampp\htdocs\eco-wealth-portal/uploads/695d3ec8763bd_1767718600_ID_1__3_.pdf
    [file_size] => 149739
)

2026-01-06 22:26:40 - File uploaded successfully - 695d3ec8763bd_1767718600_ID_1__3_.pdf
2026-01-06 22:26:40 - Attempting to upload file - Array
(
    [source] => C:\xampp\tmp\php153D.tmp
    [destination] => C:\xampp\htdocs\eco-wealth-portal/uploads/695d3ec877da8_1767718600_ID_1.pdf
    [file_size] => 149739
)

2026-01-06 22:26:40 - File uploaded successfully - 695d3ec877da8_1767718600_ID_1.pdf
2026-01-06 22:26:40 - Attempting to upload file - Array
(
    [source] => C:\xampp\tmp\php153E.tmp
    [destination] => C:\xampp\htdocs\eco-wealth-portal/uploads/695d3ec87870c_1767718600_ID_1__3_.pdf
    [file_size] => 149739
)

2026-01-06 22:26:40 - File uploaded successfully - 695d3ec87870c_1767718600_ID_1__3_.pdf
2026-01-06 22:26:40 - Attempting to upload file - Array
(
    [source] => C:\xampp\tmp\php154F.tmp
    [destination] => C:\xampp\htdocs\eco-wealth-portal/uploads/695d3ec879594_1767718600_ID_1__2_.pdf
    [file_size] => 149739
)

2026-01-06 22:26:40 - File uploaded successfully - 695d3ec879594_1767718600_ID_1__2_.pdf
2026-01-06 22:26:40 - Attempting to upload file - Array
(
    [source] => C:\xampp\tmp\php1560.tmp
    [destination] => C:\xampp\htdocs\eco-wealth-portal/uploads/695d3ec87ab26_1767718600_ID_1__2_.pdf
    [file_size] => 149739
)

2026-01-06 22:26:40 - File uploaded successfully - 695d3ec87ab26_1767718600_ID_1__2_.pdf
2026-01-06 22:26:40 - Attempting to upload file - Array
(
    [source] => C:\xampp\tmp\php1561.tmp
    [destination] => C:\xampp\htdocs\eco-wealth-portal/uploads/695d3ec87c566_1767718600_Bank_Slip_1.pdf
    [file_size] => 150243
)

2026-01-06 22:26:40 - File uploaded successfully - 695d3ec87c566_1767718600_Bank_Slip_1.pdf
2026-01-06 22:26:40 - Investor inserted successfully - Array
(
    [id] => 17
)

2026-01-06 22:26:40 - Beneficiary inserted - Array
(
    [investor_id] => 17
    [name] => qq
)

2026-01-06 22:26:40 - Transaction committed successfully - Array
(
    [application_id] => 17
)

2026-01-06 22:26:42 - Email sending attempt - Array
(
    [sent] => 
    [to] => new@gmail.com
)

2026-01-06 22:26:42 - Redirecting to submit.php - Array
(
    [application_id] => 17
)

2026-01-06 22:26:42 - Tables created successfully
2026-01-06 22:26:51 - Tables created successfully
2026-01-06 22:26:58 - Tables created successfully
2026-01-06 22:26:58 - Tables created successfully
2026-01-06 22:27:00 - Tables created successfully
2026-01-06 22:27:01 - Tables created successfully
2026-01-06 22:27:04 - Tables created successfully
2026-01-06 22:29:05 - Tables created successfully
2026-01-06 22:29:15 - Tables created successfully
2026-01-06 22:29:20 - Tables created successfully
2026-01-06 22:29:20 - Tables created successfully
2026-01-06 22:29:25 - Tables created successfully
2026-01-06 22:29:26 - Tables created successfully
2026-01-06 22:29:28 - Tables created successfully
2026-01-06 22:29:31 - Tables created successfully
2026-01-06 22:29:50 - Tables created successfully
2026-01-06 22:30:06 - Tables created successfully
2026-01-06 22:30:10 - Tables created successfully
2026-01-06 22:30:11 - Tables created successfully
2026-01-06 22:30:18 - Tables created successfully
2026-01-06 22:30:18 - Tables created successfully
2026-01-06 22:30:21 - Tables created successfully
2026-01-06 22:30:21 - Tables created successfully
2026-01-06 22:30:23 - Tables created successfully
2026-01-06 22:30:36 - Tables created successfully
2026-01-06 22:33:53 - Tables created successfully
2026-01-06 22:33:56 - Tables created successfully
2026-01-06 22:35:16 - Tables created successfully
2026-01-06 22:35:21 - Tables created successfully
2026-01-06 22:35:21 - Tables created successfully
2026-01-06 22:35:44 - Tables created successfully
2026-01-06 22:35:45 - Tables created successfully
2026-01-06 22:35:45 - Tables created successfully
2026-01-06 22:35:45 - Tables created successfully
2026-01-06 22:35:46 - Tables created successfully
2026-01-06 22:35:46 - Tables created successfully
2026-01-06 22:35:46 - Tables created successfully
2026-01-06 22:35:46 - Tables created successfully
2026-01-06 22:35:46 - Tables created successfully
2026-01-06 22:35:47 - Tables created successfully
2026-01-06 22:35:47 - Tables created successfully
2026-01-06 22:35:47 - Tables created successfully
2026-01-06 22:35:47 - Tables created successfully
2026-01-06 22:35:48 - Tables created successfully
2026-01-06 22:36:10 - Tables created successfully
2026-01-06 22:36:12 - Tables created successfully
2026-01-06 22:36:20 - Tables created successfully
2026-01-06 22:36:21 - Tables created successfully
2026-01-06 22:36:23 - Tables created successfully
2026-01-06 22:38:28 - Tables created successfully
2026-01-06 22:38:34 - Tables created successfully
2026-01-06 22:38:36 - Tables created successfully
2026-01-06 22:38:36 - Tables created successfully
2026-01-06 22:38:39 - Tables created successfully
2026-01-06 22:38:41 - Tables created successfully
2026-01-06 22:50:52 - Tables created successfully
2026-01-06 22:50:53 - Tables created successfully
2026-01-06 22:50:53 - Tables created successfully
2026-01-06 22:50:54 - Tables created successfully
2026-01-06 22:50:54 - Tables created successfully
2026-01-06 22:50:56 - Tables created successfully
2026-01-07 08:51:02 - Tables created successfully
2026-01-07 08:51:05 - Tables created successfully
2026-01-07 08:51:05 - Tables created successfully
2026-01-07 08:51:06 - Tables created successfully
2026-01-07 08:51:06 - Tables created successfully
2026-01-07 08:51:16 - Tables created successfully
2026-01-07 08:51:20 - Tables created successfully
2026-01-07 08:51:20 - Tables created successfully
2026-01-07 08:51:40 - Tables created successfully
2026-01-07 08:51:41 - Tables created successfully
2026-01-07 08:51:41 - Tables created successfully
2026-01-07 08:51:42 - Tables created successfully
2026-01-07 08:51:42 - Tables created successfully
2026-01-07 08:51:44 - Tables created successfully
2026-01-07 08:51:45 - Tables created successfully
2026-01-07 08:51:54 - Tables created successfully
2026-01-07 08:51:59 - Tables created successfully
2026-01-07 08:51:59 - Tables created successfully
2026-01-07 08:52:02 - Tables created successfully
2026-01-07 08:52:04 - Tables created successfully
2026-01-07 08:52:04 - Tables created successfully
2026-01-07 08:52:05 - Tables created successfully
2026-01-07 08:52:08 - Tables created successfully
2026-01-07 08:52:45 - Tables created successfully
2026-01-07 08:52:49 - Tables created successfully
2026-01-07 08:52:51 - Tables created successfully
2026-01-07 08:52:52 - Tables created successfully
2026-01-07 08:52:54 - Tables created successfully
2026-01-07 08:53:19 - Tables created successfully
2026-01-07 08:53:19 - Tables created successfully
2026-01-07 08:53:26 - Tables created successfully
2026-01-07 08:53:40 - Tables created successfully
2026-01-07 08:58:41 - Tables created successfully
2026-01-07 09:03:42 - Tables created successfully
2026-01-07 09:08:43 - Tables created successfully
2026-01-07 09:13:44 - Tables created successfully
2026-01-07 09:18:45 - Tables created successfully
2026-01-07 09:23:46 - Tables created successfully
2026-01-07 09:28:47 - Tables created successfully
2026-01-07 09:33:48 - Tables created successfully
2026-01-07 09:37:46 - Tables created successfully
2026-01-07 09:38:37 - Tables created successfully
2026-01-07 09:38:45 - Tables created successfully
2026-01-07 09:38:45 - Tables created successfully
2026-01-07 09:38:56 - Tables created successfully
2026-01-07 09:38:56 - Tables created successfully
2026-01-07 09:38:57 - Tables created successfully
2026-01-07 09:38:57 - Tables created successfully
2026-01-07 09:38:58 - Tables created successfully
2026-01-07 09:38:59 - Tables created successfully
2026-01-07 09:38:59 - Tables created successfully
2026-01-07 09:39:00 - Tables created successfully
2026-01-07 09:39:00 - Tables created successfully
2026-01-07 09:39:01 - Tables created successfully
2026-01-07 09:39:01 - Tables created successfully
2026-01-07 09:39:01 - Tables created successfully
2026-01-07 09:39:03 - Tables created successfully
2026-01-07 09:39:12 - Tables created successfully
2026-01-07 09:39:16 - Tables created successfully
2026-01-07 09:39:16 - Tables created successfully
2026-01-07 09:39:23 - Tables created successfully
2026-01-07 09:39:51 - Tables created successfully
2026-01-07 09:39:58 - Tables created successfully
2026-01-07 09:40:01 - Tables created successfully
2026-01-07 09:40:03 - Tables created successfully
2026-01-07 09:40:56 - Tables created successfully
2026-01-07 09:40:56 - Tables created successfully
2026-01-07 09:41:17 - Tables created successfully
2026-01-07 09:41:28 - Tables created successfully
2026-01-07 09:41:28 - Tables created successfully
2026-01-07 09:41:37 - Tables created successfully
2026-01-07 09:41:47 - Tables created successfully
2026-01-07 09:41:47 - Tables created successfully
2026-01-07 09:41:59 - Tables created successfully
2026-01-07 09:42:38 - Tables created successfully
2026-01-07 09:43:33 - Tables created successfully
2026-01-07 09:44:23 - Tables created successfully
2026-01-07 09:44:23 - Tables created successfully
2026-01-07 09:44:23 - Tables created successfully
2026-01-07 09:44:37 - Tables created successfully
2026-01-07 09:44:37 - Tables created successfully
2026-01-07 09:44:44 - Tables created successfully
2026-01-07 09:44:53 - Tables created successfully
2026-01-07 09:45:02 - Tables created successfully
2026-01-07 09:45:10 - Tables created successfully
2026-01-07 09:45:18 - Tables created successfully
2026-01-07 09:45:18 - Tables created successfully
2026-01-07 09:45:44 - Tables created successfully
2026-01-07 09:45:53 - Tables created successfully
2026-01-07 09:46:18 - Tables created successfully
2026-01-07 09:46:27 - Tables created successfully
2026-01-07 09:46:40 - Tables created successfully
2026-01-07 09:46:45 - Tables created successfully
2026-01-07 09:46:45 - Tables created successfully
2026-01-07 09:47:38 - Tables created successfully
2026-01-07 09:47:38 - Tables created successfully
2026-01-07 09:48:15 - Tables created successfully
2026-01-07 09:48:43 - Tables created successfully
2026-01-07 09:48:43 - Tables created successfully
2026-01-07 09:48:56 - Tables created successfully
2026-01-07 09:49:06 - Tables created successfully
2026-01-07 09:50:54 - Tables created successfully
2026-01-07 09:50:54 - Tables created successfully
2026-01-07 09:51:54 - Tables created successfully
2026-01-07 09:51:54 - Tables created successfully
2026-01-07 09:51:55 - Tables created successfully
2026-01-07 09:51:57 - Tables created successfully
2026-01-07 09:51:57 - Tables created successfully
2026-01-07 09:51:57 - Tables created successfully
2026-01-07 09:52:03 - Tables created successfully
2026-01-07 09:52:06 - Tables created successfully
2026-01-07 09:52:07 - Tables created successfully
2026-01-07 09:52:08 - Tables created successfully
2026-01-07 09:52:08 - Tables created successfully
2026-01-07 09:52:08 - Tables created successfully
2026-01-07 09:52:10 - Tables created successfully
2026-01-07 09:52:11 - Tables created successfully
2026-01-07 09:52:12 - Tables created successfully
2026-01-07 09:52:12 - Tables created successfully
2026-01-07 09:52:13 - Tables created successfully
2026-01-07 09:52:13 - Tables created successfully
2026-01-07 09:52:14 - Tables created successfully
2026-01-07 09:52:22 - Tables created successfully
2026-01-07 09:52:23 - Tables created successfully
2026-01-07 09:52:49 - Tables created successfully
2026-01-07 09:52:49 - Tables created successfully
2026-01-07 09:52:50 - Tables created successfully
2026-01-07 09:52:51 - Tables created successfully
2026-01-07 09:52:52 - Tables created successfully
2026-01-07 09:52:52 - Tables created successfully
2026-01-07 09:52:52 - Tables created successfully
2026-01-07 09:52:52 - Tables created successfully
2026-01-07 09:52:52 - Tables created successfully
2026-01-07 09:52:52 - Tables created successfully
2026-01-07 09:52:53 - Tables created successfully
2026-01-07 09:52:53 - Tables created successfully
2026-01-07 09:52:53 - Tables created successfully
2026-01-07 09:52:53 - Tables created successfully
2026-01-07 09:52:54 - Tables created successfully
2026-01-07 09:52:54 - Tables created successfully
2026-01-07 09:52:54 - Tables created successfully
2026-01-07 09:52:54 - Tables created successfully
2026-01-07 09:52:54 - Tables created successfully
2026-01-07 09:52:54 - Tables created successfully
2026-01-07 09:52:54 - Tables created successfully
2026-01-07 09:52:54 - Tables created successfully
2026-01-07 09:52:54 - Tables created successfully
2026-01-07 09:52:55 - Tables created successfully
2026-01-07 09:52:55 - Tables created successfully
2026-01-07 09:52:55 - Tables created successfully
2026-01-07 09:52:55 - Tables created successfully
2026-01-07 09:52:55 - Tables created successfully
2026-01-07 09:52:55 - Tables created successfully
2026-01-07 09:52:55 - Tables created successfully
2026-01-07 09:52:55 - Tables created successfully
2026-01-07 09:52:55 - Tables created successfully
2026-01-07 09:52:55 - Tables created successfully
2026-01-07 09:52:55 - Tables created successfully
2026-01-07 09:52:55 - Tables created successfully
2026-01-07 09:52:56 - Tables created successfully
2026-01-07 09:52:56 - Tables created successfully
2026-01-07 09:52:56 - Tables created successfully
2026-01-07 09:52:56 - Tables created successfully
2026-01-07 09:52:56 - Tables created successfully
2026-01-07 09:52:56 - Tables created successfully
2026-01-07 09:52:58 - Tables created successfully
2026-01-07 09:52:59 - Tables created successfully
2026-01-07 09:52:59 - Tables created successfully
2026-01-07 09:52:59 - Tables created successfully
2026-01-07 09:53:00 - Tables created successfully
2026-01-07 09:53:00 - Tables created successfully
2026-01-07 09:53:01 - Tables created successfully
2026-01-07 09:53:01 - Tables created successfully
2026-01-07 09:53:01 - Tables created successfully
2026-01-07 09:53:01 - Tables created successfully
2026-01-07 09:53:01 - Tables created successfully
2026-01-07 09:53:01 - Tables created successfully
2026-01-07 09:53:03 - Tables created successfully
2026-01-07 09:53:03 - Tables created successfully
2026-01-07 09:53:03 - Tables created successfully
2026-01-07 09:53:04 - Tables created successfully
2026-01-07 09:53:06 - Tables created successfully
2026-01-07 09:53:23 - Tables created successfully
2026-01-07 09:53:24 - Tables created successfully
2026-01-07 09:53:26 - Tables created successfully
2026-01-07 09:53:28 - Tables created successfully
2026-01-07 09:54:51 - Tables created successfully
2026-01-07 09:54:53 - Tables created successfully
2026-01-07 09:56:32 - Tables created successfully
2026-01-07 09:56:47 - Tables created successfully
2026-01-07 09:57:02 - Tables created successfully
2026-01-07 09:57:32 - Tables created successfully
2026-01-07 10:02:32 - Tables created successfully
2026-01-07 10:05:15 - Tables created successfully
2026-01-07 10:05:15 - Tables created successfully
2026-01-07 10:05:15 - Tables created successfully
2026-01-07 10:05:42 - Tables created successfully
2026-01-07 10:06:32 - Tables created successfully
2026-01-07 10:07:08 - Tables created successfully
2026-01-07 10:07:08 - Tables created successfully
2026-01-07 10:08:27 - Tables created successfully
2026-01-07 10:08:37 - Tables created successfully
2026-01-07 10:08:43 - Tables created successfully
2026-01-07 10:08:45 - Tables created successfully
2026-01-07 10:08:50 - Tables created successfully
2026-01-07 10:09:19 - Tables created successfully
2026-01-07 10:09:19 - Tables created successfully
2026-01-07 10:09:19 - Tables created successfully
2026-01-07 10:09:47 - Tables created successfully
2026-01-07 10:10:26 - Tables created successfully
2026-01-07 10:11:50 - Tables created successfully
2026-01-07 10:11:51 - Tables created successfully
2026-01-07 10:11:51 - Tables created successfully
2026-01-07 10:11:51 - Tables created successfully
2026-01-07 10:11:52 - Tables created successfully
2026-01-07 10:11:54 - Tables created successfully
2026-01-07 10:11:55 - Tables created successfully
2026-01-07 10:11:58 - Tables created successfully
2026-01-07 10:11:58 - Tables created successfully
2026-01-07 10:12:01 - Tables created successfully
2026-01-07 10:12:03 - Tables created successfully
2026-01-07 10:12:03 - Tables created successfully
2026-01-07 10:12:05 - Tables created successfully
2026-01-07 10:13:22 - Tables created successfully
2026-01-07 10:13:22 - Tables created successfully
2026-01-07 10:13:22 - Tables created successfully
2026-01-07 10:13:24 - Tables created successfully
2026-01-07 10:13:25 - Tables created successfully
2026-01-07 10:13:25 - Tables created successfully
2026-01-07 10:13:25 - Tables created successfully
2026-01-07 10:13:25 - Tables created successfully
2026-01-07 10:13:33 - Tables created successfully
2026-01-07 10:13:33 - Tables created successfully
2026-01-07 10:13:33 - Tables created successfully
2026-01-07 10:13:34 - Tables created successfully
2026-01-07 10:13:48 - Tables created successfully
2026-01-07 10:13:56 - Tables created successfully
2026-01-07 10:13:56 - Tables created successfully
2026-01-07 10:15:06 - Tables created successfully
2026-01-07 10:15:10 - Tables created successfully
2026-01-07 10:15:42 - Tables created successfully
2026-01-07 10:15:42 - Tables created successfully
2026-01-07 10:15:48 - Tables created successfully
2026-01-07 10:15:56 - Tables created successfully
2026-01-07 10:16:00 - Tables created successfully
2026-01-07 10:16:00 - Tables created successfully
2026-01-07 10:19:07 - Tables created successfully
2026-01-07 10:20:00 - Tables created successfully
2026-01-07 10:20:15 - Tables created successfully
2026-01-07 10:20:16 - Tables created successfully
2026-01-07 10:20:49 - Tables created successfully
2026-01-07 10:20:49 - Tables created successfully
2026-01-07 10:21:32 - Tables created successfully
2026-01-07 10:22:09 - Tables created successfully
2026-01-07 10:23:03 - Tables created successfully
2026-01-07 10:23:17 - Tables created successfully
2026-01-07 10:23:17 - Tables created successfully
2026-01-07 10:23:17 - Tables created successfully
2026-01-07 10:24:14 - Tables created successfully
2026-01-07 10:24:15 - Tables created successfully
2026-01-07 10:24:15 - Tables created successfully
2026-01-07 10:24:28 - Tables created successfully
2026-01-07 10:24:28 - Tables created successfully
2026-01-07 10:25:22 - Tables created successfully
2026-01-07 10:25:22 - Tables created successfully
2026-01-07 10:26:04 - Tables created successfully
2026-01-07 10:26:36 - Tables created successfully
2026-01-07 10:26:36 - Tables created successfully
2026-01-07 10:27:20 - Tables created successfully
2026-01-07 10:27:20 - Tables created successfully
2026-01-07 10:27:52 - Tables created successfully
2026-01-07 10:28:04 - Tables created successfully
2026-01-07 10:28:15 - Tables created successfully
2026-01-07 10:28:15 - Tables created successfully
2026-01-07 10:28:42 - Tables created successfully
2026-01-07 10:28:42 - Tables created successfully
2026-01-07 10:29:01 - Tables created successfully
2026-01-07 10:29:11 - Tables created successfully
2026-01-07 10:29:12 - Tables created successfully
2026-01-07 10:29:20 - Tables created successfully
2026-01-07 10:30:05 - Tables created successfully
2026-01-07 10:30:19 - Tables created successfully
2026-01-07 10:31:01 - Tables created successfully
2026-01-07 10:31:06 - Tables created successfully
2026-01-07 10:31:06 - Tables created successfully
2026-01-07 10:31:08 - Tables created successfully
2026-01-07 10:31:11 - Tables created successfully
2026-01-07 10:31:11 - Tables created successfully
2026-01-07 10:31:11 - Tables created successfully
2026-01-07 10:31:53 - Tables created successfully
2026-01-07 10:32:13 - Tables created successfully
2026-01-07 10:32:13 - Tables created successfully
2026-01-07 10:32:28 - Tables created successfully
2026-01-07 10:32:28 - Tables created successfully
2026-01-07 10:32:28 - Tables created successfully
2026-01-07 10:32:28 - Tables created successfully
2026-01-07 10:32:29 - Tables created successfully
2026-01-07 10:32:29 - Tables created successfully
2026-01-07 10:32:29 - Tables created successfully
2026-01-07 10:32:29 - Tables created successfully
2026-01-07 10:33:04 - Tables created successfully
2026-01-07 10:33:04 - Tables created successfully
2026-01-07 10:33:21 - Tables created successfully
2026-01-07 10:33:31 - Tables created successfully
2026-01-07 10:33:46 - Tables created successfully
2026-01-07 10:34:10 - Tables created successfully
2026-01-07 10:34:10 - Tables created successfully
2026-01-07 10:35:08 - Tables created successfully
2026-01-07 10:35:41 - Tables created successfully
2026-01-07 10:35:42 - Tables created successfully
2026-01-07 10:35:42 - Tables created successfully
2026-01-07 10:35:42 - Tables created successfully
2026-01-07 10:35:59 - Tables created successfully
2026-01-07 10:36:04 - Tables created successfully
2026-01-07 10:36:40 - Tables created successfully
2026-01-07 10:36:40 - Tables created successfully
2026-01-07 10:38:17 - Tables created successfully
2026-01-07 10:38:17 - Tables created successfully
2026-01-07 10:39:06 - Tables created successfully
2026-01-07 10:39:56 - Tables created successfully
2026-01-07 10:40:08 - Tables created successfully
2026-01-07 10:40:09 - Tables created successfully
2026-01-07 10:40:48 - Tables created successfully
2026-01-07 10:40:50 - Tables created successfully
2026-01-07 10:40:50 - Tables created successfully
2026-01-07 10:40:51 - Tables created successfully
2026-01-07 10:41:15 - Tables created successfully
2026-01-07 10:41:15 - Tables created successfully
2026-01-07 10:41:16 - Tables created successfully
2026-01-07 10:41:16 - Tables created successfully
2026-01-07 10:41:40 - Tables created successfully
2026-01-07 10:41:41 - Tables created successfully
2026-01-07 10:41:42 - Tables created successfully
2026-01-07 10:41:42 - Tables created successfully
2026-01-07 10:41:42 - Tables created successfully
2026-01-07 10:41:43 - Tables created successfully
2026-01-07 10:41:43 - Tables created successfully
2026-01-07 10:41:43 - Tables created successfully
2026-01-07 10:41:43 - Tables created successfully
2026-01-07 10:41:43 - Tables created successfully
2026-01-07 10:41:43 - Tables created successfully
2026-01-07 10:41:44 - Tables created successfully
2026-01-07 10:41:44 - Tables created successfully
2026-01-07 10:41:45 - Tables created successfully
2026-01-07 10:41:46 - Tables created successfully
2026-01-07 10:42:43 - Tables created successfully
2026-01-07 10:43:37 - Tables created successfully
2026-01-07 10:43:38 - Tables created successfully
2026-01-07 10:43:38 - Tables created successfully
2026-01-07 10:44:10 - Tables created successfully
2026-01-07 10:44:23 - Tables created successfully
2026-01-07 10:44:34 - Tables created successfully
2026-01-07 10:44:34 - Tables created successfully
2026-01-07 10:44:49 - Tables created successfully
2026-01-07 10:45:31 - Tables created successfully
2026-01-07 10:45:37 - Tables created successfully
2026-01-07 10:45:44 - Tables created successfully
2026-01-07 10:45:44 - Tables created successfully
2026-01-07 10:46:15 - Tables created successfully
2026-01-07 10:46:22 - Tables created successfully
2026-01-07 10:46:27 - Tables created successfully
2026-01-07 10:46:27 - Tables created successfully
2026-01-07 10:46:33 - Tables created successfully
2026-01-07 10:46:34 - Tables created successfully
2026-01-07 10:46:35 - Tables created successfully
2026-01-07 10:46:35 - Tables created successfully
2026-01-07 10:46:36 - Tables created successfully
2026-01-07 10:46:36 - Tables created successfully
2026-01-07 10:46:38 - Tables created successfully
2026-01-07 10:46:43 - Tables created successfully
2026-01-07 10:47:35 - Tables created successfully
2026-01-07 10:48:14 - Tables created successfully
2026-01-07 10:48:35 - Tables created successfully
2026-01-07 10:49:40 - Tables created successfully
2026-01-07 10:49:48 - Tables created successfully
2026-01-07 10:49:52 - Tables created successfully
2026-01-07 10:49:52 - Tables created successfully
2026-01-07 10:50:07 - Tables created successfully
2026-01-07 10:50:08 - Tables created successfully
2026-01-07 10:50:10 - Tables created successfully
2026-01-07 10:50:10 - Tables created successfully
2026-01-07 10:50:12 - Tables created successfully
2026-01-07 10:50:14 - Tables created successfully
2026-01-07 10:50:15 - Tables created successfully
2026-01-07 10:50:17 - Tables created successfully
2026-01-07 10:50:28 - Tables created successfully
2026-01-07 10:50:31 - Tables created successfully
2026-01-07 10:51:17 - Tables created successfully
2026-01-07 10:51:18 - Tables created successfully
2026-01-07 10:51:18 - Tables created successfully
2026-01-07 10:51:18 - Tables created successfully
2026-01-07 10:51:19 - Tables created successfully
2026-01-07 10:51:19 - Tables created successfully
2026-01-07 10:51:19 - Tables created successfully
2026-01-07 10:51:20 - Tables created successfully
2026-01-07 10:51:20 - Tables created successfully
2026-01-07 10:51:20 - Tables created successfully
2026-01-07 10:51:20 - Tables created successfully
2026-01-07 10:51:21 - Tables created successfully
2026-01-07 10:51:22 - Tables created successfully
2026-01-07 10:51:22 - Tables created successfully
2026-01-07 10:51:22 - Tables created successfully
2026-01-07 10:51:23 - Tables created successfully
2026-01-07 10:51:23 - Tables created successfully
2026-01-07 10:51:23 - Tables created successfully
2026-01-07 10:51:23 - Tables created successfully
2026-01-07 10:51:23 - Tables created successfully
2026-01-07 10:51:23 - Tables created successfully
2026-01-07 10:51:23 - Tables created successfully
2026-01-07 10:51:24 - Tables created successfully
2026-01-07 10:51:24 - Tables created successfully
2026-01-07 10:51:24 - Tables created successfully
2026-01-07 10:51:24 - Tables created successfully
2026-01-07 10:51:25 - Tables created successfully
2026-01-07 10:51:25 - Tables created successfully
2026-01-07 10:51:25 - Tables created successfully
2026-01-07 10:51:25 - Tables created successfully
2026-01-07 10:51:25 - Tables created successfully
2026-01-07 10:51:25 - Tables created successfully
2026-01-07 10:51:25 - Tables created successfully
2026-01-07 10:51:25 - Tables created successfully
2026-01-07 10:51:25 - Tables created successfully
2026-01-07 10:51:25 - Tables created successfully
2026-01-07 10:51:25 - Tables created successfully
2026-01-07 10:51:25 - Tables created successfully
2026-01-07 10:51:26 - Tables created successfully
2026-01-07 10:51:26 - Tables created successfully
2026-01-07 10:51:26 - Tables created successfully
2026-01-07 10:51:26 - Tables created successfully
2026-01-07 10:51:26 - Tables created successfully
2026-01-07 10:51:26 - Tables created successfully
2026-01-07 10:51:26 - Tables created successfully
2026-01-07 10:51:26 - Tables created successfully
2026-01-07 10:51:26 - Tables created successfully
2026-01-07 10:51:26 - Tables created successfully
2026-01-07 10:51:26 - Tables created successfully
2026-01-07 10:51:26 - Tables created successfully
2026-01-07 10:51:26 - Tables created successfully
2026-01-07 10:51:27 - Tables created successfully
2026-01-07 10:51:27 - Tables created successfully
2026-01-07 10:51:27 - Tables created successfully
2026-01-07 10:51:27 - Tables created successfully
2026-01-07 10:51:27 - Tables created successfully
2026-01-07 10:51:27 - Tables created successfully
2026-01-07 10:51:27 - Tables created successfully
2026-01-07 10:51:27 - Tables created successfully
2026-01-07 10:51:27 - Tables created successfully
2026-01-07 10:51:27 - Tables created successfully
2026-01-07 10:51:27 - Tables created successfully
2026-01-07 10:51:27 - Tables created successfully
2026-01-07 10:51:27 - Tables created successfully
2026-01-07 10:51:27 - Tables created successfully
2026-01-07 10:51:27 - Tables created successfully
2026-01-07 10:51:27 - Tables created successfully
2026-01-07 10:51:27 - Tables created successfully
2026-01-07 10:51:27 - Tables created successfully
2026-01-07 10:51:27 - Tables created successfully
2026-01-07 10:51:27 - Tables created successfully
2026-01-07 10:51:28 - Tables created successfully
2026-01-07 10:51:28 - Tables created successfully
2026-01-07 10:51:28 - Tables created successfully
2026-01-07 10:51:28 - Tables created successfully
2026-01-07 10:51:28 - Tables created successfully
2026-01-07 10:51:28 - Tables created successfully
2026-01-07 10:51:28 - Tables created successfully
2026-01-07 10:51:28 - Tables created successfully
2026-01-07 10:51:28 - Tables created successfully
2026-01-07 10:51:29 - Tables created successfully
2026-01-07 10:51:29 - Tables created successfully
2026-01-07 10:51:29 - Tables created successfully
2026-01-07 10:51:29 - Tables created successfully
2026-01-07 10:51:29 - Tables created successfully
2026-01-07 10:51:29 - Tables created successfully
2026-01-07 10:51:29 - Tables created successfully
2026-01-07 10:51:29 - Tables created successfully
2026-01-07 10:51:29 - Tables created successfully
2026-01-07 10:51:29 - Tables created successfully
2026-01-07 10:51:29 - Tables created successfully
2026-01-07 10:51:30 - Tables created successfully
2026-01-07 10:51:30 - Tables created successfully
2026-01-07 10:51:30 - Tables created successfully
2026-01-07 10:51:30 - Tables created successfully
2026-01-07 10:51:30 - Tables created successfully
2026-01-07 10:51:30 - Tables created successfully
2026-01-07 10:51:30 - Tables created successfully
2026-01-07 10:51:30 - Tables created successfully
2026-01-07 10:51:30 - Tables created successfully
2026-01-07 10:51:30 - Tables created successfully
2026-01-07 10:51:30 - Tables created successfully
2026-01-07 10:51:31 - Tables created successfully
2026-01-07 10:51:31 - Tables created successfully
2026-01-07 10:51:31 - Tables created successfully
2026-01-07 10:51:32 - Tables created successfully
2026-01-07 10:51:33 - Tables created successfully
2026-01-07 10:51:34 - Tables created successfully
2026-01-07 10:51:34 - Tables created successfully
2026-01-07 10:51:34 - Tables created successfully
2026-01-07 10:51:35 - Tables created successfully
2026-01-07 10:51:36 - Tables created successfully
2026-01-07 10:51:37 - Tables created successfully
2026-01-07 10:51:41 - Tables created successfully
2026-01-07 10:51:41 - Tables created successfully
2026-01-07 10:51:41 - Tables created successfully
2026-01-07 10:51:41 - Tables created successfully
2026-01-07 10:51:41 - Tables created successfully
2026-01-07 10:51:42 - Tables created successfully
2026-01-07 10:51:42 - Tables created successfully
2026-01-07 10:51:42 - Tables created successfully
2026-01-07 10:51:43 - Tables created successfully
2026-01-07 10:51:45 - Tables created successfully
2026-01-07 10:52:23 - Tables created successfully
2026-01-07 10:52:24 - Tables created successfully
2026-01-07 10:52:25 - Tables created successfully
2026-01-07 10:53:20 - Tables created successfully
2026-01-07 10:53:22 - Tables created successfully
2026-01-07 10:53:35 - Tables created successfully
2026-01-07 10:53:54 - Tables created successfully
2026-01-07 10:55:24 - Tables created successfully
2026-01-07 10:55:50 - Tables created successfully
2026-01-07 10:56:11 - Tables created successfully
2026-01-07 10:56:19 - Tables created successfully
2026-01-07 10:56:19 - Tables created successfully
2026-01-07 10:56:23 - Tables created successfully
2026-01-07 10:56:29 - Tables created successfully
2026-01-07 10:57:29 - Tables created successfully
2026-01-07 10:57:29 - Tables created successfully
2026-01-07 10:57:32 - Tables created successfully
2026-01-07 10:57:33 - Tables created successfully
2026-01-07 10:57:35 - Tables created successfully
2026-01-07 10:57:48 - Tables created successfully
2026-01-07 10:57:50 - Tables created successfully
2026-01-07 10:57:51 - Tables created successfully
2026-01-07 10:57:51 - Tables created successfully
2026-01-07 10:57:53 - Tables created successfully
2026-01-07 10:57:53 - Tables created successfully
2026-01-07 10:57:55 - Tables created successfully
2026-01-07 10:59:04 - Tables created successfully
2026-01-07 10:59:06 - Tables created successfully
2026-01-07 10:59:36 - Tables created successfully
2026-01-07 10:59:41 - Tables created successfully
2026-01-07 10:59:51 - Tables created successfully
2026-01-07 10:59:54 - Tables created successfully
2026-01-07 10:59:54 - Tables created successfully
2026-01-07 10:59:56 - Tables created successfully
2026-01-07 10:59:58 - Tables created successfully
2026-01-07 11:00:00 - Tables created successfully
2026-01-07 11:01:50 - Tables created successfully
2026-01-07 11:01:52 - Tables created successfully
2026-01-07 11:02:16 - Tables created successfully
2026-01-07 11:02:18 - Tables created successfully
2026-01-07 11:02:26 - Tables created successfully
2026-01-07 11:02:27 - Tables created successfully
2026-01-07 11:02:27 - Tables created successfully
2026-01-07 11:02:28 - Tables created successfully
2026-01-07 11:02:30 - Tables created successfully
2026-01-07 11:02:42 - Tables created successfully
2026-01-07 11:02:44 - Tables created successfully
2026-01-07 11:03:52 - Tables created successfully
2026-01-07 11:03:54 - Tables created successfully
2026-01-07 11:03:59 - Tables created successfully
2026-01-07 11:04:00 - Tables created successfully
2026-01-07 11:04:03 - Tables created successfully
2026-01-07 11:04:05 - Tables created successfully
2026-01-07 11:04:07 - Tables created successfully
2026-01-07 11:04:07 - Tables created successfully
2026-01-07 11:04:07 - Tables created successfully
2026-01-07 11:04:14 - Tables created successfully
2026-01-07 11:04:16 - Tables created successfully
2026-01-07 11:04:16 - Tables created successfully
2026-01-07 11:04:18 - Tables created successfully
2026-01-07 11:04:37 - Tables created successfully
2026-01-07 11:04:40 - Tables created successfully
2026-01-07 11:05:07 - Tables created successfully
2026-01-07 11:05:07 - Tables created successfully
2026-01-07 11:05:07 - Tables created successfully
2026-01-07 11:05:09 - Tables created successfully
2026-01-07 11:07:57 - Tables created successfully
2026-01-07 11:07:58 - Tables created successfully
2026-01-07 11:08:00 - Tables created successfully
2026-01-07 11:08:03 - Tables created successfully
2026-01-07 11:08:05 - Tables created successfully
2026-01-07 11:13:49 - Tables created successfully
2026-01-07 11:13:52 - Tables created successfully
2026-01-07 11:16:24 - Tables created successfully
2026-01-07 11:16:24 - Tables created successfully
2026-01-07 11:16:24 - Tables created successfully
2026-01-07 11:16:26 - Tables created successfully
2026-01-07 11:16:26 - Tables created successfully
2026-01-07 11:16:26 - Tables created successfully
2026-01-07 11:16:28 - Tables created successfully
2026-01-07 11:16:28 - Tables created successfully
2026-01-07 11:16:28 - Tables created successfully
2026-01-07 11:16:44 - Tables created successfully
2026-01-07 11:16:44 - Tables created successfully
2026-01-07 11:16:47 - Tables created successfully
2026-01-07 11:16:48 - Tables created successfully
2026-01-07 11:16:50 - Tables created successfully
2026-01-07 11:17:09 - Tables created successfully
2026-01-07 11:18:55 - Tables created successfully
2026-01-07 11:18:57 - Tables created successfully
2026-01-07 11:18:59 - Tables created successfully
2026-01-07 11:19:01 - Tables created successfully
2026-01-07 11:19:01 - Tables created successfully
2026-01-07 11:19:10 - Tables created successfully
2026-01-07 11:19:10 - Tables created successfully
2026-01-07 11:19:13 - Tables created successfully
2026-01-07 11:19:14 - Tables created successfully
2026-01-07 11:19:16 - Tables created successfully
2026-01-07 11:19:39 - Tables created successfully
2026-01-07 11:19:39 - Tables created successfully
2026-01-07 11:24:39 - Tables created successfully
2026-01-07 11:28:52 - Tables created successfully
2026-01-07 11:28:59 - Tables created successfully
2026-01-07 11:29:02 - Tables created successfully
2026-01-07 11:29:03 - Tables created successfully
2026-01-07 11:29:11 - Tables created successfully
2026-01-07 11:29:13 - Tables created successfully
2026-01-07 11:29:16 - Tables created successfully
2026-01-07 11:29:16 - Tables created successfully
2026-01-07 11:29:18 - Tables created successfully
2026-01-07 11:31:42 - Tables created successfully
2026-01-07 11:31:44 - Tables created successfully
2026-01-07 11:31:45 - Tables created successfully
2026-01-07 11:31:46 - Tables created successfully
2026-01-07 11:31:47 - Tables created successfully
2026-01-07 11:31:49 - Tables created successfully
2026-01-07 11:31:49 - Tables created successfully
2026-01-07 11:31:51 - Tables created successfully
2026-01-07 11:31:53 - Tables created successfully
2026-01-07 11:31:55 - Tables created successfully
2026-01-07 11:46:16 - Tables created successfully
2026-01-07 11:46:16 - Tables created successfully
2026-01-07 11:46:16 - Tables created successfully
2026-01-07 11:46:18 - Tables created successfully
2026-01-07 11:46:18 - Tables created successfully
2026-01-07 11:46:20 - Tables created successfully
2026-01-07 11:46:20 - Tables created successfully
2026-01-07 11:46:20 - Tables created successfully
2026-01-07 11:46:21 - Tables created successfully
2026-01-07 11:46:23 - Tables created successfully
2026-01-07 11:46:23 - Tables created successfully
2026-01-07 11:46:23 - Tables created successfully
2026-01-07 11:46:24 - Tables created successfully
2026-01-07 11:46:26 - Tables created successfully
2026-01-07 11:46:26 - Tables created successfully
2026-01-07 11:46:26 - Tables created successfully
2026-01-07 11:46:58 - Tables created successfully
2026-01-07 11:46:58 - Tables created successfully
2026-01-07 11:47:00 - Tables created successfully
2026-01-07 11:47:00 - Tables created successfully
2026-01-07 11:47:01 - Tables created successfully
2026-01-07 11:47:02 - Tables created successfully
2026-01-07 11:47:02 - Tables created successfully
2026-01-07 11:47:02 - Tables created successfully
2026-01-07 11:47:04 - Tables created successfully
2026-01-07 11:47:04 - Tables created successfully
2026-01-07 11:47:05 - Tables created successfully
2026-01-07 11:47:13 - Tables created successfully
2026-01-07 11:47:17 - Tables created successfully
2026-01-07 11:47:17 - Tables created successfully
2026-01-07 11:47:18 - Tables created successfully
2026-01-07 11:47:21 - Tables created successfully
2026-01-07 11:47:23 - Tables created successfully
2026-01-07 11:47:41 - Tables created successfully
2026-01-07 11:47:44 - Tables created successfully
2026-01-07 11:47:46 - Tables created successfully
2026-01-07 11:48:00 - Tables created successfully
2026-01-07 11:48:08 - Tables created successfully
2026-01-07 11:48:12 - Tables created successfully
2026-01-07 11:48:12 - Tables created successfully
2026-01-07 11:48:14 - Tables created successfully
2026-01-07 11:48:14 - Tables created successfully
2026-01-07 11:48:15 - Tables created successfully
2026-01-07 11:48:17 - Tables created successfully
2026-01-07 11:48:31 - Tables created successfully
2026-01-07 11:48:34 - Tables created successfully
2026-01-07 11:48:36 - Tables created successfully
2026-01-07 11:51:34 - Tables created successfully
2026-01-07 11:51:36 - Tables created successfully
2026-01-07 11:51:52 - Tables created successfully
2026-01-07 11:51:57 - Tables created successfully
2026-01-07 11:51:57 - Tables created successfully
2026-01-07 11:52:00 - Tables created successfully
2026-01-07 11:52:03 - Tables created successfully
2026-01-07 11:52:05 - Tables created successfully
2026-01-07 11:52:50 - Tables created successfully
2026-01-07 11:52:50 - Tables created successfully
2026-01-07 11:52:52 - Tables created successfully
2026-01-07 11:54:17 - Tables created successfully
2026-01-07 11:54:19 - Tables created successfully
2026-01-07 11:54:37 - Tables created successfully
2026-01-07 11:54:39 - Tables created successfully
2026-01-07 11:54:41 - Tables created successfully
2026-01-07 11:54:48 - Tables created successfully
2026-01-07 11:54:56 - Tables created successfully
2026-01-07 11:54:56 - Tables created successfully
2026-01-07 11:54:56 - Tables created successfully
2026-01-07 11:54:58 - Tables created successfully
2026-01-07 11:55:00 - Tables created successfully
2026-01-07 11:55:10 - Tables created successfully
2026-01-07 11:55:12 - Tables created successfully
2026-01-07 11:55:13 - Tables created successfully
2026-01-07 11:55:15 - Tables created successfully
2026-01-07 11:55:37 - Tables created successfully
2026-01-07 11:55:39 - Tables created successfully
2026-01-07 11:55:39 - Tables created successfully
2026-01-07 11:55:41 - Tables created successfully
2026-01-07 11:55:42 - Tables created successfully
2026-01-07 11:55:42 - Tables created successfully
2026-01-07 11:55:43 - Tables created successfully
2026-01-07 11:55:45 - Tables created successfully
2026-01-07 11:55:52 - Tables created successfully
2026-01-07 11:56:04 - Tables created successfully
2026-01-07 11:56:04 - Tables created successfully
2026-01-07 11:56:06 - Tables created successfully
2026-01-07 11:56:11 - Tables created successfully
2026-01-07 11:56:12 - Tables created successfully
2026-01-07 11:56:13 - Tables created successfully
2026-01-07 11:56:14 - Tables created successfully
2026-01-07 11:56:14 - Tables created successfully
2026-01-07 11:56:15 - Tables created successfully
2026-01-07 11:56:16 - Tables created successfully
2026-01-07 11:56:16 - Tables created successfully
2026-01-07 11:56:16 - Tables created successfully
2026-01-07 11:56:16 - Tables created successfully
2026-01-07 11:56:17 - Tables created successfully
2026-01-07 11:56:18 - Tables created successfully
2026-01-07 11:56:18 - Tables created successfully
2026-01-07 11:56:18 - Tables created successfully
2026-01-07 11:56:19 - Tables created successfully
2026-01-07 11:56:21 - Tables created successfully
2026-01-07 11:56:21 - Tables created successfully
2026-01-07 11:56:21 - Tables created successfully
2026-01-07 11:56:22 - Tables created successfully
2026-01-07 11:56:24 - Tables created successfully
2026-01-07 11:56:24 - Tables created successfully
2026-01-07 11:56:24 - Tables created successfully
2026-01-07 11:56:25 - Tables created successfully
2026-01-07 11:56:26 - Tables created successfully
2026-01-07 11:56:26 - Tables created successfully
2026-01-07 11:56:26 - Tables created successfully
2026-01-07 11:58:58 - Tables created successfully
2026-01-07 11:58:59 - Tables created successfully
2026-01-07 11:59:00 - Tables created successfully
2026-01-07 11:59:01 - Tables created successfully
2026-01-07 11:59:01 - Tables created successfully
2026-01-07 11:59:01 - Tables created successfully
2026-01-07 11:59:01 - Tables created successfully
2026-01-07 11:59:01 - Tables created successfully
2026-01-07 11:59:03 - Tables created successfully
2026-01-07 11:59:09 - Tables created successfully
2026-01-07 11:59:09 - Tables created successfully
2026-01-07 11:59:12 - Tables created successfully
2026-01-07 11:59:14 - Tables created successfully
2026-01-07 11:59:14 - Tables created successfully
2026-01-07 11:59:14 - Tables created successfully
2026-01-07 11:59:32 - Tables created successfully
2026-01-07 11:59:34 - Tables created successfully
2026-01-07 11:59:34 - Tables created successfully
2026-01-07 11:59:34 - Tables created successfully
2026-01-07 11:59:36 - Tables created successfully
2026-01-07 11:59:48 - Tables created successfully
2026-01-07 11:59:51 - Tables created successfully
2026-01-07 11:59:52 - Tables created successfully
2026-01-07 12:00:13 - Tables created successfully
2026-01-07 12:00:22 - Tables created successfully
2026-01-07 12:00:26 - Tables created successfully
2026-01-07 12:00:26 - Tables created successfully
2026-01-07 12:00:28 - Tables created successfully
2026-01-07 12:00:30 - Tables created successfully
2026-01-07 12:00:31 - Tables created successfully
2026-01-07 12:00:32 - Tables created successfully
2026-01-07 12:00:34 - Tables created successfully
2026-01-07 12:00:56 - Tables created successfully
2026-01-07 12:01:36 - Tables created successfully
2026-01-07 12:01:38 - Tables created successfully
2026-01-07 12:01:53 - Tables created successfully
2026-01-07 12:01:55 - Tables created successfully
2026-01-07 12:01:57 - Tables created successfully
2026-01-07 12:03:57 - Tables created successfully
2026-01-07 12:04:11 - Tables created successfully
2026-01-07 12:04:15 - Tables created successfully
2026-01-07 12:04:15 - Tables created successfully
2026-01-07 12:04:17 - Tables created successfully
2026-01-07 12:04:18 - Tables created successfully
2026-01-07 12:04:20 - Tables created successfully
2026-01-07 12:04:34 - Tables created successfully
2026-01-07 12:04:36 - Tables created successfully
2026-01-07 12:04:38 - Tables created successfully
2026-01-07 12:06:40 - Tables created successfully
2026-01-07 12:06:42 - Tables created successfully
2026-01-07 12:07:03 - Tables created successfully
2026-01-07 12:07:06 - Tables created successfully
2026-01-07 12:12:06 - Tables created successfully
2026-01-07 12:17:07 - Tables created successfully
2026-01-07 12:22:08 - Tables created successfully
2026-01-07 12:27:09 - Tables created successfully
2026-01-07 12:32:10 - Tables created successfully
2026-01-07 12:37:11 - Tables created successfully
2026-01-07 12:42:12 - Tables created successfully
2026-01-07 12:47:13 - Tables created successfully
2026-01-07 12:52:14 - Tables created successfully
2026-01-07 12:57:15 - Tables created successfully
2026-01-07 13:04:29 - Tables created successfully
2026-01-07 13:04:51 - Tables created successfully
2026-01-07 13:04:52 - Tables created successfully
2026-01-07 13:04:52 - Tables created successfully
2026-01-07 13:04:54 - Tables created successfully
2026-01-07 13:11:14 - Tables created successfully
2026-01-07 13:11:35 - Tables created successfully
2026-01-07 13:11:36 - Tables created successfully
2026-01-07 13:11:45 - Tables created successfully
2026-01-07 13:12:49 - Tables created successfully
2026-01-07 13:12:49 - Form submission started - Array
(
    [fullName] => Dilshan
    [nameWithInitials] => kasun
    [nicNo] => 20013422121
    [telNo] => 0712111342
    [dob] => 2008-01-01
    [email] => dkasun558@gmail.com
    [address] => 368/6 Rathnapura Road Kalawana
    [occupation] => SAD
    [employerName] => Kasun Dilshan
    [beneficiaryName] => Array
        (
            [0] => QWE
        )

    [beneficiaryNIC] => Array
        (
            [0] => 200130144132
        )

    [beneficiaryPercentage] => Array
        (
            [0] => 100
        )

    [years] => 1
    [investmentAmount] => 1000000000000
    [investmentType] => renewable_energy
    [signingDate] => 2026-01-07
    [accountNo] => 1112121
    [bank] => PEOPLES BANK
    [branch] => COLOMBO
    [declaration] => accepted
    [declarationDate] => 2026-01-07
)

2026-01-07 13:12:49 - Files received - Array
(
    [signatureUpload] => Array
        (
            [name] => Bank_Slip_1.pdf
            [type] => application/pdf
            [tmp_name] => C:\xampp\tmp\php1270.tmp
            [error] => 0
            [size] => 150243
        )

    [investorId] => Array
        (
            [name] => ID_1.pdf
            [type] => application/pdf
            [tmp_name] => C:\xampp\tmp\php1271.tmp
            [error] => 0
            [size] => 149739
        )

    [beneficiaryId] => Array
        (
            [name] => ID_1 (3).pdf
            [type] => application/pdf
            [tmp_name] => C:\xampp\tmp\php1272.tmp
            [error] => 0
            [size] => 149739
        )

    [passbook] => Array
        (
            [name] => ID_1 (2).pdf
            [type] => application/pdf
            [tmp_name] => C:\xampp\tmp\php1283.tmp
            [error] => 0
            [size] => 149739
        )

    [paymentSlip] => Array
        (
            [name] => ID_1 (2).pdf
            [type] => application/pdf
            [tmp_name] => C:\xampp\tmp\php1284.tmp
            [error] => 0
            [size] => 149739
        )

    [finalSignature] => Array
        (
            [name] => ID_1.pdf
            [type] => application/pdf
            [tmp_name] => C:\xampp\tmp\php1295.tmp
            [error] => 0
            [size] => 149739
        )

)

2026-01-07 13:12:49 - POST request received
2026-01-07 13:12:49 - Processing form data - Array
(
    [fullName] => Dilshan
    [nameWithInitials] => kasun
    [nicNo] => 20013422121
    [telNo] => 0712111342
    [dob] => 2008-01-01
    [email] => dkasun558@gmail.com
    [address] => 368/6 Rathnapura Road Kalawana
    [occupation] => SAD
    [employerName] => Kasun Dilshan
    [beneficiaryName] => Array
        (
            [0] => QWE
        )

    [beneficiaryNIC] => Array
        (
            [0] => 200130144132
        )

    [beneficiaryPercentage] => Array
        (
            [0] => 100
        )

    [years] => 1
    [investmentAmount] => 1000000000000
    [investmentType] => renewable_energy
    [signingDate] => 2026-01-07
    [accountNo] => 1112121
    [bank] => PEOPLES BANK
    [branch] => COLOMBO
    [declaration] => accepted
    [declarationDate] => 2026-01-07
)

2026-01-07 13:12:49 - Attempting to upload file - Array
(
    [source] => C:\xampp\tmp\php1270.tmp
    [destination] => C:\xampp\htdocs\eco-wealth-portal/uploads/695e0e79f1054_1767771769_Bank_Slip_1.pdf
    [file_size] => 150243
)

2026-01-07 13:12:49 - File uploaded successfully - 695e0e79f1054_1767771769_Bank_Slip_1.pdf
2026-01-07 13:12:49 - Attempting to upload file - Array
(
    [source] => C:\xampp\tmp\php1271.tmp
    [destination] => C:\xampp\htdocs\eco-wealth-portal/uploads/695e0e79f2a11_1767771769_ID_1.pdf
    [file_size] => 149739
)

2026-01-07 13:12:49 - File uploaded successfully - 695e0e79f2a11_1767771769_ID_1.pdf
2026-01-07 13:12:50 - Attempting to upload file - Array
(
    [source] => C:\xampp\tmp\php1272.tmp
    [destination] => C:\xampp\htdocs\eco-wealth-portal/uploads/695e0e7a0019f_1767771770_ID_1__3_.pdf
    [file_size] => 149739
)

2026-01-07 13:12:50 - File uploaded successfully - 695e0e7a0019f_1767771770_ID_1__3_.pdf
2026-01-07 13:12:50 - Attempting to upload file - Array
(
    [source] => C:\xampp\tmp\php1283.tmp
    [destination] => C:\xampp\htdocs\eco-wealth-portal/uploads/695e0e7a00ad3_1767771770_ID_1__2_.pdf
    [file_size] => 149739
)

2026-01-07 13:12:50 - File uploaded successfully - 695e0e7a00ad3_1767771770_ID_1__2_.pdf
2026-01-07 13:12:50 - Attempting to upload file - Array
(
    [source] => C:\xampp\tmp\php1284.tmp
    [destination] => C:\xampp\htdocs\eco-wealth-portal/uploads/695e0e7a01565_1767771770_ID_1__2_.pdf
    [file_size] => 149739
)

2026-01-07 13:12:50 - File uploaded successfully - 695e0e7a01565_1767771770_ID_1__2_.pdf
2026-01-07 13:12:50 - Attempting to upload file - Array
(
    [source] => C:\xampp\tmp\php1295.tmp
    [destination] => C:\xampp\htdocs\eco-wealth-portal/uploads/695e0e7a02d72_1767771770_ID_1.pdf
    [file_size] => 149739
)

2026-01-07 13:12:50 - File uploaded successfully - 695e0e7a02d72_1767771770_ID_1.pdf
2026-01-07 13:12:50 - Investor inserted successfully - Array
(
    [id] => 18
)

2026-01-07 13:12:50 - Beneficiary inserted - Array
(
    [investor_id] => 18
    [name] => QWE
)

2026-01-07 13:12:50 - Transaction committed successfully - Array
(
    [application_id] => 18
)

2026-01-07 13:12:52 - Email sending attempt - Array
(
    [sent] => 
    [to] => dkasun558@gmail.com
)

2026-01-07 13:12:52 - Redirecting to submit.php - Array
(
    [application_id] => 18
)

2026-01-07 13:12:52 - Tables created successfully
2026-01-07 13:14:07 - Tables created successfully
2026-01-07 13:14:08 - Tables created successfully
2026-01-07 13:14:09 - Tables created successfully
2026-01-07 13:15:54 - Tables created successfully
2026-01-07 13:15:59 - Tables created successfully
2026-01-07 13:16:07 - Tables created successfully
2026-01-07 13:16:13 - Tables created successfully
2026-01-07 13:16:13 - Tables created successfully
2026-01-07 13:16:14 - Tables created successfully
2026-01-07 13:16:17 - Tables created successfully
2026-01-07 13:17:34 - Tables created successfully
2026-01-07 13:17:36 - Tables created successfully
2026-01-07 13:17:51 - Tables created successfully
2026-01-07 13:18:02 - Tables created successfully
2026-01-07 13:18:04 - Tables created successfully
2026-01-07 13:19:17 - Tables created successfully
2026-01-07 13:19:21 - Tables created successfully
2026-01-07 13:19:30 - Tables created successfully
2026-01-07 13:19:33 - Tables created successfully
2026-01-07 13:19:33 - Tables created successfully
2026-01-07 13:19:35 - Tables created successfully
2026-01-07 13:19:36 - Tables created successfully
2026-01-07 13:19:38 - Tables created successfully
2026-01-07 13:20:16 - Tables created successfully
2026-01-07 13:20:18 - Tables created successfully
2026-01-07 13:21:17 - Tables created successfully
2026-01-07 13:21:19 - Tables created successfully
2026-01-07 13:21:26 - Tables created successfully
2026-01-07 13:21:39 - Tables created successfully
2026-01-07 13:21:50 - Tables created successfully
2026-01-07 13:21:50 - Tables created successfully
2026-01-07 13:21:52 - Tables created successfully
2026-01-07 13:21:54 - Tables created successfully
2026-01-07 13:21:56 - Tables created successfully
2026-01-07 13:22:19 - Tables created successfully
2026-01-07 13:22:21 - Tables created successfully
2026-01-07 13:22:23 - Tables created successfully
2026-01-07 13:33:28 - Tables created successfully
2026-01-07 13:33:28 - Tables created successfully
2026-01-07 13:35:04 - Tables created successfully
2026-01-07 13:35:04 - Form submission started - Array
(
    [fullName] => Dilshan
    [nameWithInitials] => kasun
    [nicNo] => 200130400921
    [telNo] => 07165222312
    [dob] => 2007-12-30
    [email] => dkasun558@gmail.com
    [address] => 368/6 Rathnapura Road Kalawana
    [occupation] => SAD
    [employerName] => Kasun Dilshan
    [beneficiaryName] => Array
        (
            [0] => qq
        )

    [beneficiaryNIC] => Array
        (
            [0] => 2112334211
        )

    [beneficiaryPercentage] => Array
        (
            [0] => 100
        )

    [years] => 1
    [investmentAmount] => 12111000
    [investmentType] => water_management
    [signingDate] => 2026-01-07
    [accountNo] => 111212
    [bank] => PEOPLES BANK
    [branch] => COLOMBO
    [declaration] => accepted
    [declarationDate] => 2026-01-07
)

2026-01-07 13:35:04 - Files received - Array
(
    [signatureUpload] => Array
        (
            [name] => ID_1.pdf
            [type] => application/pdf
            [tmp_name] => C:\xampp\tmp\php70C2.tmp
            [error] => 0
            [size] => 149739
        )

    [investorId] => Array
        (
            [name] => ID_1.pdf
            [type] => application/pdf
            [tmp_name] => C:\xampp\tmp\php70C3.tmp
            [error] => 0
            [size] => 149739
        )

    [beneficiaryId] => Array
        (
            [name] => ID_1 (3).pdf
            [type] => application/pdf
            [tmp_name] => C:\xampp\tmp\php70C4.tmp
            [error] => 0
            [size] => 149739
        )

    [passbook] => Array
        (
            [name] => ID_1 (2).pdf
            [type] => application/pdf
            [tmp_name] => C:\xampp\tmp\php70D4.tmp
            [error] => 0
            [size] => 149739
        )

    [paymentSlip] => Array
        (
            [name] => Bank_Slip_1.pdf
            [type] => application/pdf
            [tmp_name] => C:\xampp\tmp\php70D5.tmp
            [error] => 0
            [size] => 150243
        )

    [finalSignature] => Array
        (
            [name] => ID_1 (1).pdf
            [type] => application/pdf
            [tmp_name] => C:\xampp\tmp\php70D6.tmp
            [error] => 0
            [size] => 149739
        )

)

2026-01-07 13:35:04 - POST request received
2026-01-07 13:35:04 - Processing form data - Array
(
    [fullName] => Dilshan
    [nameWithInitials] => kasun
    [nicNo] => 200130400921
    [telNo] => 07165222312
    [dob] => 2007-12-30
    [email] => dkasun558@gmail.com
    [address] => 368/6 Rathnapura Road Kalawana
    [occupation] => SAD
    [employerName] => Kasun Dilshan
    [beneficiaryName] => Array
        (
            [0] => qq
        )

    [beneficiaryNIC] => Array
        (
            [0] => 2112334211
        )

    [beneficiaryPercentage] => Array
        (
            [0] => 100
        )

    [years] => 1
    [investmentAmount] => 12111000
    [investmentType] => water_management
    [signingDate] => 2026-01-07
    [accountNo] => 111212
    [bank] => PEOPLES BANK
    [branch] => COLOMBO
    [declaration] => accepted
    [declarationDate] => 2026-01-07
)

2026-01-07 13:35:04 - Attempting to upload file - Array
(
    [source] => C:\xampp\tmp\php70C2.tmp
    [destination] => C:\xampp\htdocs\eco-wealth-portal/uploads/695e13b0c7d3a_1767773104_ID_1.pdf
    [file_size] => 149739
)

2026-01-07 13:35:04 - File uploaded successfully - 695e13b0c7d3a_1767773104_ID_1.pdf
2026-01-07 13:35:04 - Attempting to upload file - Array
(
    [source] => C:\xampp\tmp\php70C3.tmp
    [destination] => C:\xampp\htdocs\eco-wealth-portal/uploads/695e13b0c8c9b_1767773104_ID_1.pdf
    [file_size] => 149739
)

2026-01-07 13:35:04 - File uploaded successfully - 695e13b0c8c9b_1767773104_ID_1.pdf
2026-01-07 13:35:04 - Attempting to upload file - Array
(
    [source] => C:\xampp\tmp\php70C4.tmp
    [destination] => C:\xampp\htdocs\eco-wealth-portal/uploads/695e13b0c93ad_1767773104_ID_1__3_.pdf
    [file_size] => 149739
)

2026-01-07 13:35:04 - File uploaded successfully - 695e13b0c93ad_1767773104_ID_1__3_.pdf
2026-01-07 13:35:04 - Attempting to upload file - Array
(
    [source] => C:\xampp\tmp\php70D4.tmp
    [destination] => C:\xampp\htdocs\eco-wealth-portal/uploads/695e13b0c9969_1767773104_ID_1__2_.pdf
    [file_size] => 149739
)

2026-01-07 13:35:04 - File uploaded successfully - 695e13b0c9969_1767773104_ID_1__2_.pdf
2026-01-07 13:35:04 - Attempting to upload file - Array
(
    [source] => C:\xampp\tmp\php70D5.tmp
    [destination] => C:\xampp\htdocs\eco-wealth-portal/uploads/695e13b0c9da8_1767773104_Bank_Slip_1.pdf
    [file_size] => 150243
)

2026-01-07 13:35:04 - File uploaded successfully - 695e13b0c9da8_1767773104_Bank_Slip_1.pdf
2026-01-07 13:35:04 - Attempting to upload file - Array
(
    [source] => C:\xampp\tmp\php70D6.tmp
    [destination] => C:\xampp\htdocs\eco-wealth-portal/uploads/695e13b0ca21b_1767773104_ID_1__1_.pdf
    [file_size] => 149739
)

2026-01-07 13:35:04 - File uploaded successfully - 695e13b0ca21b_1767773104_ID_1__1_.pdf
2026-01-07 13:35:04 - Investor inserted successfully - Array
(
    [id] => 19
)

2026-01-07 13:35:04 - Beneficiary inserted - Array
(
    [investor_id] => 19
    [name] => qq
)

2026-01-07 13:35:04 - Transaction committed successfully - Array
(
    [application_id] => 19
)

2026-01-07 13:35:06 - Email sending attempt - Array
(
    [sent] => 
    [to] => dkasun558@gmail.com
)

2026-01-07 13:35:06 - Redirecting to submit.php - Array
(
    [application_id] => 19
)

2026-01-07 13:35:06 - Tables created successfully
2026-01-07 13:35:14 - Tables created successfully
2026-01-07 13:35:40 - Tables created successfully
2026-01-07 13:35:44 - Tables created successfully
2026-01-07 13:35:44 - Tables created successfully
2026-01-07 13:35:47 - Tables created successfully
2026-01-07 13:35:48 - Tables created successfully
2026-01-07 13:35:48 - Tables created successfully
2026-01-07 13:35:50 - Tables created successfully
2026-01-07 13:36:02 - Tables created successfully
2026-01-07 13:36:03 - Tables created successfully
2026-01-07 13:36:05 - Tables created successfully
2026-01-07 13:36:07 - Tables created successfully
2026-01-07 13:36:15 - Tables created successfully
2026-01-07 13:36:24 - Tables created successfully
2026-01-07 13:36:28 - Tables created successfully
2026-01-07 13:36:28 - Tables created successfully
2026-01-07 13:36:29 - Tables created successfully
2026-01-07 13:36:32 - Tables created successfully
2026-01-07 13:36:37 - Tables created successfully
2026-01-07 13:36:39 - Tables created successfully
2026-01-07 13:36:41 - Tables created successfully
2026-01-07 13:36:43 - Tables created successfully
2026-01-07 13:36:44 - Tables created successfully
2026-01-07 13:36:44 - Tables created successfully
2026-01-07 13:36:45 - Tables created successfully
2026-01-07 13:36:47 - Tables created successfully
2026-01-07 13:36:48 - Tables created successfully
2026-01-07 13:36:48 - Tables created successfully
2026-01-07 13:36:58 - Tables created successfully
2026-01-07 13:36:59 - Tables created successfully
2026-01-07 13:37:01 - Tables created successfully
2026-01-07 13:37:03 - Tables created successfully
2026-01-07 13:42:28 - Tables created successfully
2026-01-07 13:42:30 - Tables created successfully
2026-01-07 13:42:34 - Tables created successfully
2026-01-07 13:42:34 - Tables created successfully
2026-01-07 13:42:41 - Tables created successfully
2026-01-07 13:42:47 - Tables created successfully
2026-01-07 13:42:48 - Tables created successfully
2026-01-07 13:42:56 - Tables created successfully
2026-01-07 13:42:57 - Tables created successfully
2026-01-07 13:42:57 - Tables created successfully
2026-01-07 13:42:57 - Tables created successfully
2026-01-07 13:42:57 - Tables created successfully
2026-01-07 13:42:58 - Tables created successfully
2026-01-07 13:42:58 - Tables created successfully
2026-01-07 13:42:59 - Tables created successfully
2026-01-07 13:43:13 - Tables created successfully
2026-01-07 13:43:15 - Tables created successfully
2026-01-07 13:43:15 - Tables created successfully
2026-01-07 13:43:15 - Tables created successfully
2026-01-07 13:43:20 - Tables created successfully
2026-01-07 13:43:44 - Tables created successfully
2026-01-07 13:48:44 - Tables created successfully
2026-01-07 13:49:14 - Tables created successfully
2026-01-07 13:49:14 - Tables created successfully
2026-01-07 13:49:14 - Tables created successfully
2026-01-07 13:49:17 - Tables created successfully
2026-01-07 13:49:19 - Tables created successfully
2026-01-07 13:49:29 - Tables created successfully
2026-01-07 13:49:33 - Tables created successfully
2026-01-07 13:49:33 - Tables created successfully
2026-01-07 13:49:36 - Tables created successfully
2026-01-07 13:49:38 - Tables created successfully
2026-01-07 13:49:40 - Tables created successfully
2026-01-07 13:49:41 - Tables created successfully
2026-01-07 13:49:43 - Tables created successfully
2026-01-07 13:50:01 - Tables created successfully
2026-01-07 13:50:13 - Tables created successfully
2026-01-07 13:50:17 - Tables created successfully
2026-01-07 13:50:17 - Tables created successfully
2026-01-07 13:50:19 - Tables created successfully
2026-01-07 13:50:21 - Tables created successfully
2026-01-07 13:50:23 - Tables created successfully
2026-01-07 13:50:57 - Tables created successfully
2026-01-07 13:50:59 - Tables created successfully
2026-01-07 13:51:01 - Tables created successfully
2026-01-07 13:51:54 - Tables created successfully
2026-01-07 13:52:05 - Tables created successfully
2026-01-07 13:52:11 - Tables created successfully
2026-01-07 13:52:11 - Tables created successfully
2026-01-07 13:52:13 - Tables created successfully
2026-01-07 13:52:16 - Tables created successfully
2026-01-07 13:52:18 - Tables created successfully
2026-01-07 13:53:10 - Tables created successfully
2026-01-07 13:53:13 - Tables created successfully
2026-01-07 13:53:15 - Tables created successfully
2026-01-07 13:53:23 - Tables created successfully
2026-01-07 13:53:45 - Tables created successfully
2026-01-07 13:54:43 - Tables created successfully
2026-01-07 13:54:47 - Tables created successfully
2026-01-07 13:54:48 - Tables created successfully
2026-01-07 13:54:51 - Tables created successfully
2026-01-07 13:55:09 - Tables created successfully
2026-01-07 13:57:22 - Tables created successfully
2026-01-07 13:57:22 - Form submission started - Array
(
    [fullName] => umesh
    [nameWithInitials] => W UMESH
    [nicNo] => 9567221132V
    [telNo] => 0785511231
    [dob] => 2007-12-30
    [email] => umesh@gmail.com
    [address] => gampaha
    [occupation] => IT 
    [employerName] => kasun
    [beneficiaryName] => Array
        (
            [0] => kasun
        )

    [beneficiaryNIC] => Array
        (
            [0] => 200130400385
        )

    [beneficiaryPercentage] => Array
        (
            [0] => 100
        )

    [years] => 3
    [investmentAmount] => 150000
    [investmentType] => green_real_estate
    [signingDate] => 2026-01-07
    [accountNo] => 20012130098
    [bank] => PEOPLES BANK
    [branch] => COLOMBO
    [declaration] => accepted
    [declarationDate] => 2026-01-07
)

2026-01-07 13:57:22 - Files received - Array
(
    [signatureUpload] => Array
        (
            [name] => ID_1.pdf
            [type] => application/pdf
            [tmp_name] => C:\xampp\tmp\phpD84A.tmp
            [error] => 0
            [size] => 149739
        )

    [investorId] => Array
        (
            [name] => ID_1.pdf
            [type] => application/pdf
            [tmp_name] => C:\xampp\tmp\phpD84B.tmp
            [error] => 0
            [size] => 149739
        )

    [beneficiaryId] => Array
        (
            [name] => ID_1 (3).pdf
            [type] => application/pdf
            [tmp_name] => C:\xampp\tmp\phpD84C.tmp
            [error] => 0
            [size] => 149739
        )

    [passbook] => Array
        (
            [name] => ID_1 (1).pdf
            [type] => application/pdf
            [tmp_name] => C:\xampp\tmp\phpD85D.tmp
            [error] => 0
            [size] => 149739
        )

    [paymentSlip] => Array
        (
            [name] => Bank_Slip_1.pdf
            [type] => application/pdf
            [tmp_name] => C:\xampp\tmp\phpD85E.tmp
            [error] => 0
            [size] => 150243
        )

    [finalSignature] => Array
        (
            [name] => ID_1.pdf
            [type] => application/pdf
            [tmp_name] => C:\xampp\tmp\phpD85F.tmp
            [error] => 0
            [size] => 149739
        )

)

2026-01-07 13:57:22 - POST request received
2026-01-07 13:57:22 - Processing form data - Array
(
    [fullName] => umesh
    [nameWithInitials] => W UMESH
    [nicNo] => 9567221132V
    [telNo] => 0785511231
    [dob] => 2007-12-30
    [email] => umesh@gmail.com
    [address] => gampaha
    [occupation] => IT 
    [employerName] => kasun
    [beneficiaryName] => Array
        (
            [0] => kasun
        )

    [beneficiaryNIC] => Array
        (
            [0] => 200130400385
        )

    [beneficiaryPercentage] => Array
        (
            [0] => 100
        )

    [years] => 3
    [investmentAmount] => 150000
    [investmentType] => green_real_estate
    [signingDate] => 2026-01-07
    [accountNo] => 20012130098
    [bank] => PEOPLES BANK
    [branch] => COLOMBO
    [declaration] => accepted
    [declarationDate] => 2026-01-07
)

2026-01-07 13:57:22 - Attempting to upload file - Array
(
    [source] => C:\xampp\tmp\phpD84A.tmp
    [destination] => C:\xampp\htdocs\eco-wealth-portal/uploads/695e18ea09cf1_1767774442_ID_1.pdf
    [file_size] => 149739
)

2026-01-07 13:57:22 - File uploaded successfully - 695e18ea09cf1_1767774442_ID_1.pdf
2026-01-07 13:57:22 - Attempting to upload file - Array
(
    [source] => C:\xampp\tmp\phpD84B.tmp
    [destination] => C:\xampp\htdocs\eco-wealth-portal/uploads/695e18ea0a92d_1767774442_ID_1.pdf
    [file_size] => 149739
)

2026-01-07 13:57:22 - File uploaded successfully - 695e18ea0a92d_1767774442_ID_1.pdf
2026-01-07 13:57:22 - Attempting to upload file - Array
(
    [source] => C:\xampp\tmp\phpD84C.tmp
    [destination] => C:\xampp\htdocs\eco-wealth-portal/uploads/695e18ea0b173_1767774442_ID_1__3_.pdf
    [file_size] => 149739
)

2026-01-07 13:57:22 - File uploaded successfully - 695e18ea0b173_1767774442_ID_1__3_.pdf
2026-01-07 13:57:22 - Attempting to upload file - Array
(
    [source] => C:\xampp\tmp\phpD85D.tmp
    [destination] => C:\xampp\htdocs\eco-wealth-portal/uploads/695e18ea0b8af_1767774442_ID_1__1_.pdf
    [file_size] => 149739
)

2026-01-07 13:57:22 - File uploaded successfully - 695e18ea0b8af_1767774442_ID_1__1_.pdf
2026-01-07 13:57:22 - Attempting to upload file - Array
(
    [source] => C:\xampp\tmp\phpD85E.tmp
    [destination] => C:\xampp\htdocs\eco-wealth-portal/uploads/695e18ea0bcea_1767774442_Bank_Slip_1.pdf
    [file_size] => 150243
)

2026-01-07 13:57:22 - File uploaded successfully - 695e18ea0bcea_1767774442_Bank_Slip_1.pdf
2026-01-07 13:57:22 - Attempting to upload file - Array
(
    [source] => C:\xampp\tmp\phpD85F.tmp
    [destination] => C:\xampp\htdocs\eco-wealth-portal/uploads/695e18ea0c0ff_1767774442_ID_1.pdf
    [file_size] => 149739
)

2026-01-07 13:57:22 - File uploaded successfully - 695e18ea0c0ff_1767774442_ID_1.pdf
2026-01-07 13:57:22 - Investor inserted successfully - Array
(
    [id] => 20
)

2026-01-07 13:57:22 - Beneficiary inserted - Array
(
    [investor_id] => 20
    [name] => kasun
)

2026-01-07 13:57:22 - Transaction committed successfully - Array
(
    [application_id] => 20
)

2026-01-07 13:57:24 - Email sending attempt - Array
(
    [sent] => 
    [to] => umesh@gmail.com
)

2026-01-07 13:57:24 - Redirecting to submit.php - Array
(
    [application_id] => 20
)

2026-01-07 13:57:24 - Tables created successfully
2026-01-07 13:57:35 - Tables created successfully
2026-01-07 13:57:43 - Tables created successfully
2026-01-07 13:57:43 - Tables created successfully
2026-01-07 13:57:45 - Tables created successfully
2026-01-07 13:57:47 - Tables created successfully
2026-01-07 13:57:49 - Tables created successfully
2026-01-07 13:58:13 - Tables created successfully
2026-01-07 13:58:15 - Tables created successfully
2026-01-07 13:58:18 - Tables created successfully
2026-01-07 14:06:27 - Tables created successfully
2026-01-07 14:06:27 - Tables created successfully
2026-01-07 14:06:27 - Tables created successfully
2026-01-07 14:06:30 - Tables created successfully
2026-01-07 14:07:13 - Tables created successfully
2026-01-07 14:07:15 - Tables created successfully
2026-01-07 14:08:16 - Tables created successfully
2026-01-07 14:08:18 - Tables created successfully
2026-01-07 14:08:24 - Tables created successfully
2026-01-07 14:08:31 - Tables created successfully
2026-01-07 14:08:35 - Tables created successfully
2026-01-07 14:08:35 - Tables created successfully
2026-01-07 14:08:37 - Tables created successfully
2026-01-07 14:08:39 - Tables created successfully
2026-01-07 14:08:41 - Tables created successfully
2026-01-07 14:08:59 - Tables created successfully
2026-01-07 14:09:01 - Tables created successfully
2026-01-07 14:09:03 - Tables created successfully
2026-01-07 14:09:45 - Tables created successfully
2026-01-07 14:09:50 - Tables created successfully
2026-01-07 14:09:51 - Tables created successfully
2026-01-07 14:09:56 - Tables created successfully
2026-01-07 14:10:06 - Tables created successfully
2026-01-07 14:10:12 - Tables created successfully
2026-01-07 14:10:12 - Tables created successfully
2026-01-07 14:10:13 - Tables created successfully
2026-01-07 14:10:14 - Tables created successfully
2026-01-07 14:10:16 - Tables created successfully
2026-01-07 14:10:38 - Tables created successfully
2026-01-07 14:10:40 - Tables created successfully
2026-01-07 14:10:42 - Tables created successfully
2026-01-07 14:12:21 - Tables created successfully
2026-01-07 14:12:24 - Tables created successfully
2026-01-07 14:12:24 - Tables created successfully
2026-01-07 14:12:29 - Tables created successfully
2026-01-07 14:13:52 - Tables created successfully
2026-01-07 14:13:52 - Form submission started - Array
(
    [fullName] => Dilshan
    [nameWithInitials] => kasun
    [nicNo] => 11100098121
    [telNo] => 0981112121
    [dob] => 2007-12-31
    [email] => dkasun558@gmail.com
    [address] => 368/6 Rathnapura Road Kalawana
    [occupation] => IT 
    [employerName] => Kasun Dilshan
    [beneficiaryName] => Array
        (
            [0] => qq
        )

    [beneficiaryNIC] => Array
        (
            [0] => 200130144132
        )

    [beneficiaryPercentage] => Array
        (
            [0] => 100
        )

    [years] => 3
    [investmentAmount] => 12220998121
    [investmentType] => sustainable_etf
    [signingDate] => 2026-01-07
    [accountNo] => 22299812
    [bank] => PEOPLES BANK
    [branch] => COLOMBO
    [declaration] => accepted
    [declarationDate] => 2026-01-07
)

2026-01-07 14:13:52 - Files received - Array
(
    [signatureUpload] => Array
        (
            [name] => ID_1 (1).pdf
            [type] => application/pdf
            [tmp_name] => C:\xampp\tmp\phpF596.tmp
            [error] => 0
            [size] => 149739
        )

    [investorId] => Array
        (
            [name] => ID_1 (3).pdf
            [type] => application/pdf
            [tmp_name] => C:\xampp\tmp\phpF597.tmp
            [error] => 0
            [size] => 149739
        )

    [beneficiaryId] => Array
        (
            [name] => Bank_Slip_1.pdf
            [type] => application/pdf
            [tmp_name] => C:\xampp\tmp\phpF5A7.tmp
            [error] => 0
            [size] => 150243
        )

    [passbook] => Array
        (
            [name] => ID_1 (2).pdf
            [type] => application/pdf
            [tmp_name] => C:\xampp\tmp\phpF5A8.tmp
            [error] => 0
            [size] => 149739
        )

    [paymentSlip] => Array
        (
            [name] => ID_1 (3).pdf
            [type] => application/pdf
            [tmp_name] => C:\xampp\tmp\phpF5A9.tmp
            [error] => 0
            [size] => 149739
        )

    [finalSignature] => Array
        (
            [name] => ID_1 (1).pdf
            [type] => application/pdf
            [tmp_name] => C:\xampp\tmp\phpF5BA.tmp
            [error] => 0
            [size] => 149739
        )

)

2026-01-07 14:13:52 - POST request received
2026-01-07 14:13:52 - Processing form data - Array
(
    [fullName] => Dilshan
    [nameWithInitials] => kasun
    [nicNo] => 11100098121
    [telNo] => 0981112121
    [dob] => 2007-12-31
    [email] => dkasun558@gmail.com
    [address] => 368/6 Rathnapura Road Kalawana
    [occupation] => IT 
    [employerName] => Kasun Dilshan
    [beneficiaryName] => Array
        (
            [0] => qq
        )

    [beneficiaryNIC] => Array
        (
            [0] => 200130144132
        )

    [beneficiaryPercentage] => Array
        (
            [0] => 100
        )

    [years] => 3
    [investmentAmount] => 12220998121
    [investmentType] => sustainable_etf
    [signingDate] => 2026-01-07
    [accountNo] => 22299812
    [bank] => PEOPLES BANK
    [branch] => COLOMBO
    [declaration] => accepted
    [declarationDate] => 2026-01-07
)

2026-01-07 14:13:52 - Attempting to upload file - Array
(
    [source] => C:\xampp\tmp\phpF596.tmp
    [destination] => C:\xampp\htdocs\eco-wealth-portal/uploads/695e1cc88de59_1767775432_ID_1__1_.pdf
    [file_size] => 149739
)

2026-01-07 14:13:52 - File uploaded successfully - 695e1cc88de59_1767775432_ID_1__1_.pdf
2026-01-07 14:13:52 - Attempting to upload file - Array
(
    [source] => C:\xampp\tmp\phpF597.tmp
    [destination] => C:\xampp\htdocs\eco-wealth-portal/uploads/695e1cc88e4cf_1767775432_ID_1__3_.pdf
    [file_size] => 149739
)

2026-01-07 14:13:52 - File uploaded successfully - 695e1cc88e4cf_1767775432_ID_1__3_.pdf
2026-01-07 14:13:52 - Attempting to upload file - Array
(
    [source] => C:\xampp\tmp\phpF5A7.tmp
    [destination] => C:\xampp\htdocs\eco-wealth-portal/uploads/695e1cc88eadd_1767775432_Bank_Slip_1.pdf
    [file_size] => 150243
)

2026-01-07 14:13:52 - File uploaded successfully - 695e1cc88eadd_1767775432_Bank_Slip_1.pdf
2026-01-07 14:13:52 - Attempting to upload file - Array
(
    [source] => C:\xampp\tmp\phpF5A8.tmp
    [destination] => C:\xampp\htdocs\eco-wealth-portal/uploads/695e1cc88eff3_1767775432_ID_1__2_.pdf
    [file_size] => 149739
)

2026-01-07 14:13:52 - File uploaded successfully - 695e1cc88eff3_1767775432_ID_1__2_.pdf
2026-01-07 14:13:52 - Attempting to upload file - Array
(
    [source] => C:\xampp\tmp\phpF5A9.tmp
    [destination] => C:\xampp\htdocs\eco-wealth-portal/uploads/695e1cc88f465_1767775432_ID_1__3_.pdf
    [file_size] => 149739
)

2026-01-07 14:13:52 - File uploaded successfully - 695e1cc88f465_1767775432_ID_1__3_.pdf
2026-01-07 14:13:52 - Attempting to upload file - Array
(
    [source] => C:\xampp\tmp\phpF5BA.tmp
    [destination] => C:\xampp\htdocs\eco-wealth-portal/uploads/695e1cc890579_1767775432_ID_1__1_.pdf
    [file_size] => 149739
)

2026-01-07 14:13:52 - File uploaded successfully - 695e1cc890579_1767775432_ID_1__1_.pdf
2026-01-07 14:13:52 - Investor inserted successfully - Array
(
    [id] => 21
)

2026-01-07 14:13:52 - Beneficiary inserted - Array
(
    [investor_id] => 21
    [name] => qq
)

2026-01-07 14:13:52 - Transaction committed successfully - Array
(
    [application_id] => 21
)

2026-01-07 14:13:54 - Email sending attempt - Array
(
    [sent] => 
    [to] => dkasun558@gmail.com
)

2026-01-07 14:13:54 - Redirecting to submit.php - Array
(
    [application_id] => 21
)

2026-01-07 14:13:54 - Tables created successfully
2026-01-07 14:14:08 - Tables created successfully
2026-01-07 14:14:13 - Tables created successfully
2026-01-07 14:14:13 - Tables created successfully
2026-01-07 14:14:15 - Tables created successfully
2026-01-07 14:14:17 - Tables created successfully
2026-01-07 14:14:19 - Tables created successfully
2026-01-07 14:14:26 - Tables created successfully
2026-01-07 14:14:38 - Tables created successfully
2026-01-07 14:14:40 - Tables created successfully
2026-01-07 14:14:42 - Tables created successfully
2026-01-07 14:18:45 - Tables created successfully
2026-01-07 14:18:47 - Tables created successfully
2026-01-07 14:19:13 - Tables created successfully
2026-01-07 14:19:22 - Tables created successfully
2026-01-07 14:19:27 - Tables created successfully
2026-01-07 14:19:27 - Tables created successfully
2026-01-07 14:19:29 - Tables created successfully
2026-01-07 14:19:32 - Tables created successfully
2026-01-07 14:19:34 - Tables created successfully
2026-01-07 14:20:15 - Tables created successfully
2026-01-07 14:20:17 - Tables created successfully
2026-01-07 14:20:19 - Tables created successfully
2026-01-07 14:20:39 - Tables created successfully
2026-01-07 14:20:54 - Tables created successfully
2026-01-07 14:20:55 - Tables created successfully
2026-01-07 14:20:58 - Tables created successfully
2026-01-07 14:21:00 - Tables created successfully
2026-01-07 14:21:00 - Tables created successfully
2026-01-07 14:21:00 - Tables created successfully
2026-01-07 14:21:03 - Tables created successfully
2026-01-07 14:21:05 - Tables created successfully
2026-01-07 14:21:05 - Tables created successfully
2026-01-07 14:21:05 - Tables created successfully
2026-01-07 14:21:07 - Tables created successfully
2026-01-07 14:21:09 - Tables created successfully
2026-01-07 14:21:09 - Tables created successfully
2026-01-07 14:21:09 - Tables created successfully
2026-01-07 14:21:15 - Tables created successfully
2026-01-07 14:21:27 - Tables created successfully
2026-01-07 14:21:29 - Tables created successfully
2026-01-07 14:21:39 - Tables created successfully
2026-01-07 14:22:00 - Tables created successfully
2026-01-07 14:22:00 - Tables created successfully
2026-01-07 14:22:04 - Tables created successfully
2026-01-07 14:22:06 - Tables created successfully
2026-01-07 14:22:06 - Tables created successfully
2026-01-07 14:22:06 - Tables created successfully
2026-01-07 14:22:08 - Tables created successfully
2026-01-07 14:22:10 - Tables created successfully
2026-01-07 14:22:10 - Tables created successfully
2026-01-07 14:22:10 - Tables created successfully
2026-01-07 14:22:13 - Tables created successfully
2026-01-07 14:22:14 - Tables created successfully
2026-01-07 14:22:51 - Tables created successfully
2026-01-07 14:22:51 - Tables created successfully
2026-01-07 14:22:51 - Tables created successfully
2026-01-07 14:27:52 - Tables created successfully
2026-01-07 14:30:09 - Tables created successfully
2026-01-07 14:30:12 - Tables created successfully
2026-01-07 14:30:22 - Tables created successfully
2026-01-07 14:30:22 - Tables created successfully
2026-01-07 14:30:41 - Tables created successfully
2026-01-07 14:30:43 - Tables created successfully
2026-01-07 14:30:43 - Tables created successfully
2026-01-07 14:30:43 - Tables created successfully
2026-01-07 14:30:45 - Tables created successfully
2026-01-07 14:30:49 - Tables created successfully
2026-01-07 14:30:49 - Tables created successfully
2026-01-07 14:30:49 - Tables created successfully
2026-01-07 14:33:23 - Tables created successfully
2026-01-07 14:33:25 - Tables created successfully
2026-01-07 14:33:27 - Tables created successfully
2026-01-07 14:33:27 - Tables created successfully
2026-01-07 14:33:27 - Tables created successfully
2026-01-07 14:35:13 - Tables created successfully
2026-01-07 14:35:17 - Tables created successfully
2026-01-07 14:35:17 - Tables created successfully
2026-01-07 14:35:57 - Tables created successfully
2026-01-07 14:35:58 - Tables created successfully
2026-01-07 14:35:59 - Tables created successfully
2026-01-07 14:35:59 - Tables created successfully
2026-01-07 14:36:01 - Tables created successfully
2026-01-07 14:36:01 - Tables created successfully
2026-01-07 14:36:01 - Tables created successfully
2026-01-07 14:36:12 - Tables created successfully
2026-01-07 14:36:12 - Tables created successfully
2026-01-07 14:37:00 - Tables created successfully
2026-01-07 14:37:02 - Tables created successfully
2026-01-07 14:37:03 - Tables created successfully
2026-01-07 14:37:05 - Tables created successfully
2026-01-07 14:37:22 - Tables created successfully
2026-01-07 14:37:22 - Tables created successfully
2026-01-07 14:37:22 - Tables created successfully
2026-01-07 14:37:25 - Tables created successfully
2026-01-07 14:37:25 - Tables created successfully
2026-01-07 14:37:26 - Tables created successfully
2026-01-07 14:37:26 - Tables created successfully
2026-01-07 14:37:28 - Tables created successfully
2026-01-07 14:37:30 - Tables created successfully
2026-01-07 14:37:30 - Tables created successfully
2026-01-07 14:37:30 - Tables created successfully
2026-01-07 14:42:27 - Tables created successfully
2026-01-07 14:42:30 - Tables created successfully
2026-01-07 14:47:28 - Tables created successfully
2026-01-07 14:47:31 - Tables created successfully
2026-01-07 14:52:29 - Tables created successfully
2026-01-07 14:52:32 - Tables created successfully
2026-01-07 14:55:28 - Tables created successfully
2026-01-07 14:55:29 - Tables created successfully
2026-01-07 14:55:29 - Tables created successfully
2026-01-07 14:55:30 - Tables created successfully
2026-01-07 14:55:35 - Tables created successfully
2026-01-07 14:55:35 - Tables created successfully
2026-01-07 14:55:35 - Tables created successfully
2026-01-07 14:55:38 - Tables created successfully
2026-01-07 14:58:55 - Tables created successfully
2026-01-07 14:58:55 - Tables created successfully
2026-01-07 14:59:04 - Tables created successfully
2026-01-07 14:59:04 - Tables created successfully
2026-01-07 14:59:11 - Tables created successfully
2026-01-07 14:59:11 - Tables created successfully
2026-01-07 14:59:14 - Tables created successfully
2026-01-07 14:59:14 - Tables created successfully
2026-01-07 14:59:37 - Tables created successfully
2026-01-07 14:59:37 - Tables created successfully
2026-01-07 14:59:37 - Tables created successfully
2026-01-07 14:59:39 - Tables created successfully
2026-01-07 14:59:41 - Tables created successfully
2026-01-07 14:59:41 - Tables created successfully
2026-01-07 14:59:41 - Tables created successfully
2026-01-07 14:59:58 - Tables created successfully
2026-01-07 15:00:03 - Tables created successfully
2026-01-07 15:00:03 - Tables created successfully
2026-01-07 15:00:03 - Tables created successfully
2026-01-07 15:00:03 - Tables created successfully
2026-01-07 15:00:03 - Tables created successfully
2026-01-07 15:00:03 - Tables created successfully
2026-01-07 15:00:05 - Tables created successfully
2026-01-07 15:00:32 - Tables created successfully
2026-01-07 15:00:33 - Tables created successfully
2026-01-07 15:00:34 - Tables created successfully
2026-01-07 15:00:34 - Tables created successfully
2026-01-07 15:00:35 - Tables created successfully
2026-01-07 15:00:35 - Tables created successfully
2026-01-07 15:00:35 - Tables created successfully
2026-01-07 15:04:41 - Tables created successfully
2026-01-07 15:06:04 - Tables created successfully
2026-01-07 15:06:06 - Tables created successfully
2026-01-07 15:06:06 - Tables created successfully
2026-01-07 15:06:08 - Tables created successfully
2026-01-07 15:06:10 - Tables created successfully
2026-01-07 15:06:21 - Tables created successfully
2026-01-07 15:10:43 - Tables created successfully
2026-01-07 15:10:44 - Tables created successfully
2026-01-07 15:10:46 - Tables created successfully
2026-01-07 15:10:47 - Tables created successfully
2026-01-07 15:10:49 - Tables created successfully
2026-01-07 15:10:50 - Tables created successfully
2026-01-07 15:10:57 - Tables created successfully
2026-01-07 15:11:00 - Tables created successfully
2026-01-07 15:11:00 - Tables created successfully
2026-01-07 15:11:52 - Tables created successfully
2026-01-07 15:12:10 - Tables created successfully
2026-01-07 15:12:12 - Tables created successfully
2026-01-07 15:12:15 - Tables created successfully
2026-01-07 15:14:50 - Tables created successfully
2026-01-07 15:14:50 - Tables created successfully
2026-01-07 15:14:58 - Tables created successfully
2026-01-07 15:23:54 - Tables created successfully
2026-01-07 15:25:25 - Tables created successfully
2026-01-07 15:25:42 - Tables created successfully
2026-01-07 15:25:45 - Tables created successfully
2026-01-07 15:25:50 - Tables created successfully
2026-01-07 15:25:57 - Tables created successfully
2026-01-07 15:26:01 - Tables created successfully
2026-01-07 15:26:01 - Tables created successfully
2026-01-07 15:26:03 - Tables created successfully
2026-01-07 15:26:04 - Tables created successfully
2026-01-07 15:26:06 - Tables created successfully
2026-01-07 15:26:35 - Tables created successfully
2026-01-07 15:26:47 - Tables created successfully
2026-01-07 15:26:50 - Tables created successfully
2026-01-07 15:26:50 - Tables created successfully
2026-01-07 15:26:53 - Tables created successfully
2026-01-07 15:26:55 - Tables created successfully
2026-01-07 15:26:56 - Tables created successfully
2026-01-07 15:27:41 - Tables created successfully
2026-01-07 15:27:56 - Tables created successfully
2026-01-07 15:27:56 - Tables created successfully
2026-01-07 15:27:56 - Tables created successfully
2026-01-07 15:30:03 - Tables created successfully
2026-01-07 15:30:05 - Tables created successfully
2026-01-07 15:30:10 - Tables created successfully
2026-01-07 15:30:15 - Tables created successfully
2026-01-07 15:30:17 - Tables created successfully
2026-01-07 15:30:19 - Tables created successfully
2026-01-07 15:30:25 - Tables created successfully
2026-01-07 15:30:27 - Tables created successfully
2026-01-07 15:30:37 - Tables created successfully
2026-01-07 15:32:49 - Tables created successfully
2026-01-07 15:32:49 - Tables created successfully
2026-01-07 15:32:52 - Tables created successfully
2026-01-07 15:32:52 - Tables created successfully
2026-01-07 15:32:54 - Tables created successfully
2026-01-07 15:41:17 - Tables created successfully
2026-01-07 15:42:06 - Tables created successfully
2026-01-07 15:42:07 - Tables created successfully
2026-01-07 15:42:09 - Tables created successfully
2026-01-07 15:42:09 - Tables created successfully
2026-01-07 15:42:09 - Tables created successfully
2026-01-07 15:42:09 - Tables created successfully
2026-01-07 15:42:10 - Tables created successfully
2026-01-07 15:42:10 - Tables created successfully
2026-01-07 15:42:10 - Tables created successfully
2026-01-07 15:42:11 - Tables created successfully
2026-01-07 15:42:11 - Tables created successfully
2026-01-07 15:42:11 - Tables created successfully
2026-01-07 15:42:11 - Tables created successfully
2026-01-07 15:42:11 - Tables created successfully
2026-01-07 15:42:11 - Tables created successfully
2026-01-07 15:42:12 - Tables created successfully
2026-01-07 15:42:12 - Tables created successfully
2026-01-07 15:42:12 - Tables created successfully
2026-01-07 15:42:20 - Tables created successfully
2026-01-07 15:42:21 - Tables created successfully
2026-01-07 15:42:29 - Tables created successfully
2026-01-07 15:42:40 - Tables created successfully
2026-01-07 15:42:42 - Tables created successfully
2026-01-07 15:42:42 - Tables created successfully
2026-01-07 15:43:00 - Tables created successfully
2026-01-07 15:43:00 - Tables created successfully
2026-01-07 15:43:01 - Tables created successfully
2026-01-07 15:43:01 - Tables created successfully
2026-01-07 15:43:01 - Tables created successfully
2026-01-07 15:43:02 - Tables created successfully
2026-01-07 15:43:03 - Tables created successfully
2026-01-07 15:43:03 - Tables created successfully
2026-01-07 15:43:03 - Tables created successfully
2026-01-07 15:43:04 - Tables created successfully
2026-01-07 15:43:04 - Tables created successfully
2026-01-07 15:43:05 - Tables created successfully
2026-01-07 15:43:06 - Tables created successfully
2026-01-07 15:43:06 - Tables created successfully
2026-01-07 15:43:06 - Tables created successfully
2026-01-07 15:43:08 - Tables created successfully
2026-01-07 15:43:08 - Tables created successfully
2026-01-07 15:43:08 - Tables created successfully
2026-01-07 15:43:08 - Tables created successfully
2026-01-07 15:43:08 - Tables created successfully
2026-01-07 15:43:08 - Tables created successfully
2026-01-07 15:43:20 - Tables created successfully
2026-01-07 15:43:30 - Tables created successfully
2026-01-07 15:43:46 - Tables created successfully
2026-01-07 15:43:54 - Tables created successfully
2026-01-07 15:43:56 - Tables created successfully
2026-01-07 15:43:56 - Tables created successfully
2026-01-07 15:44:00 - Tables created successfully
2026-01-07 15:44:04 - Tables created successfully
2026-01-07 15:45:52 - Tables created successfully
2026-01-07 15:45:53 - Tables created successfully
2026-01-07 15:46:01 - Tables created successfully
2026-01-07 15:46:17 - Tables created successfully
2026-01-07 15:51:14 - Tables created successfully
2026-01-07 15:51:16 - Tables created successfully
2026-01-07 15:51:23 - Tables created successfully
2026-01-07 15:51:25 - Tables created successfully
2026-01-07 15:51:27 - Tables created successfully
2026-01-07 15:52:31 - Tables created successfully
2026-01-07 15:53:00 - Tables created successfully
2026-01-07 15:53:01 - Tables created successfully
2026-01-07 15:53:02 - Tables created successfully
2026-01-07 15:54:17 - Tables created successfully
2026-01-07 15:54:19 - Tables created successfully
2026-01-07 15:54:20 - Tables created successfully
2026-01-07 15:54:21 - Tables created successfully
2026-01-07 15:54:22 - Tables created successfully
2026-01-07 15:54:22 - Tables created successfully
2026-01-07 15:54:25 - Tables created successfully
2026-01-07 15:54:25 - Tables created successfully
2026-01-07 15:54:43 - Tables created successfully
2026-01-07 15:54:44 - Tables created successfully
2026-01-07 15:54:45 - Tables created successfully
2026-01-07 15:54:46 - Tables created successfully
2026-01-07 15:54:46 - Tables created successfully
2026-01-07 15:54:54 - Tables created successfully
2026-01-07 15:54:57 - Tables created successfully
2026-01-07 15:54:57 - Tables created successfully
2026-01-07 15:55:00 - Tables created successfully
2026-01-07 15:56:15 - Tables created successfully
2026-01-07 15:56:17 - Tables created successfully
2026-01-07 15:56:17 - Tables created successfully
2026-01-07 15:56:19 - Tables created successfully
2026-01-07 15:56:56 - Tables created successfully
2026-01-07 15:56:57 - Tables created successfully
2026-01-07 15:56:58 - Tables created successfully
2026-01-07 15:56:58 - Tables created successfully
2026-01-07 15:56:58 - Tables created successfully
2026-01-07 15:56:58 - Tables created successfully
2026-01-07 15:56:58 - Tables created successfully
2026-01-07 15:57:00 - Tables created successfully
2026-01-07 15:57:00 - Tables created successfully
2026-01-07 15:57:00 - Tables created successfully
2026-01-07 15:57:02 - Tables created successfully
2026-01-07 16:02:02 - Tables created successfully
2026-01-07 16:02:43 - Tables created successfully
2026-01-07 16:02:45 - Tables created successfully
2026-01-07 16:02:47 - Tables created successfully
2026-01-07 16:03:21 - Tables created successfully
2026-01-07 16:03:21 - Tables created successfully
2026-01-07 16:03:24 - Tables created successfully
2026-01-07 16:03:26 - Tables created successfully
2026-01-07 16:03:27 - Tables created successfully
2026-01-07 16:03:28 - Tables created successfully
2026-01-07 16:03:30 - Tables created successfully
2026-01-07 16:05:03 - Tables created successfully
2026-01-07 16:06:13 - Tables created successfully
2026-01-07 16:06:13 - Tables created successfully
2026-01-07 16:06:13 - Tables created successfully
2026-01-07 16:06:16 - Tables created successfully
2026-01-07 16:06:24 - Tables created successfully
2026-01-07 16:06:24 - Tables created successfully
2026-01-07 16:07:12 - Tables created successfully
2026-01-07 16:07:14 - Tables created successfully
2026-01-07 16:08:37 - Tables created successfully
2026-01-07 16:09:21 - Tables created successfully
2026-01-07 16:09:21 - Tables created successfully
2026-01-07 16:09:22 - Tables created successfully
2026-01-07 16:09:41 - Tables created successfully
2026-01-07 16:09:42 - Tables created successfully
2026-01-07 16:09:44 - Tables created successfully
2026-01-07 16:09:54 - Tables created successfully
2026-01-07 16:10:51 - Tables created successfully
2026-01-07 16:10:58 - Tables created successfully
2026-01-07 16:11:17 - Tables created successfully
2026-01-07 16:11:25 - Tables created successfully
2026-01-07 16:11:48 - Tables created successfully
2026-01-07 16:12:01 - Tables created successfully
2026-01-07 16:12:04 - Tables created successfully
2026-01-07 16:12:15 - Tables created successfully
2026-01-07 16:12:34 - Tables created successfully
2026-01-07 16:16:24 - Tables created successfully
2026-01-07 16:16:32 - Tables created successfully
2026-01-07 16:16:32 - Tables created successfully
2026-01-07 16:16:34 - Tables created successfully
2026-01-07 16:16:34 - Tables created successfully
2026-01-07 16:16:51 - Tables created successfully
2026-01-07 16:17:04 - Tables created successfully
2026-01-07 16:17:06 - Tables created successfully
2026-01-07 16:17:06 - Tables created successfully
2026-01-07 16:17:06 - Tables created successfully
2026-01-07 16:17:09 - Tables created successfully
2026-01-07 16:17:09 - Tables created successfully
2026-01-07 16:17:11 - Tables created successfully
2026-01-07 16:17:11 - Tables created successfully
2026-01-07 16:17:11 - Tables created successfully
2026-01-07 16:17:12 - Tables created successfully
2026-01-07 16:17:14 - Tables created successfully
2026-01-07 16:17:14 - Tables created successfully
2026-01-07 16:17:14 - Tables created successfully
2026-01-07 16:22:14 - Tables created successfully
2026-01-07 16:22:17 - Tables created successfully
2026-01-07 16:22:19 - Tables created successfully
2026-01-07 16:22:21 - Tables created successfully
2026-01-07 16:22:21 - Tables created successfully
2026-01-07 16:22:22 - Tables created successfully
2026-01-07 16:22:47 - Tables created successfully
2026-01-07 16:22:49 - Tables created successfully
2026-01-07 16:22:49 - Tables created successfully
2026-01-07 16:22:49 - Tables created successfully
2026-01-07 16:22:51 - Tables created successfully
2026-01-07 16:22:53 - Tables created successfully
2026-01-07 16:22:53 - Tables created successfully
2026-01-07 16:22:53 - Tables created successfully
2026-01-07 16:22:53 - Tables created successfully
2026-01-07 16:22:53 - Tables created successfully
2026-01-07 16:22:55 - Tables created successfully
2026-01-07 16:23:27 - Tables created successfully
2026-01-07 16:23:28 - Tables created successfully
2026-01-07 16:23:30 - Tables created successfully
2026-01-07 16:23:32 - Tables created successfully
2026-01-07 16:23:32 - Tables created successfully
2026-01-07 16:23:32 - Tables created successfully
2026-01-07 16:23:47 - Tables created successfully
2026-01-07 16:23:48 - Tables created successfully
2026-01-07 16:23:50 - Tables created successfully
2026-01-07 16:23:58 - Tables created successfully
2026-01-07 16:24:01 - Tables created successfully
2026-01-07 16:24:01 - Tables created successfully
2026-01-07 16:24:04 - Tables created successfully
2026-01-07 16:24:05 - Tables created successfully
2026-01-07 16:24:07 - Tables created successfully
2026-01-07 16:24:18 - Tables created successfully
2026-01-07 16:24:18 - Tables created successfully
2026-01-07 16:29:18 - Tables created successfully
2026-01-07 16:34:19 - Tables created successfully
2026-01-07 16:39:20 - Tables created successfully
2026-01-07 16:41:57 - Tables created successfully
2026-01-07 16:41:57 - Tables created successfully
2026-01-07 16:41:57 - Tables created successfully
2026-01-07 16:41:57 - Tables created successfully
2026-01-07 16:42:03 - Tables created successfully
2026-01-07 16:42:04 - Tables created successfully
2026-01-07 16:42:06 - Tables created successfully
2026-01-07 16:42:10 - Tables created successfully
2026-01-07 16:42:10 - Tables created successfully
2026-01-07 16:42:20 - Tables created successfully
2026-01-07 16:42:24 - Tables created successfully
2026-01-07 16:42:24 - Tables created successfully
2026-01-07 16:42:26 - Tables created successfully
2026-01-07 16:42:26 - Tables created successfully
2026-01-07 16:42:27 - Tables created successfully
2026-01-07 16:42:29 - Tables created successfully
2026-01-07 16:42:40 - Tables created successfully
2026-01-07 16:42:42 - Tables created successfully
2026-01-07 16:42:44 - Tables created successfully
2026-01-07 16:42:48 - Tables created successfully
2026-01-07 16:42:49 - Tables created successfully
2026-01-07 16:43:56 - Tables created successfully
2026-01-07 16:43:57 - Tables created successfully
2026-01-07 16:43:59 - Tables created successfully
2026-01-07 16:43:59 - Tables created successfully
2026-01-07 16:44:09 - Tables created successfully
2026-01-07 16:44:09 - Tables created successfully
2026-01-07 16:44:11 - Tables created successfully
2026-01-07 16:44:11 - Tables created successfully
2026-01-07 16:44:19 - Tables created successfully
2026-01-07 16:44:22 - Tables created successfully
2026-01-07 16:44:26 - Tables created successfully
2026-01-07 16:49:26 - Tables created successfully
2026-01-07 16:54:26 - Tables created successfully
2026-01-07 18:50:42 - Tables created successfully
2026-01-07 18:50:51 - Tables created successfully
2026-01-07 18:53:07 - Tables created successfully
2026-01-07 18:53:07 - Form submission started - Array
(
    [fullName] => Thilanki
    [nameWithInitials] => A D Thilanki
    [nicNo] => 20030440288821
    [telNo] => 0717499981
    [dob] => 2007-12-30
    [email] => thilanki@gmail.com
    [address] => kalawana
    [occupation] => IT
    [employerName] => kasun
    [beneficiaryName] => Array
        (
            [0] => kasun
        )

    [beneficiaryNIC] => Array
        (
            [0] => 200130400897
        )

    [beneficiaryPercentage] => Array
        (
            [0] => 100
        )

    [years] => 2
    [investmentAmount] => 2000000
    [investmentType] => carbon_credits
    [signingDate] => 2026-01-07
    [accountNo] => 2001921
    [bank] => PEOPLES BANK
    [branch] => COLOMBO
    [declaration] => accepted
    [declarationDate] => 2026-01-07
)

2026-01-07 18:53:07 - Files received - Array
(
    [signatureUpload] => Array
        (
            [name] => ID_1.pdf
            [type] => application/pdf
            [tmp_name] => C:\xampp\tmp\phpAC3B.tmp
            [error] => 0
            [size] => 149739
        )

    [investorId] => Array
        (
            [name] => ID_1.pdf
            [type] => application/pdf
            [tmp_name] => C:\xampp\tmp\phpAC3C.tmp
            [error] => 0
            [size] => 149739
        )

    [beneficiaryId] => Array
        (
            [name] => ID_1 (3).pdf
            [type] => application/pdf
            [tmp_name] => C:\xampp\tmp\phpAC3D.tmp
            [error] => 0
            [size] => 149739
        )

    [passbook] => Array
        (
            [name] => ID_1 (2).pdf
            [type] => application/pdf
            [tmp_name] => C:\xampp\tmp\phpAC4E.tmp
            [error] => 0
            [size] => 149739
        )

    [paymentSlip] => Array
        (
            [name] => ID_1 (1).pdf
            [type] => application/pdf
            [tmp_name] => C:\xampp\tmp\phpAC4F.tmp
            [error] => 0
            [size] => 149739
        )

    [finalSignature] => Array
        (
            [name] => Bank_Slip_1.pdf
            [type] => application/pdf
            [tmp_name] => C:\xampp\tmp\phpAC50.tmp
            [error] => 0
            [size] => 150243
        )

)

2026-01-07 18:53:07 - POST request received
2026-01-07 18:53:07 - Processing form data - Array
(
    [fullName] => Thilanki
    [nameWithInitials] => A D Thilanki
    [nicNo] => 20030440288821
    [telNo] => 0717499981
    [dob] => 2007-12-30
    [email] => thilanki@gmail.com
    [address] => kalawana
    [occupation] => IT
    [employerName] => kasun
    [beneficiaryName] => Array
        (
            [0] => kasun
        )

    [beneficiaryNIC] => Array
        (
            [0] => 200130400897
        )

    [beneficiaryPercentage] => Array
        (
            [0] => 100
        )

    [years] => 2
    [investmentAmount] => 2000000
    [investmentType] => carbon_credits
    [signingDate] => 2026-01-07
    [accountNo] => 2001921
    [bank] => PEOPLES BANK
    [branch] => COLOMBO
    [declaration] => accepted
    [declarationDate] => 2026-01-07
)

2026-01-07 18:53:07 - Attempting to upload file - Array
(
    [source] => C:\xampp\tmp\phpAC3B.tmp
    [destination] => C:\xampp\htdocs\eco-wealth-portal/uploads/695e5e3b8f399_1767792187_ID_1.pdf
    [file_size] => 149739
)

2026-01-07 18:53:07 - File uploaded successfully - 695e5e3b8f399_1767792187_ID_1.pdf
2026-01-07 18:53:07 - Attempting to upload file - Array
(
    [source] => C:\xampp\tmp\phpAC3C.tmp
    [destination] => C:\xampp\htdocs\eco-wealth-portal/uploads/695e5e3b90052_1767792187_ID_1.pdf
    [file_size] => 149739
)

2026-01-07 18:53:07 - File uploaded successfully - 695e5e3b90052_1767792187_ID_1.pdf
2026-01-07 18:53:07 - Attempting to upload file - Array
(
    [source] => C:\xampp\tmp\phpAC3D.tmp
    [destination] => C:\xampp\htdocs\eco-wealth-portal/uploads/695e5e3b903f4_1767792187_ID_1__3_.pdf
    [file_size] => 149739
)

2026-01-07 18:53:07 - File uploaded successfully - 695e5e3b903f4_1767792187_ID_1__3_.pdf
2026-01-07 18:53:07 - Attempting to upload file - Array
(
    [source] => C:\xampp\tmp\phpAC4E.tmp
    [destination] => C:\xampp\htdocs\eco-wealth-portal/uploads/695e5e3b9078c_1767792187_ID_1__2_.pdf
    [file_size] => 149739
)

2026-01-07 18:53:07 - File uploaded successfully - 695e5e3b9078c_1767792187_ID_1__2_.pdf
2026-01-07 18:53:07 - Attempting to upload file - Array
(
    [source] => C:\xampp\tmp\phpAC4F.tmp
    [destination] => C:\xampp\htdocs\eco-wealth-portal/uploads/695e5e3b90add_1767792187_ID_1__1_.pdf
    [file_size] => 149739
)

2026-01-07 18:53:07 - File uploaded successfully - 695e5e3b90add_1767792187_ID_1__1_.pdf
2026-01-07 18:53:07 - Attempting to upload file - Array
(
    [source] => C:\xampp\tmp\phpAC50.tmp
    [destination] => C:\xampp\htdocs\eco-wealth-portal/uploads/695e5e3b90f7b_1767792187_Bank_Slip_1.pdf
    [file_size] => 150243
)

2026-01-07 18:53:07 - File uploaded successfully - 695e5e3b90f7b_1767792187_Bank_Slip_1.pdf
2026-01-07 18:53:07 - Investor inserted successfully - Array
(
    [id] => 22
)

2026-01-07 18:53:07 - Beneficiary inserted - Array
(
    [investor_id] => 22
    [name] => kasun
)

2026-01-07 18:53:07 - Transaction committed successfully - Array
(
    [application_id] => 22
)

2026-01-07 18:53:09 - Email sending attempt - Array
(
    [sent] => 
    [to] => thilanki@gmail.com
)

2026-01-07 18:53:09 - Redirecting to submit.php - Array
(
    [application_id] => 22
)

2026-01-07 18:53:09 - Tables created successfully
2026-01-07 18:53:27 - Tables created successfully
2026-01-07 18:53:35 - Tables created successfully
2026-01-07 18:53:53 - Tables created successfully
2026-01-07 18:53:53 - Tables created successfully
2026-01-07 18:53:57 - Tables created successfully
2026-01-07 18:54:08 - Tables created successfully
2026-01-07 18:54:14 - Tables created successfully
2026-01-07 18:54:19 - Tables created successfully
2026-01-07 18:54:20 - Tables created successfully
2026-01-07 18:54:20 - Tables created successfully
2026-01-07 18:54:22 - Tables created successfully
2026-01-07 18:54:24 - Tables created successfully
2026-01-07 18:54:40 - Tables created successfully
2026-01-07 18:54:45 - Tables created successfully
2026-01-07 18:54:45 - Tables created successfully
2026-01-07 18:54:47 - Tables created successfully
2026-01-07 18:54:50 - Tables created successfully
2026-01-07 18:54:52 - Tables created successfully
2026-01-07 18:55:43 - Tables created successfully
2026-01-07 18:55:49 - Tables created successfully
2026-01-07 18:55:51 - Tables created successfully
2026-01-07 18:55:53 - Tables created successfully
2026-01-07 18:56:14 - Tables created successfully
2026-01-07 18:56:24 - Tables created successfully
2026-01-07 18:56:29 - Tables created successfully
2026-01-07 18:56:29 - Tables created successfully
2026-01-07 18:56:32 - Tables created successfully
2026-01-07 18:56:34 - Tables created successfully
2026-01-07 18:56:36 - Tables created successfully
2026-01-07 18:57:07 - Tables created successfully
2026-01-07 18:57:09 - Tables created successfully
2026-01-07 18:57:11 - Tables created successfully
2026-01-07 18:57:18 - Tables created successfully
2026-01-07 18:57:31 - Tables created successfully
2026-01-07 18:57:35 - Tables created successfully
2026-01-07 18:57:35 - Tables created successfully
2026-01-07 18:57:37 - Tables created successfully
2026-01-07 18:57:40 - Tables created successfully
2026-01-07 18:57:42 - Tables created successfully
2026-01-07 18:58:05 - Tables created successfully
2026-01-07 18:58:07 - Tables created successfully
2026-01-07 18:58:09 - Tables created successfully
2026-01-07 18:58:22 - Tables created successfully
2026-01-07 18:59:59 - Tables created successfully
2026-01-07 18:59:59 - Form submission started - Array
(
    [fullName] => Dilshan
    [nameWithInitials] => kasun
    [nicNo] => 99987977-55
    [telNo] => 0717499981
    [dob] => 2007-12-30
    [email] => dkasun558@gmail.com
    [address] => 368/6 Rathnapura Road Kalawana
    [occupation] => IT 
    [employerName] => Kasun Dilshan
    [beneficiaryName] => Array
        (
            [0] => kasun
        )

    [beneficiaryNIC] => Array
        (
            [0] => 200130144132
        )

    [beneficiaryPercentage] => Array
        (
            [0] => 100
        )

    [years] => 3
    [investmentAmount] => 544340
    [investmentType] => green_real_estate
    [signingDate] => 2026-01-07
    [accountNo] => 20012130098
    [bank] => PEOPLES BANK
    [branch] => COLOMBO
    [declaration] => accepted
    [declarationDate] => 2026-01-07
)

2026-01-07 18:59:59 - Files received - Array
(
    [signatureUpload] => Array
        (
            [name] => ID_1 (1).pdf
            [type] => application/pdf
            [tmp_name] => C:\xampp\tmp\phpF6CB.tmp
            [error] => 0
            [size] => 149739
        )

    [investorId] => Array
        (
            [name] => ID_1.pdf
            [type] => application/pdf
            [tmp_name] => C:\xampp\tmp\phpF6CC.tmp
            [error] => 0
            [size] => 149739
        )

    [beneficiaryId] => Array
        (
            [name] => ID_1 (1).pdf
            [type] => application/pdf
            [tmp_name] => C:\xampp\tmp\phpF6CD.tmp
            [error] => 0
            [size] => 149739
        )

    [passbook] => Array
        (
            [name] => ID_1 (3).pdf
            [type] => application/pdf
            [tmp_name] => C:\xampp\tmp\phpF6DE.tmp
            [error] => 0
            [size] => 149739
        )

    [paymentSlip] => Array
        (
            [name] => ID_1 (1).pdf
            [type] => application/pdf
            [tmp_name] => C:\xampp\tmp\phpF6DF.tmp
            [error] => 0
            [size] => 149739
        )

    [finalSignature] => Array
        (
            [name] => ID_1.pdf
            [type] => application/pdf
            [tmp_name] => C:\xampp\tmp\phpF6E0.tmp
            [error] => 0
            [size] => 149739
        )

)

2026-01-07 18:59:59 - POST request received
2026-01-07 18:59:59 - Processing form data - Array
(
    [fullName] => Dilshan
    [nameWithInitials] => kasun
    [nicNo] => 99987977-55
    [telNo] => 0717499981
    [dob] => 2007-12-30
    [email] => dkasun558@gmail.com
    [address] => 368/6 Rathnapura Road Kalawana
    [occupation] => IT 
    [employerName] => Kasun Dilshan
    [beneficiaryName] => Array
        (
            [0] => kasun
        )

    [beneficiaryNIC] => Array
        (
            [0] => 200130144132
        )

    [beneficiaryPercentage] => Array
        (
            [0] => 100
        )

    [years] => 3
    [investmentAmount] => 544340
    [investmentType] => green_real_estate
    [signingDate] => 2026-01-07
    [accountNo] => 20012130098
    [bank] => PEOPLES BANK
    [branch] => COLOMBO
    [declaration] => accepted
    [declarationDate] => 2026-01-07
)

2026-01-07 18:59:59 - Attempting to upload file - Array
(
    [source] => C:\xampp\tmp\phpF6CB.tmp
    [destination] => C:\xampp\htdocs\eco-wealth-portal/uploads/695e5fd7dfb1a_1767792599_ID_1__1_.pdf
    [file_size] => 149739
)

2026-01-07 18:59:59 - File uploaded successfully - 695e5fd7dfb1a_1767792599_ID_1__1_.pdf
2026-01-07 18:59:59 - Attempting to upload file - Array
(
    [source] => C:\xampp\tmp\phpF6CC.tmp
    [destination] => C:\xampp\htdocs\eco-wealth-portal/uploads/695e5fd7e0950_1767792599_ID_1.pdf
    [file_size] => 149739
)

2026-01-07 18:59:59 - File uploaded successfully - 695e5fd7e0950_1767792599_ID_1.pdf
2026-01-07 18:59:59 - Attempting to upload file - Array
(
    [source] => C:\xampp\tmp\phpF6CD.tmp
    [destination] => C:\xampp\htdocs\eco-wealth-portal/uploads/695e5fd7e12fe_1767792599_ID_1__1_.pdf
    [file_size] => 149739
)

2026-01-07 18:59:59 - File uploaded successfully - 695e5fd7e12fe_1767792599_ID_1__1_.pdf
2026-01-07 18:59:59 - Attempting to upload file - Array
(
    [source] => C:\xampp\tmp\phpF6DE.tmp
    [destination] => C:\xampp\htdocs\eco-wealth-portal/uploads/695e5fd7e173b_1767792599_ID_1__3_.pdf
    [file_size] => 149739
)

2026-01-07 18:59:59 - File uploaded successfully - 695e5fd7e173b_1767792599_ID_1__3_.pdf
2026-01-07 18:59:59 - Attempting to upload file - Array
(
    [source] => C:\xampp\tmp\phpF6DF.tmp
    [destination] => C:\xampp\htdocs\eco-wealth-portal/uploads/695e5fd7e1a75_1767792599_ID_1__1_.pdf
    [file_size] => 149739
)

2026-01-07 18:59:59 - File uploaded successfully - 695e5fd7e1a75_1767792599_ID_1__1_.pdf
2026-01-07 18:59:59 - Attempting to upload file - Array
(
    [source] => C:\xampp\tmp\phpF6E0.tmp
    [destination] => C:\xampp\htdocs\eco-wealth-portal/uploads/695e5fd7e1d99_1767792599_ID_1.pdf
    [file_size] => 149739
)

2026-01-07 18:59:59 - File uploaded successfully - 695e5fd7e1d99_1767792599_ID_1.pdf
2026-01-07 18:59:59 - Investor inserted successfully - Array
(
    [id] => 23
)

2026-01-07 18:59:59 - Beneficiary inserted - Array
(
    [investor_id] => 23
    [name] => kasun
)

2026-01-07 18:59:59 - Transaction committed successfully - Array
(
    [application_id] => 23
)

2026-01-07 19:00:01 - Email sending attempt - Array
(
    [sent] => 
    [to] => dkasun558@gmail.com
)

2026-01-07 19:00:01 - Redirecting to submit.php - Array
(
    [application_id] => 23
)

2026-01-07 19:00:02 - Tables created successfully
2026-01-07 19:00:07 - Tables created successfully
2026-01-07 19:00:10 - Tables created successfully
2026-01-07 19:00:10 - Tables created successfully
2026-01-07 19:00:13 - Tables created successfully
2026-01-07 19:00:23 - Tables created successfully
2026-01-07 19:00:30 - Tables created successfully
2026-01-07 19:00:30 - Tables created successfully
2026-01-07 19:00:33 - Tables created successfully
2026-01-07 19:00:35 - Tables created successfully
2026-01-07 19:00:37 - Tables created successfully
2026-01-07 19:00:45 - Tables created successfully
2026-01-07 19:00:47 - Tables created successfully
2026-01-07 19:00:49 - Tables created successfully
2026-01-07 19:01:04 - Tables created successfully
2026-01-07 19:01:09 - Tables created successfully
2026-01-07 19:01:09 - Tables created successfully
2026-01-07 19:01:12 - Tables created successfully
2026-01-07 19:01:14 - Tables created successfully
2026-01-07 19:01:38 - Tables created successfully
2026-01-07 19:01:43 - Tables created successfully
2026-01-07 19:01:45 - Tables created successfully
2026-01-07 19:01:53 - Tables created successfully
2026-01-07 19:01:55 - Tables created successfully
2026-01-07 19:01:57 - Tables created successfully
2026-01-07 19:01:58 - Tables created successfully
2026-01-07 19:02:08 - Tables created successfully
2026-01-07 19:02:14 - Tables created successfully
2026-01-07 19:02:14 - Tables created successfully
2026-01-07 19:02:16 - Tables created successfully
2026-01-07 19:02:19 - Tables created successfully
2026-01-07 19:02:21 - Tables created successfully
2026-01-07 19:02:40 - Tables created successfully
2026-01-07 19:02:42 - Tables created successfully
2026-01-07 19:02:44 - Tables created successfully
2026-01-07 19:04:07 - Tables created successfully
2026-01-07 19:04:13 - Tables created successfully
2026-01-07 19:04:18 - Tables created successfully
2026-01-07 19:04:18 - Tables created successfully
2026-01-07 19:04:21 - Tables created successfully
2026-01-07 19:04:21 - Tables created successfully
2026-01-07 19:04:24 - Tables created successfully
2026-01-07 19:04:24 - Tables created successfully
2026-01-07 19:04:27 - Tables created successfully
2026-01-07 19:04:27 - Tables created successfully
2026-01-07 19:04:30 - Tables created successfully
2026-01-07 19:04:30 - Tables created successfully
2026-01-07 19:04:33 - Tables created successfully
2026-01-07 19:04:33 - Tables created successfully
2026-01-08 09:29:53 - Tables created successfully
2026-01-08 09:53:23 - Tables created successfully
2026-01-08 09:55:24 - Tables created successfully
2026-01-08 09:55:32 - Tables created successfully
2026-01-08 09:55:32 - Tables created successfully
2026-01-08 15:15:20 - Tables created successfully
2026-01-08 15:15:20 - Form submission started - Array
(
    [fullName] => Dilshan
    [nameWithInitials] => kasun
    [nicNo] => 200130400871
    [telNo] => 07811135631
    [dob] => 2008-01-02
    [email] => dkasun558@gmail.com
    [address] => 368/6 Rathnapura Road Kalawana
    [occupation] => it
    [employerName] => Kasun Dilshan
    [beneficiaryName] => Array
        (
            [0] => aa
        )

    [beneficiaryNIC] => Array
        (
            [0] => 21111111
        )

    [beneficiaryPercentage] => Array
        (
            [0] => 100
        )

    [years] => 2
    [investmentAmount] => 1221211
    [investmentType] => renewable_energy
    [signingDate] => 2026-01-08
    [accountNo] => 2121212121
    [bank] => 13224242
    [branch] => cfd
    [declaration] => accepted
    [declarationDate] => 2026-01-08
)

2026-01-08 15:15:20 - Files received - Array
(
    [signatureUpload] => Array
        (
            [name] => ID_1.pdf
            [type] => application/pdf
            [tmp_name] => C:\xampp\tmp\php4E8.tmp
            [error] => 0
            [size] => 149739
        )

    [investorId] => Array
        (
            [name] => ID_1.pdf
            [type] => application/pdf
            [tmp_name] => C:\xampp\tmp\php4F9.tmp
            [error] => 0
            [size] => 149739
        )

    [beneficiaryId] => Array
        (
            [name] => ID_1 (3).pdf
            [type] => application/pdf
            [tmp_name] => C:\xampp\tmp\php509.tmp
            [error] => 0
            [size] => 149739
        )

    [passbook] => Array
        (
            [name] => ID_1 (2).pdf
            [type] => application/pdf
            [tmp_name] => C:\xampp\tmp\php50A.tmp
            [error] => 0
            [size] => 149739
        )

    [paymentSlip] => Array
        (
            [name] => Bank_Slip_1.pdf
            [type] => application/pdf
            [tmp_name] => C:\xampp\tmp\php51B.tmp
            [error] => 0
            [size] => 150243
        )

    [finalSignature] => Array
        (
            [name] => ID_1 (1).pdf
            [type] => application/pdf
            [tmp_name] => C:\xampp\tmp\php51C.tmp
            [error] => 0
            [size] => 149739
        )

)

2026-01-08 15:15:20 - POST request received
2026-01-08 15:15:20 - Processing form data - Array
(
    [fullName] => Dilshan
    [nameWithInitials] => kasun
    [nicNo] => 200130400871
    [telNo] => 07811135631
    [dob] => 2008-01-02
    [email] => dkasun558@gmail.com
    [address] => 368/6 Rathnapura Road Kalawana
    [occupation] => it
    [employerName] => Kasun Dilshan
    [beneficiaryName] => Array
        (
            [0] => aa
        )

    [beneficiaryNIC] => Array
        (
            [0] => 21111111
        )

    [beneficiaryPercentage] => Array
        (
            [0] => 100
        )

    [years] => 2
    [investmentAmount] => 1221211
    [investmentType] => renewable_energy
    [signingDate] => 2026-01-08
    [accountNo] => 2121212121
    [bank] => 13224242
    [branch] => cfd
    [declaration] => accepted
    [declarationDate] => 2026-01-08
)

2026-01-08 15:15:20 - Attempting to upload file - Array
(
    [source] => C:\xampp\tmp\php4E8.tmp
    [destination] => C:\xampp\htdocs\eco-wealth-portal/uploads/695f7cb035b79_1767865520_ID_1.pdf
    [file_size] => 149739
)

2026-01-08 15:15:20 - File uploaded successfully - 695f7cb035b79_1767865520_ID_1.pdf
2026-01-08 15:15:20 - Attempting to upload file - Array
(
    [source] => C:\xampp\tmp\php4F9.tmp
    [destination] => C:\xampp\htdocs\eco-wealth-portal/uploads/695f7cb0360d6_1767865520_ID_1.pdf
    [file_size] => 149739
)

2026-01-08 15:15:20 - File uploaded successfully - 695f7cb0360d6_1767865520_ID_1.pdf
2026-01-08 15:15:20 - Attempting to upload file - Array
(
    [source] => C:\xampp\tmp\php509.tmp
    [destination] => C:\xampp\htdocs\eco-wealth-portal/uploads/695f7cb0365fd_1767865520_ID_1__3_.pdf
    [file_size] => 149739
)

2026-01-08 15:15:20 - File uploaded successfully - 695f7cb0365fd_1767865520_ID_1__3_.pdf
2026-01-08 15:15:20 - Attempting to upload file - Array
(
    [source] => C:\xampp\tmp\php50A.tmp
    [destination] => C:\xampp\htdocs\eco-wealth-portal/uploads/695f7cb037865_1767865520_ID_1__2_.pdf
    [file_size] => 149739
)

2026-01-08 15:15:20 - File uploaded successfully - 695f7cb037865_1767865520_ID_1__2_.pdf
2026-01-08 15:15:20 - Attempting to upload file - Array
(
    [source] => C:\xampp\tmp\php51B.tmp
    [destination] => C:\xampp\htdocs\eco-wealth-portal/uploads/695f7cb03822b_1767865520_Bank_Slip_1.pdf
    [file_size] => 150243
)

2026-01-08 15:15:20 - File uploaded successfully - 695f7cb03822b_1767865520_Bank_Slip_1.pdf
2026-01-08 15:15:20 - Attempting to upload file - Array
(
    [source] => C:\xampp\tmp\php51C.tmp
    [destination] => C:\xampp\htdocs\eco-wealth-portal/uploads/695f7cb038865_1767865520_ID_1__1_.pdf
    [file_size] => 149739
)

2026-01-08 15:15:20 - File uploaded successfully - 695f7cb038865_1767865520_ID_1__1_.pdf
2026-01-08 15:15:20 - Investor inserted successfully - Array
(
    [id] => 24
)

2026-01-08 15:15:20 - Beneficiary inserted - Array
(
    [investor_id] => 24
    [name] => aa
)

2026-01-08 15:15:20 - Transaction committed successfully - Array
(
    [application_id] => 24
)

2026-01-08 15:15:22 - Email sending attempt - Array
(
    [sent] => 
    [to] => dkasun558@gmail.com
)

2026-01-08 15:15:22 - Redirecting to submit.php - Array
(
    [application_id] => 24
)

2026-01-08 15:15:22 - Tables created successfully
2026-01-08 15:15:37 - Tables created successfully
2026-01-08 15:15:37 - Tables created successfully
2026-01-08 15:15:51 - Tables created successfully
2026-01-08 15:15:53 - Tables created successfully
2026-01-08 15:15:53 - Tables created successfully
2026-01-08 15:15:53 - Tables created successfully
2026-01-08 15:15:57 - Tables created successfully
2026-01-08 15:16:02 - Tables created successfully
2026-01-08 15:16:03 - Tables created successfully
2026-01-08 15:16:04 - Tables created successfully
2026-01-08 15:16:04 - Tables created successfully
2026-01-08 15:16:38 - Tables created successfully
2026-01-08 15:16:38 - Tables created successfully
2026-01-08 15:16:40 - Tables created successfully
2026-01-08 15:16:40 - Tables created successfully
2026-01-08 15:16:58 - Tables created successfully
2026-01-08 15:17:03 - Tables created successfully
2026-01-08 15:17:03 - Tables created successfully
2026-01-08 15:17:25 - Tables created successfully
2026-01-08 15:17:26 - Tables created successfully
2026-01-08 15:17:28 - Tables created successfully
2026-01-08 15:17:44 - Tables created successfully
2026-01-08 15:17:45 - Tables created successfully
2026-01-08 15:17:47 - Tables created successfully
2026-01-08 15:17:49 - Tables created successfully
2026-01-08 15:29:30 - Tables created successfully
2026-01-08 15:29:30 - Tables created successfully
2026-01-08 15:29:34 - Tables created successfully
2026-01-08 15:29:41 - Tables created successfully
2026-01-08 15:29:49 - Tables created successfully
2026-01-08 15:29:49 - Tables created successfully
2026-01-08 15:29:52 - Tables created successfully
2026-01-08 15:29:58 - Tables created successfully
2026-01-08 15:29:59 - Tables created successfully
2026-01-08 15:30:06 - Tables created successfully
2026-01-09 09:33:20 - Tables created successfully
2026-01-09 09:47:09 - Tables created successfully
2026-01-09 09:47:09 - Tables created successfully
2026-01-09 09:47:16 - Tables created successfully
2026-01-09 09:47:17 - Tables created successfully
2026-01-09 09:47:21 - Tables created successfully
2026-01-09 09:47:21 - Tables created successfully
2026-01-09 09:47:26 - Tables created successfully
2026-01-09 09:47:26 - Tables created successfully
2026-01-09 09:47:26 - Tables created successfully
2026-01-09 09:47:30 - Tables created successfully
2026-01-09 09:47:43 - Tables created successfully
2026-01-09 09:50:39 - Tables created successfully
2026-01-09 09:51:04 - Tables created successfully
2026-01-09 09:51:07 - Tables created successfully
2026-01-09 09:51:09 - Tables created successfully
2026-01-09 09:51:11 - Tables created successfully
2026-01-09 09:51:13 - Tables created successfully
2026-01-09 09:51:19 - Tables created successfully
2026-01-09 09:51:22 - Tables created successfully
2026-01-09 09:51:27 - Tables created successfully
2026-01-09 09:53:41 - Tables created successfully
2026-01-09 09:53:59 - Tables created successfully
2026-01-09 09:54:06 - Tables created successfully
2026-01-09 09:59:07 - Tables created successfully
2026-01-09 10:00:53 - Tables created successfully
2026-01-09 10:01:04 - Tables created successfully
2026-01-09 10:01:04 - Tables created successfully
2026-01-09 10:01:04 - Tables created successfully
2026-01-09 10:01:06 - Tables created successfully
2026-01-09 10:01:06 - Tables created successfully
2026-01-09 10:01:06 - Tables created successfully
2026-01-09 10:01:07 - Tables created successfully
2026-01-09 10:01:07 - Tables created successfully
2026-01-09 10:01:07 - Tables created successfully
2026-01-09 10:01:09 - Tables created successfully
2026-01-09 10:01:09 - Tables created successfully
2026-01-09 10:01:09 - Tables created successfully
2026-01-09 10:01:10 - Tables created successfully
2026-01-09 10:01:10 - Tables created successfully
2026-01-09 10:01:10 - Tables created successfully
2026-01-09 10:01:11 - Tables created successfully
2026-01-09 10:01:13 - Tables created successfully
2026-01-09 10:01:13 - Tables created successfully
2026-01-09 10:01:13 - Tables created successfully
2026-01-09 10:01:15 - Tables created successfully
2026-01-09 10:01:18 - Tables created successfully
2026-01-09 10:01:19 - Tables created successfully
2026-01-09 10:01:21 - Tables created successfully
2026-01-09 10:01:21 - Tables created successfully
2026-01-09 10:01:21 - Tables created successfully
2026-01-09 10:01:21 - Tables created successfully
2026-01-09 10:01:21 - Tables created successfully
2026-01-09 10:01:21 - Tables created successfully
2026-01-09 10:01:22 - Tables created successfully
2026-01-09 10:01:24 - Tables created successfully
2026-01-09 10:02:21 - Tables created successfully
2026-01-09 10:02:22 - Tables created successfully
2026-01-09 10:02:22 - Tables created successfully
2026-01-09 10:02:22 - Tables created successfully
2026-01-09 10:02:23 - Tables created successfully
2026-01-09 10:02:23 - Tables created successfully
2026-01-09 10:02:23 - Tables created successfully
2026-01-09 10:02:24 - Tables created successfully
2026-01-09 10:02:24 - Tables created successfully
2026-01-09 10:02:24 - Tables created successfully
2026-01-09 10:02:24 - Tables created successfully
2026-01-09 10:02:24 - Tables created successfully
2026-01-09 10:02:24 - Tables created successfully
2026-01-09 10:02:25 - Tables created successfully
2026-01-09 10:02:25 - Tables created successfully
2026-01-09 10:02:25 - Tables created successfully
2026-01-09 10:02:55 - Tables created successfully
2026-01-09 10:02:56 - Tables created successfully
2026-01-09 10:02:56 - Tables created successfully
2026-01-09 10:02:56 - Tables created successfully
2026-01-09 10:02:57 - Tables created successfully
2026-01-09 10:02:57 - Tables created successfully
2026-01-09 10:02:57 - Tables created successfully
2026-01-09 10:02:57 - Tables created successfully
2026-01-09 10:02:57 - Tables created successfully
2026-01-09 10:02:58 - Tables created successfully
2026-01-09 10:02:58 - Tables created successfully
2026-01-09 10:02:58 - Tables created successfully
2026-01-09 10:02:58 - Tables created successfully
2026-01-09 10:02:59 - Tables created successfully
2026-01-09 10:02:59 - Tables created successfully
2026-01-09 10:02:59 - Tables created successfully
2026-01-09 10:02:59 - Tables created successfully
2026-01-09 10:02:59 - Tables created successfully
2026-01-09 10:03:00 - Tables created successfully
2026-01-09 10:03:01 - Tables created successfully
2026-01-09 10:03:01 - Tables created successfully
2026-01-09 10:03:01 - Tables created successfully
2026-01-09 10:03:02 - Tables created successfully
2026-01-09 10:03:02 - Tables created successfully
2026-01-09 10:03:02 - Tables created successfully
2026-01-09 10:03:02 - Tables created successfully
2026-01-09 10:03:02 - Tables created successfully
2026-01-09 10:03:02 - Tables created successfully
2026-01-09 10:03:03 - Tables created successfully
2026-01-09 10:03:03 - Tables created successfully
2026-01-09 10:03:03 - Tables created successfully
2026-01-09 10:03:03 - Tables created successfully
2026-01-09 10:03:03 - Tables created successfully
2026-01-09 10:03:03 - Tables created successfully
2026-01-09 10:03:04 - Tables created successfully
2026-01-09 10:03:04 - Tables created successfully
2026-01-09 10:03:04 - Tables created successfully
2026-01-09 10:03:04 - Tables created successfully
2026-01-09 10:03:04 - Tables created successfully
2026-01-09 10:03:04 - Tables created successfully
2026-01-09 10:03:05 - Tables created successfully
2026-01-09 10:03:05 - Tables created successfully
2026-01-09 10:03:05 - Tables created successfully
2026-01-09 10:03:24 - Tables created successfully
2026-01-09 10:03:28 - Tables created successfully
2026-01-09 10:08:25 - Tables created successfully
2026-01-09 10:09:43 - Tables created successfully
2026-01-09 10:09:49 - Tables created successfully
2026-01-09 10:09:53 - Tables created successfully
2026-01-09 10:10:34 - Tables created successfully
2026-01-09 10:10:44 - Tables created successfully
2026-01-09 10:10:56 - Tables created successfully
2026-01-09 10:11:22 - Tables created successfully
2026-01-09 10:16:22 - Tables created successfully
2026-01-09 10:21:23 - Tables created successfully
2026-01-09 10:23:22 - Tables created successfully
2026-01-09 10:23:31 - Tables created successfully
2026-01-09 10:23:31 - Tables created successfully
2026-01-09 10:23:31 - Tables created successfully
2026-01-09 10:23:33 - Tables created successfully
2026-01-09 10:23:33 - Tables created successfully
2026-01-09 10:23:33 - Tables created successfully
2026-01-09 10:23:35 - Tables created successfully
2026-01-09 10:23:35 - Tables created successfully
2026-01-09 10:23:35 - Tables created successfully
2026-01-09 10:23:37 - Tables created successfully
2026-01-09 10:24:20 - Tables created successfully
2026-01-09 10:24:22 - Tables created successfully
2026-01-09 10:24:27 - Tables created successfully
2026-01-09 10:24:35 - Tables created successfully
2026-01-09 10:24:57 - Tables created successfully
2026-01-09 10:25:05 - Tables created successfully
2026-01-09 10:25:09 - Tables created successfully
2026-01-09 10:25:09 - Tables created successfully
2026-01-09 10:25:23 - Tables created successfully
2026-01-09 10:25:24 - Tables created successfully
2026-01-09 10:25:26 - Tables created successfully
2026-01-09 10:25:35 - Tables created successfully
2026-01-09 10:25:52 - Tables created successfully
2026-01-09 10:26:15 - Tables created successfully
2026-01-09 10:27:03 - Tables created successfully
2026-01-09 10:27:20 - Tables created successfully
2026-01-09 10:27:27 - Tables created successfully
2026-01-09 10:27:38 - Tables created successfully
2026-01-09 10:27:40 - Tables created successfully
2026-01-09 10:27:40 - Tables created successfully
2026-01-09 10:32:41 - Tables created successfully
2026-01-09 10:34:24 - Tables created successfully
2026-01-09 10:34:26 - Tables created successfully
2026-01-09 10:34:28 - Tables created successfully
2026-01-09 10:34:39 - Tables created successfully
2026-01-09 10:37:36 - Tables created successfully
2026-01-09 10:37:40 - Tables created successfully
2026-01-09 10:37:42 - Tables created successfully
2026-01-09 10:39:23 - Tables created successfully
2026-01-09 10:39:32 - Tables created successfully
2026-01-09 10:39:32 - Tables created successfully
2026-01-09 10:39:36 - Tables created successfully
2026-01-09 10:39:38 - Tables created successfully
2026-01-09 10:39:39 - Tables created successfully
2026-01-09 10:39:39 - Tables created successfully
2026-01-09 10:39:39 - Tables created successfully
2026-01-09 10:39:40 - Tables created successfully
2026-01-09 10:39:40 - Tables created successfully
2026-01-09 10:39:41 - Tables created successfully
2026-01-09 10:39:41 - Tables created successfully
2026-01-09 10:39:41 - Tables created successfully
2026-01-09 10:39:41 - Tables created successfully
2026-01-09 10:39:42 - Tables created successfully
2026-01-09 10:39:42 - Tables created successfully
2026-01-09 10:39:42 - Tables created successfully
2026-01-09 10:39:43 - Tables created successfully
2026-01-09 10:39:43 - Tables created successfully
2026-01-09 10:39:43 - Tables created successfully
2026-01-09 10:39:44 - Tables created successfully
2026-01-09 10:39:44 - Tables created successfully
2026-01-09 10:39:44 - Tables created successfully
2026-01-09 10:39:45 - Tables created successfully
2026-01-09 10:39:45 - Tables created successfully
2026-01-09 10:39:45 - Tables created successfully
2026-01-09 10:39:45 - Tables created successfully
2026-01-09 10:39:45 - Tables created successfully
2026-01-09 10:39:45 - Tables created successfully
2026-01-09 10:39:46 - Tables created successfully
2026-01-09 10:39:46 - Tables created successfully
2026-01-09 10:39:46 - Tables created successfully
2026-01-09 10:39:47 - Tables created successfully
2026-01-09 10:39:47 - Tables created successfully
2026-01-09 10:39:47 - Tables created successfully
2026-01-09 10:39:48 - Tables created successfully
2026-01-09 10:39:48 - Tables created successfully
2026-01-09 10:39:48 - Tables created successfully
2026-01-09 10:39:56 - Tables created successfully
2026-01-09 10:39:57 - Tables created successfully
2026-01-09 10:40:00 - Tables created successfully
2026-01-09 10:40:00 - Tables created successfully
2026-01-09 10:40:00 - Tables created successfully
2026-01-09 10:40:02 - Tables created successfully
2026-01-09 10:40:04 - Tables created successfully
2026-01-09 10:40:04 - Tables created successfully
2026-01-09 10:40:04 - Tables created successfully
2026-01-09 10:40:10 - Tables created successfully
2026-01-09 10:40:11 - Tables created successfully
2026-01-09 10:40:14 - Tables created successfully
2026-01-09 10:40:14 - Tables created successfully
2026-01-09 10:40:14 - Tables created successfully
2026-01-09 10:45:14 - Tables created successfully
2026-01-09 10:45:58 - Tables created successfully
2026-01-09 10:46:28 - Tables created successfully
2026-01-09 10:46:29 - Tables created successfully
2026-01-09 10:46:29 - Tables created successfully
2026-01-09 10:46:29 - Tables created successfully
2026-01-09 10:46:30 - Tables created successfully
2026-01-09 10:46:30 - Tables created successfully
2026-01-09 10:46:30 - Tables created successfully
2026-01-09 10:46:31 - Tables created successfully
2026-01-09 10:46:31 - Tables created successfully
2026-01-09 10:46:31 - Tables created successfully
2026-01-09 10:46:32 - Tables created successfully
2026-01-09 10:46:32 - Tables created successfully
2026-01-09 10:46:32 - Tables created successfully
2026-01-09 10:46:34 - Tables created successfully
2026-01-09 10:46:34 - Tables created successfully
2026-01-09 10:46:34 - Tables created successfully
2026-01-09 10:46:35 - Tables created successfully
2026-01-09 10:46:35 - Tables created successfully
2026-01-09 10:46:35 - Tables created successfully
2026-01-09 10:46:36 - Tables created successfully
2026-01-09 10:46:38 - Tables created successfully
2026-01-09 10:46:38 - Tables created successfully
2026-01-09 10:46:38 - Tables created successfully
2026-01-09 10:47:29 - Tables created successfully
2026-01-09 10:47:30 - Tables created successfully
2026-01-09 10:47:32 - Tables created successfully
2026-01-09 10:52:15 - Tables created successfully
2026-01-09 10:52:16 - Tables created successfully
2026-01-09 10:52:18 - Tables created successfully
2026-01-09 10:52:18 - Tables created successfully
2026-01-09 10:52:18 - Tables created successfully
2026-01-09 10:52:26 - Tables created successfully
2026-01-09 10:52:28 - Tables created successfully
2026-01-09 10:57:27 - Tables created successfully
2026-01-09 11:02:28 - Tables created successfully
2026-01-09 11:07:29 - Tables created successfully
2026-01-09 11:12:30 - Tables created successfully
2026-01-09 11:17:31 - Tables created successfully
2026-01-09 11:22:26 - Tables created successfully
2026-01-09 11:22:29 - Tables created successfully
2026-01-09 11:22:31 - Tables created successfully
2026-01-09 11:22:31 - Tables created successfully
2026-01-09 11:22:31 - Tables created successfully
2026-01-09 11:22:37 - Tables created successfully
2026-01-09 11:22:46 - Tables created successfully
2026-01-09 11:23:00 - Tables created successfully
2026-01-09 11:23:56 - Tables created successfully
2026-01-09 11:23:58 - Tables created successfully
2026-01-09 11:25:13 - Tables created successfully
2026-01-09 11:25:55 - Tables created successfully
2026-01-09 11:25:57 - Tables created successfully
2026-01-09 11:26:24 - Tables created successfully
2026-01-09 11:28:47 - Tables created successfully
2026-01-09 11:29:05 - Tables created successfully
2026-01-09 11:29:06 - Tables created successfully
2026-01-09 11:29:12 - Tables created successfully
2026-01-09 11:29:14 - Tables created successfully
2026-01-09 11:29:35 - Tables created successfully
2026-01-09 11:30:01 - Tables created successfully
2026-01-09 11:30:31 - Tables created successfully
2026-01-09 11:31:06 - Tables created successfully
2026-01-09 11:31:40 - Tables created successfully
2026-01-09 11:32:11 - Tables created successfully
2026-01-09 11:32:32 - Tables created successfully
2026-01-09 11:33:56 - Tables created successfully
2026-01-09 11:34:16 - Tables created successfully
2026-01-09 11:34:17 - Tables created successfully
2026-01-09 11:34:26 - Tables created successfully
2026-01-09 11:34:27 - Tables created successfully
2026-01-09 11:34:32 - Tables created successfully
2026-01-09 11:34:33 - Tables created successfully
2026-01-09 11:34:33 - Tables created successfully
2026-01-09 11:34:34 - Tables created successfully
2026-01-09 11:34:35 - Tables created successfully
2026-01-09 11:35:28 - Tables created successfully
2026-01-09 11:35:30 - Tables created successfully
2026-01-09 11:35:31 - Tables created successfully
2026-01-09 11:35:31 - Tables created successfully
2026-01-09 11:35:32 - Tables created successfully
2026-01-09 11:35:32 - Tables created successfully
2026-01-09 11:35:33 - Tables created successfully
2026-01-09 11:35:34 - Tables created successfully
2026-01-09 11:35:34 - Tables created successfully
2026-01-09 11:35:35 - Tables created successfully
2026-01-09 11:35:36 - Tables created successfully
2026-01-09 11:35:37 - Tables created successfully
2026-01-09 11:35:37 - Tables created successfully
2026-01-09 11:35:38 - Tables created successfully
2026-01-09 11:35:39 - Tables created successfully
2026-01-09 11:35:39 - Tables created successfully
2026-01-09 11:35:40 - Tables created successfully
2026-01-09 11:35:40 - Tables created successfully
2026-01-09 11:35:41 - Tables created successfully
2026-01-09 11:35:41 - Tables created successfully
2026-01-09 11:35:58 - Tables created successfully
2026-01-09 11:35:59 - Tables created successfully
2026-01-09 11:36:00 - Tables created successfully
2026-01-09 11:36:01 - Tables created successfully
2026-01-09 11:36:01 - Tables created successfully
2026-01-09 11:36:01 - Tables created successfully
2026-01-09 11:36:02 - Tables created successfully
2026-01-09 11:36:02 - Tables created successfully
2026-01-09 11:36:03 - Tables created successfully
2026-01-09 11:37:14 - Tables created successfully
2026-01-09 11:37:16 - Tables created successfully
2026-01-09 11:37:17 - Tables created successfully
2026-01-09 11:37:20 - Tables created successfully
2026-01-09 11:37:21 - Tables created successfully
2026-01-09 11:37:21 - Tables created successfully
2026-01-09 11:37:22 - Tables created successfully
2026-01-09 11:37:22 - Tables created successfully
2026-01-09 11:37:23 - Tables created successfully
2026-01-09 11:37:24 - Tables created successfully
2026-01-09 11:37:24 - Tables created successfully
2026-01-09 11:37:27 - Tables created successfully
2026-01-09 11:37:29 - Tables created successfully
2026-01-09 11:37:34 - Tables created successfully
2026-01-09 11:37:34 - Tables created successfully
2026-01-09 11:37:34 - Tables created successfully
2026-01-09 11:37:36 - Tables created successfully
2026-01-09 11:37:38 - Tables created successfully
2026-01-09 11:37:39 - Tables created successfully
2026-01-09 11:37:40 - Tables created successfully
2026-01-09 11:37:40 - Tables created successfully
2026-01-09 11:37:41 - Tables created successfully
2026-01-09 11:38:09 - Tables created successfully
2026-01-09 11:39:13 - Tables created successfully
2026-01-09 11:39:14 - Tables created successfully
2026-01-09 11:39:14 - Tables created successfully
2026-01-09 11:39:14 - Tables created successfully
2026-01-09 11:39:14 - Tables created successfully
2026-01-09 11:39:15 - Tables created successfully
2026-01-09 11:39:15 - Tables created successfully
2026-01-09 11:39:15 - Tables created successfully
2026-01-09 11:39:15 - Tables created successfully
2026-01-09 11:39:15 - Tables created successfully
2026-01-09 11:39:16 - Tables created successfully
2026-01-09 11:39:16 - Tables created successfully
2026-01-09 11:39:16 - Tables created successfully
2026-01-09 11:39:16 - Tables created successfully
2026-01-09 11:39:17 - Tables created successfully
2026-01-09 11:39:17 - Tables created successfully
2026-01-09 11:39:17 - Tables created successfully
2026-01-09 11:39:18 - Tables created successfully
2026-01-09 11:39:18 - Tables created successfully
2026-01-09 11:39:19 - Tables created successfully
2026-01-09 11:39:25 - Tables created successfully
2026-01-09 11:39:30 - Tables created successfully
2026-01-09 11:39:42 - Tables created successfully
2026-01-09 11:39:45 - Tables created successfully
2026-01-09 11:39:48 - Tables created successfully
2026-01-09 11:39:49 - Tables created successfully
2026-01-09 11:39:50 - Tables created successfully
2026-01-09 11:39:50 - Tables created successfully
2026-01-09 11:39:53 - Tables created successfully
2026-01-09 11:40:30 - Tables created successfully
2026-01-09 11:42:12 - Tables created successfully
2026-01-09 11:42:15 - Tables created successfully
2026-01-09 11:42:18 - Tables created successfully
2026-01-09 11:42:19 - Tables created successfully
2026-01-09 11:42:20 - Tables created successfully
2026-01-09 11:42:25 - Tables created successfully
2026-01-09 11:42:26 - Tables created successfully
2026-01-09 11:42:28 - Tables created successfully
2026-01-09 11:42:29 - Tables created successfully
2026-01-09 11:42:31 - Tables created successfully
2026-01-09 11:42:32 - Tables created successfully
2026-01-09 11:42:33 - Tables created successfully
2026-01-09 11:42:34 - Tables created successfully
2026-01-09 11:42:34 - Tables created successfully
2026-01-09 11:42:45 - Tables created successfully
2026-01-09 11:43:18 - Tables created successfully
2026-01-09 11:43:20 - Tables created successfully
2026-01-09 11:43:21 - Tables created successfully
2026-01-09 11:43:22 - Tables created successfully
2026-01-09 11:43:23 - Tables created successfully
2026-01-09 11:43:23 - Tables created successfully
2026-01-09 11:43:24 - Tables created successfully
2026-01-09 11:43:24 - Tables created successfully
2026-01-09 11:43:25 - Tables created successfully
2026-01-09 11:43:25 - Tables created successfully
2026-01-09 11:43:26 - Tables created successfully
2026-01-09 11:43:26 - Tables created successfully
2026-01-09 11:43:27 - Tables created successfully
2026-01-09 11:44:00 - Tables created successfully
2026-01-09 11:44:09 - Tables created successfully
2026-01-09 11:44:12 - Tables created successfully
2026-01-09 11:44:13 - Tables created successfully
2026-01-09 11:44:14 - Tables created successfully
2026-01-09 11:44:15 - Tables created successfully
2026-01-09 11:44:15 - Tables created successfully
2026-01-09 11:44:16 - Tables created successfully
2026-01-09 11:44:16 - Tables created successfully
2026-01-09 11:44:16 - Tables created successfully
2026-01-09 11:44:17 - Tables created successfully
2026-01-09 11:44:17 - Tables created successfully
2026-01-09 11:44:17 - Tables created successfully
2026-01-09 11:44:19 - Tables created successfully
2026-01-09 11:44:19 - Tables created successfully
2026-01-09 11:44:20 - Tables created successfully
2026-01-09 11:44:21 - Tables created successfully
2026-01-09 11:44:21 - Tables created successfully
2026-01-09 11:44:26 - Tables created successfully
2026-01-09 11:44:27 - Tables created successfully
2026-01-09 11:44:39 - Tables created successfully
2026-01-09 11:44:40 - Tables created successfully
2026-01-09 11:46:36 - Tables created successfully
2026-01-09 11:46:53 - Tables created successfully
2026-01-09 11:46:53 - Tables created successfully
2026-01-09 11:46:54 - Tables created successfully
2026-01-09 11:46:54 - Tables created successfully
2026-01-09 11:46:54 - Tables created successfully
2026-01-09 11:46:55 - Tables created successfully
2026-01-09 11:46:55 - Tables created successfully
2026-01-09 11:46:55 - Tables created successfully
2026-01-09 11:46:59 - Tables created successfully
2026-01-09 11:47:06 - Tables created successfully
2026-01-09 11:47:11 - Tables created successfully
2026-01-09 11:47:12 - Tables created successfully
2026-01-09 11:47:13 - Tables created successfully
2026-01-09 11:47:14 - Tables created successfully
2026-01-09 11:47:14 - Tables created successfully
2026-01-09 11:47:15 - Tables created successfully
2026-01-09 11:47:16 - Tables created successfully
2026-01-09 11:47:17 - Tables created successfully
2026-01-09 11:47:17 - Tables created successfully
2026-01-09 11:47:17 - Tables created successfully
2026-01-09 11:47:18 - Tables created successfully
2026-01-09 11:47:20 - Tables created successfully
2026-01-09 11:47:20 - Tables created successfully
2026-01-09 11:47:21 - Tables created successfully
2026-01-09 11:47:21 - Tables created successfully
2026-01-09 11:47:23 - Tables created successfully
2026-01-09 11:47:23 - Tables created successfully
2026-01-09 11:47:25 - Tables created successfully
2026-01-09 11:47:47 - Tables created successfully
2026-01-09 11:47:50 - Tables created successfully
2026-01-09 11:48:03 - Tables created successfully
2026-01-09 11:48:03 - Tables created successfully
2026-01-09 11:48:04 - Tables created successfully
2026-01-09 11:48:04 - Tables created successfully
2026-01-09 11:48:05 - Tables created successfully
2026-01-09 11:48:43 - Tables created successfully
2026-01-09 11:48:44 - Tables created successfully
2026-01-09 11:48:45 - Tables created successfully
2026-01-09 11:48:45 - Tables created successfully
2026-01-09 11:48:46 - Tables created successfully
2026-01-09 11:48:46 - Tables created successfully
2026-01-09 11:48:46 - Tables created successfully
2026-01-09 11:48:46 - Tables created successfully
2026-01-09 11:48:47 - Tables created successfully
2026-01-09 11:48:47 - Tables created successfully
2026-01-09 11:48:47 - Tables created successfully
2026-01-09 11:48:49 - Tables created successfully
2026-01-09 11:48:50 - Tables created successfully
2026-01-09 11:49:12 - Tables created successfully
2026-01-09 11:49:13 - Tables created successfully
2026-01-09 11:49:17 - Tables created successfully
2026-01-09 11:49:18 - Tables created successfully
2026-01-09 11:49:19 - Tables created successfully
2026-01-09 11:49:19 - Tables created successfully
2026-01-09 11:49:20 - Tables created successfully
2026-01-09 11:49:20 - Tables created successfully
2026-01-09 11:49:24 - Tables created successfully
2026-01-09 11:49:25 - Tables created successfully
2026-01-09 11:49:27 - Tables created successfully
2026-01-09 11:49:27 - Tables created successfully
2026-01-09 11:49:27 - Tables created successfully
2026-01-09 11:49:38 - Tables created successfully
2026-01-09 11:49:54 - Tables created successfully
2026-01-09 11:49:57 - Tables created successfully
2026-01-09 11:50:14 - Tables created successfully
2026-01-09 11:52:56 - Tables created successfully
2026-01-09 11:52:56 - Tables created successfully
2026-01-09 11:55:47 - Tables created successfully
2026-01-09 11:55:47 - Form submission started - Array
(
    [fullName] => AAAAAA
    [nameWithInitials] => aaa
    [nicNo] => 200130400871
    [telNo] => 07811135631
    [dob] => 2008-01-03
    [email] => dkasun558@gmail.com
    [address] => 368/6 Rathnapura Road Kalawana
    [occupation] => it
    [employerName] => Kasun Dilshan
    [beneficiaryName] => Array
        (
            [0] => aa
        )

    [beneficiaryNIC] => Array
        (
            [0] => 21111111
        )

    [beneficiaryPercentage] => Array
        (
            [0] => 100
        )

    [years] => 2
    [investmentAmount] => 12211
    [investmentType] => green_real_estate
    [signingDate] => 2026-01-09
    [accountNo] => 2121212121
    [bank] => 13224242
    [branch] => cfd
    [declaration] => accepted
    [declarationDate] => 2026-01-09
)

2026-01-09 11:55:47 - Files received - Array
(
    [signatureUpload] => Array
        (
            [name] => ID_1.pdf
            [type] => application/pdf
            [tmp_name] => C:\xampp\tmp\php6E58.tmp
            [error] => 0
            [size] => 149739
        )

    [investorId] => Array
        (
            [name] => Bank_Slip_1.pdf
            [type] => application/pdf
            [tmp_name] => C:\xampp\tmp\php6E59.tmp
            [error] => 0
            [size] => 150243
        )

    [beneficiaryId] => Array
        (
            [name] => ID_1 (3).pdf
            [type] => application/pdf
            [tmp_name] => C:\xampp\tmp\php6E69.tmp
            [error] => 0
            [size] => 149739
        )

    [passbook] => Array
        (
            [name] => ID_1.pdf
            [type] => application/pdf
            [tmp_name] => C:\xampp\tmp\php6E6A.tmp
            [error] => 0
            [size] => 149739
        )

    [paymentSlip] => Array
        (
            [name] => ID_1 (2).pdf
            [type] => application/pdf
            [tmp_name] => C:\xampp\tmp\php6E6B.tmp
            [error] => 0
            [size] => 149739
        )

    [finalSignature] => Array
        (
            [name] => ID_1 (3).pdf
            [type] => application/pdf
            [tmp_name] => C:\xampp\tmp\php6E6C.tmp
            [error] => 0
            [size] => 149739
        )

)

2026-01-09 11:55:47 - POST request received
2026-01-09 11:55:47 - Processing form data - Array
(
    [fullName] => AAAAAA
    [nameWithInitials] => aaa
    [nicNo] => 200130400871
    [telNo] => 07811135631
    [dob] => 2008-01-03
    [email] => dkasun558@gmail.com
    [address] => 368/6 Rathnapura Road Kalawana
    [occupation] => it
    [employerName] => Kasun Dilshan
    [beneficiaryName] => Array
        (
            [0] => aa
        )

    [beneficiaryNIC] => Array
        (
            [0] => 21111111
        )

    [beneficiaryPercentage] => Array
        (
            [0] => 100
        )

    [years] => 2
    [investmentAmount] => 12211
    [investmentType] => green_real_estate
    [signingDate] => 2026-01-09
    [accountNo] => 2121212121
    [bank] => 13224242
    [branch] => cfd
    [declaration] => accepted
    [declarationDate] => 2026-01-09
)

2026-01-09 11:55:47 - Attempting to upload file - Array
(
    [source] => C:\xampp\tmp\php6E58.tmp
    [destination] => C:\xampp\htdocs\eco-wealth-portal/uploads/69609f6bc3135_1767939947_ID_1.pdf
    [file_size] => 149739
)

2026-01-09 11:55:47 - File uploaded successfully - 69609f6bc3135_1767939947_ID_1.pdf
2026-01-09 11:55:47 - Attempting to upload file - Array
(
    [source] => C:\xampp\tmp\php6E59.tmp
    [destination] => C:\xampp\htdocs\eco-wealth-portal/uploads/69609f6bc3f2a_1767939947_Bank_Slip_1.pdf
    [file_size] => 150243
)

2026-01-09 11:55:47 - File uploaded successfully - 69609f6bc3f2a_1767939947_Bank_Slip_1.pdf
2026-01-09 11:55:47 - Attempting to upload file - Array
(
    [source] => C:\xampp\tmp\php6E69.tmp
    [destination] => C:\xampp\htdocs\eco-wealth-portal/uploads/69609f6bc49f5_1767939947_ID_1__3_.pdf
    [file_size] => 149739
)

2026-01-09 11:55:47 - File uploaded successfully - 69609f6bc49f5_1767939947_ID_1__3_.pdf
2026-01-09 11:55:47 - Attempting to upload file - Array
(
    [source] => C:\xampp\tmp\php6E6A.tmp
    [destination] => C:\xampp\htdocs\eco-wealth-portal/uploads/69609f6bc5362_1767939947_ID_1.pdf
    [file_size] => 149739
)

2026-01-09 11:55:47 - File uploaded successfully - 69609f6bc5362_1767939947_ID_1.pdf
2026-01-09 11:55:47 - Attempting to upload file - Array
(
    [source] => C:\xampp\tmp\php6E6B.tmp
    [destination] => C:\xampp\htdocs\eco-wealth-portal/uploads/69609f6bc58ce_1767939947_ID_1__2_.pdf
    [file_size] => 149739
)

2026-01-09 11:55:47 - File uploaded successfully - 69609f6bc58ce_1767939947_ID_1__2_.pdf
2026-01-09 11:55:47 - Attempting to upload file - Array
(
    [source] => C:\xampp\tmp\php6E6C.tmp
    [destination] => C:\xampp\htdocs\eco-wealth-portal/uploads/69609f6bc5fa9_1767939947_ID_1__3_.pdf
    [file_size] => 149739
)

2026-01-09 11:55:47 - File uploaded successfully - 69609f6bc5fa9_1767939947_ID_1__3_.pdf
2026-01-09 11:55:47 - Cleaned up file on error - C:\xampp\htdocs\eco-wealth-portal/uploads/69609f6bc3135_1767939947_ID_1.pdf
2026-01-09 11:55:47 - Cleaned up file on error - C:\xampp\htdocs\eco-wealth-portal/uploads/69609f6bc3f2a_1767939947_Bank_Slip_1.pdf
2026-01-09 11:55:47 - Cleaned up file on error - C:\xampp\htdocs\eco-wealth-portal/uploads/69609f6bc49f5_1767939947_ID_1__3_.pdf
2026-01-09 11:55:47 - Cleaned up file on error - C:\xampp\htdocs\eco-wealth-portal/uploads/69609f6bc5362_1767939947_ID_1.pdf
2026-01-09 11:55:47 - Cleaned up file on error - C:\xampp\htdocs\eco-wealth-portal/uploads/69609f6bc58ce_1767939947_ID_1__2_.pdf
2026-01-09 11:55:47 - Cleaned up file on error - C:\xampp\htdocs\eco-wealth-portal/uploads/69609f6bc5fa9_1767939947_ID_1__3_.pdf
2026-01-09 11:55:47 - Form processing error - SQLSTATE[23000]: Integrity constraint violation: 1062 Duplicate entry '200130400871' for key 'nic_no'
2026-01-09 11:55:47 - Redirecting back to index with error - Array
(
    [error] => SQLSTATE[23000]: Integrity constraint violation: 1062 Duplicate entry '200130400871' for key 'nic_no'
)

2026-01-09 11:57:24 - Tables created successfully
2026-01-09 11:57:24 - Form submission started - Array
(
    [fullName] => KASUN
    [nameWithInitials] => D KASUN
    [nicNo] => 20019201121
    [telNo] => 098112131
    [dob] => 2007-12-31
    [email] => kasun@gmail.com
    [address] => 368/6 Rathnapura Road Kalawana
    [occupation] => it
    [employerName] => Kasun Dilshan
    [beneficiaryName] => Array
        (
            [0] => aa
        )

    [beneficiaryNIC] => Array
        (
            [0] => 22131
        )

    [beneficiaryPercentage] => Array
        (
            [0] => 100
        )

    [years] => 3
    [investmentAmount] => 11211
    [investmentType] => sustainable_etf
    [signingDate] => 2026-01-09
    [accountNo] => 2121212121
    [bank] => 1212
    [branch] => cfd
    [declaration] => accepted
    [declarationDate] => 2026-01-09
)

2026-01-09 11:57:24 - Files received - Array
(
    [signatureUpload] => Array
        (
            [name] => ID_1.pdf
            [type] => application/pdf
            [tmp_name] => C:\xampp\tmp\phpE696.tmp
            [error] => 0
            [size] => 149739
        )

    [investorId] => Array
        (
            [name] => ID_1 (2).pdf
            [type] => application/pdf
            [tmp_name] => C:\xampp\tmp\phpE697.tmp
            [error] => 0
            [size] => 149739
        )

    [beneficiaryId] => Array
        (
            [name] => ID_1.pdf
            [type] => application/pdf
            [tmp_name] => C:\xampp\tmp\phpE698.tmp
            [error] => 0
            [size] => 149739
        )

    [passbook] => Array
        (
            [name] => ID_1 (3).pdf
            [type] => application/pdf
            [tmp_name] => C:\xampp\tmp\phpE6A9.tmp
            [error] => 0
            [size] => 149739
        )

    [paymentSlip] => Array
        (
            [name] => ID_1 (3).pdf
            [type] => application/pdf
            [tmp_name] => C:\xampp\tmp\phpE6AA.tmp
            [error] => 0
            [size] => 149739
        )

    [finalSignature] => Array
        (
            [name] => ID_1 (1).pdf
            [type] => application/pdf
            [tmp_name] => C:\xampp\tmp\phpE6AB.tmp
            [error] => 0
            [size] => 149739
        )

)

2026-01-09 11:57:24 - POST request received
2026-01-09 11:57:24 - Processing form data - Array
(
    [fullName] => KASUN
    [nameWithInitials] => D KASUN
    [nicNo] => 20019201121
    [telNo] => 098112131
    [dob] => 2007-12-31
    [email] => kasun@gmail.com
    [address] => 368/6 Rathnapura Road Kalawana
    [occupation] => it
    [employerName] => Kasun Dilshan
    [beneficiaryName] => Array
        (
            [0] => aa
        )

    [beneficiaryNIC] => Array
        (
            [0] => 22131
        )

    [beneficiaryPercentage] => Array
        (
            [0] => 100
        )

    [years] => 3
    [investmentAmount] => 11211
    [investmentType] => sustainable_etf
    [signingDate] => 2026-01-09
    [accountNo] => 2121212121
    [bank] => 1212
    [branch] => cfd
    [declaration] => accepted
    [declarationDate] => 2026-01-09
)

2026-01-09 11:57:24 - Attempting to upload file - Array
(
    [source] => C:\xampp\tmp\phpE696.tmp
    [destination] => C:\xampp\htdocs\eco-wealth-portal/uploads/69609fcc1f495_1767940044_ID_1.pdf
    [file_size] => 149739
)

2026-01-09 11:57:24 - File uploaded successfully - 69609fcc1f495_1767940044_ID_1.pdf
2026-01-09 11:57:24 - Attempting to upload file - Array
(
    [source] => C:\xampp\tmp\phpE697.tmp
    [destination] => C:\xampp\htdocs\eco-wealth-portal/uploads/69609fcc20175_1767940044_ID_1__2_.pdf
    [file_size] => 149739
)

2026-01-09 11:57:24 - File uploaded successfully - 69609fcc20175_1767940044_ID_1__2_.pdf
2026-01-09 11:57:24 - Attempting to upload file - Array
(
    [source] => C:\xampp\tmp\phpE698.tmp
    [destination] => C:\xampp\htdocs\eco-wealth-portal/uploads/69609fcc207b8_1767940044_ID_1.pdf
    [file_size] => 149739
)

2026-01-09 11:57:24 - File uploaded successfully - 69609fcc207b8_1767940044_ID_1.pdf
2026-01-09 11:57:24 - Attempting to upload file - Array
(
    [source] => C:\xampp\tmp\phpE6A9.tmp
    [destination] => C:\xampp\htdocs\eco-wealth-portal/uploads/69609fcc20da9_1767940044_ID_1__3_.pdf
    [file_size] => 149739
)

2026-01-09 11:57:24 - File uploaded successfully - 69609fcc20da9_1767940044_ID_1__3_.pdf
2026-01-09 11:57:24 - Attempting to upload file - Array
(
    [source] => C:\xampp\tmp\phpE6AA.tmp
    [destination] => C:\xampp\htdocs\eco-wealth-portal/uploads/69609fcc2119d_1767940044_ID_1__3_.pdf
    [file_size] => 149739
)

2026-01-09 11:57:24 - File uploaded successfully - 69609fcc2119d_1767940044_ID_1__3_.pdf
2026-01-09 11:57:24 - Attempting to upload file - Array
(
    [source] => C:\xampp\tmp\phpE6AB.tmp
    [destination] => C:\xampp\htdocs\eco-wealth-portal/uploads/69609fcc21608_1767940044_ID_1__1_.pdf
    [file_size] => 149739
)

2026-01-09 11:57:24 - File uploaded successfully - 69609fcc21608_1767940044_ID_1__1_.pdf
2026-01-09 11:57:24 - Investor inserted successfully - Array
(
    [id] => 26
)

2026-01-09 11:57:24 - Beneficiary inserted - Array
(
    [investor_id] => 26
    [name] => aa
)

2026-01-09 11:57:24 - Transaction committed successfully - Array
(
    [application_id] => 26
)

2026-01-09 11:57:26 - Email sending attempt - Array
(
    [sent] => 
    [to] => kasun@gmail.com
)

2026-01-09 11:57:26 - Redirecting to submit.php - Array
(
    [application_id] => 26
)

2026-01-09 11:57:26 - Tables created successfully
2026-01-09 11:57:53 - Tables created successfully
2026-01-09 11:58:11 - Tables created successfully
2026-01-09 11:58:15 - Tables created successfully
2026-01-09 11:58:18 - Tables created successfully
2026-01-09 11:58:20 - Tables created successfully
2026-01-09 11:58:21 - Tables created successfully
2026-01-09 11:58:24 - Tables created successfully
2026-01-09 11:58:32 - Tables created successfully
2026-01-09 11:58:32 - Tables created successfully
2026-01-09 11:58:32 - Tables created successfully
2026-01-09 11:58:34 - Tables created successfully
2026-01-09 11:58:41 - Tables created successfully
2026-01-09 11:58:45 - Tables created successfully
2026-01-09 11:58:45 - Tables created successfully
2026-01-09 11:58:47 - Tables created successfully
2026-01-09 11:58:48 - Tables created successfully
2026-01-09 11:58:51 - Tables created successfully
2026-01-09 11:58:54 - Tables created successfully
2026-01-09 11:58:56 - Tables created successfully
2026-01-09 11:58:58 - Tables created successfully
2026-01-09 11:58:58 - Tables created successfully
2026-01-09 11:59:00 - Tables created successfully
2026-01-09 11:59:02 - Tables created successfully
2026-01-09 11:59:03 - Tables created successfully
2026-01-09 11:59:06 - Tables created successfully
2026-01-09 11:59:14 - Tables created successfully
2026-01-09 11:59:14 - Tables created successfully
2026-01-09 12:04:08 - Tables created successfully
2026-01-09 12:04:15 - Tables created successfully
2026-01-09 12:04:15 - Tables created successfully
2026-01-09 12:04:15 - Tables created successfully
2026-01-09 12:04:19 - Tables created successfully
2026-01-09 12:04:22 - Tables created successfully
2026-01-09 12:04:22 - Tables created successfully
2026-01-09 12:04:22 - Tables created successfully
2026-01-09 12:04:49 - Tables created successfully
2026-01-09 12:04:51 - Tables created successfully
2026-01-09 12:04:55 - Tables created successfully
2026-01-09 12:04:57 - Tables created successfully
2026-01-09 12:05:03 - Tables created successfully
2026-01-09 12:05:08 - Tables created successfully
2026-01-09 12:05:09 - Tables created successfully
2026-01-09 12:05:59 - Tables created successfully
2026-01-09 12:05:59 - Tables created successfully
2026-01-09 12:06:05 - Tables created successfully
2026-01-09 12:06:13 - Tables created successfully
2026-01-09 12:06:14 - Tables created successfully
2026-01-09 12:06:15 - Tables created successfully
2026-01-09 12:06:17 - Tables created successfully
2026-01-09 12:08:02 - Tables created successfully
2026-01-09 12:08:02 - Tables created successfully
2026-01-09 12:08:10 - Tables created successfully
2026-01-09 12:09:52 - Tables created successfully
2026-01-09 12:10:02 - Tables created successfully
2026-01-09 12:11:48 - Tables created successfully
2026-01-09 12:11:49 - Tables created successfully
2026-01-09 12:11:49 - Tables created successfully
2026-01-09 12:16:49 - Tables created successfully
2026-01-09 12:20:34 - Tables created successfully
2026-01-09 12:21:14 - Tables created successfully
2026-01-09 12:21:29 - Tables created successfully
2026-01-09 12:21:31 - Tables created successfully
2026-01-09 12:21:32 - Tables created successfully
2026-01-09 12:22:35 - Tables created successfully
2026-01-09 12:24:10 - Tables created successfully
2026-01-09 12:25:01 - Tables created successfully
2026-01-09 12:25:11 - Tables created successfully
2026-01-09 12:29:28 - Tables created successfully
2026-01-09 12:30:27 - Tables created successfully
2026-01-09 12:30:27 - Tables created successfully
2026-01-09 12:31:41 - Tables created successfully
2026-01-09 12:31:45 - Tables created successfully
2026-01-09 12:31:45 - Tables created successfully
2026-01-09 12:31:45 - Tables created successfully
2026-01-09 12:36:46 - Tables created successfully
2026-01-09 12:37:03 - Tables created successfully
2026-01-09 12:37:38 - Tables created successfully
2026-01-09 12:38:47 - Tables created successfully
2026-01-09 12:39:24 - Tables created successfully
2026-01-09 12:39:43 - Tables created successfully
2026-01-09 12:40:46 - Tables created successfully
2026-01-09 12:41:21 - Tables created successfully
2026-01-09 12:41:24 - Tables created successfully
2026-01-09 12:41:25 - Tables created successfully
2026-01-09 12:43:59 - Tables created successfully
2026-01-09 12:44:00 - Tables created successfully
2026-01-09 12:44:43 - Tables created successfully
2026-01-09 12:44:49 - Tables created successfully
2026-01-09 12:44:49 - Tables created successfully
2026-01-09 12:44:52 - Tables created successfully
2026-01-09 12:44:52 - Tables created successfully
2026-01-09 12:44:53 - Tables created successfully
2026-01-09 12:44:53 - Tables created successfully
2026-01-09 12:44:53 - Tables created successfully
2026-01-09 12:44:53 - Tables created successfully
2026-01-09 12:44:58 - Tables created successfully
2026-01-09 12:45:31 - Tables created successfully
2026-01-09 12:45:56 - Tables created successfully
2026-01-09 12:45:57 - Tables created successfully
2026-01-09 12:45:58 - Tables created successfully
2026-01-09 12:45:58 - Tables created successfully
2026-01-09 12:46:00 - Tables created successfully
2026-01-09 12:50:08 - Tables created successfully
2026-01-09 12:50:08 - Tables created successfully
2026-01-09 12:50:10 - Tables created successfully
2026-01-09 12:50:10 - Tables created successfully
2026-01-09 12:50:10 - Tables created successfully
2026-01-09 12:50:10 - Tables created successfully
2026-01-09 12:55:11 - Tables created successfully
2026-01-09 12:57:27 - Tables created successfully
2026-01-09 12:57:27 - Tables created successfully
2026-01-09 12:58:40 - Tables created successfully
2026-01-09 12:58:42 - Tables created successfully
2026-01-09 12:59:05 - Tables created successfully
2026-01-09 12:59:06 - Tables created successfully
2026-01-09 12:59:07 - Tables created successfully
2026-01-09 12:59:07 - Tables created successfully
2026-01-09 12:59:07 - Tables created successfully
2026-01-09 12:59:08 - Tables created successfully
2026-01-09 12:59:08 - Tables created successfully
2026-01-09 12:59:53 - Tables created successfully
2026-01-09 12:59:55 - Tables created successfully
2026-01-09 12:59:56 - Tables created successfully
2026-01-09 12:59:57 - Tables created successfully
2026-01-09 13:00:00 - Tables created successfully
2026-01-09 13:00:01 - Tables created successfully
2026-01-09 13:00:01 - Tables created successfully
2026-01-09 13:00:03 - Tables created successfully
2026-01-09 13:00:16 - Tables created successfully
2026-01-09 13:03:52 - Tables created successfully
2026-01-09 13:03:57 - Tables created successfully
2026-01-09 13:03:57 - Tables created successfully
2026-01-09 13:03:57 - Tables created successfully
2026-01-09 13:04:03 - Tables created successfully
2026-01-09 13:04:11 - Tables created successfully
2026-01-09 13:20:02 - Tables created successfully
2026-01-09 13:20:03 - Tables created successfully
2026-01-09 13:20:03 - Tables created successfully
2026-01-09 13:20:03 - Tables created successfully
2026-01-09 13:20:18 - Tables created successfully
2026-01-09 13:20:18 - Tables created successfully
2026-01-09 13:20:19 - Tables created successfully
2026-01-09 13:20:20 - Tables created successfully
2026-01-09 13:20:21 - Tables created successfully
2026-01-09 13:20:24 - Tables created successfully
2026-01-09 13:21:54 - Tables created successfully
2026-01-09 13:21:54 - Tables created successfully
2026-01-09 13:21:56 - Tables created successfully
2026-01-09 13:21:59 - Tables created successfully
2026-01-09 13:22:06 - Tables created successfully
2026-01-09 13:22:44 - Tables created successfully
2026-01-09 13:22:45 - Tables created successfully
2026-01-09 13:22:45 - Tables created successfully
2026-01-09 13:22:59 - Tables created successfully
2026-01-09 13:22:59 - Tables created successfully
2026-01-09 13:23:09 - Tables created successfully
2026-01-09 13:23:11 - Tables created successfully
2026-01-09 13:23:11 - Tables created successfully
2026-01-09 13:23:11 - Tables created successfully
2026-01-09 13:24:40 - Tables created successfully
2026-01-09 13:24:40 - Tables created successfully
2026-01-09 13:24:42 - Tables created successfully
2026-01-09 13:24:42 - Tables created successfully
2026-01-09 13:24:44 - Tables created successfully
2026-01-09 13:24:44 - Tables created successfully
2026-01-09 13:24:54 - Tables created successfully
2026-01-09 13:24:55 - Tables created successfully
2026-01-09 13:24:57 - Tables created successfully
2026-01-09 13:25:06 - Tables created successfully
2026-01-09 13:25:07 - Tables created successfully
2026-01-09 13:25:07 - Tables created successfully
2026-01-09 13:25:08 - Tables created successfully
2026-01-09 13:25:11 - Tables created successfully
2026-01-09 13:25:40 - Tables created successfully
2026-01-09 13:25:40 - Tables created successfully
2026-01-09 13:25:40 - Tables created successfully
2026-01-09 13:25:46 - Tables created successfully
2026-01-09 13:27:54 - Tables created successfully
2026-01-09 13:28:41 - Tables created successfully
2026-01-09 13:28:41 - Tables created successfully
2026-01-09 13:28:44 - Tables created successfully
2026-01-09 13:28:50 - Tables created successfully
2026-01-09 13:29:04 - Tables created successfully
2026-01-09 13:29:50 - Tables created successfully
2026-01-09 13:29:51 - Tables created successfully
2026-01-09 13:29:51 - Tables created successfully
2026-01-09 13:30:16 - Tables created successfully
2026-01-09 13:30:18 - Tables created successfully
2026-01-09 13:30:18 - Tables created successfully
2026-01-09 13:30:20 - Tables created successfully
2026-01-09 13:30:22 - Tables created successfully
2026-01-09 13:30:25 - Tables created successfully
2026-01-09 13:30:25 - Tables created successfully
2026-01-09 13:30:28 - Tables created successfully
2026-01-09 13:30:41 - Tables created successfully
2026-01-09 13:35:42 - Tables created successfully
2026-01-09 13:40:43 - Tables created successfully
2026-01-09 13:45:44 - Tables created successfully
2026-01-09 13:50:45 - Tables created successfully
2026-01-09 13:55:46 - Tables created successfully
2026-01-09 14:00:47 - Tables created successfully
2026-01-09 14:17:38 - Tables created successfully
2026-01-09 14:17:58 - Tables created successfully
2026-01-09 14:18:00 - Tables created successfully
2026-01-09 14:18:02 - Tables created successfully
2026-01-09 14:18:16 - Tables created successfully
2026-01-09 14:19:51 - Tables created successfully
2026-01-09 14:19:58 - Tables created successfully
2026-01-09 14:20:32 - Tables created successfully
2026-01-09 14:20:56 - Tables created successfully
2026-01-09 14:21:05 - Tables created successfully
2026-01-09 14:21:07 - Tables created successfully
2026-01-09 14:21:25 - Tables created successfully
2026-01-09 14:21:25 - Tables created successfully
2026-01-09 14:21:28 - Tables created successfully
2026-01-09 14:21:32 - Tables created successfully
2026-01-09 14:21:39 - Tables created successfully
2026-01-09 14:22:16 - Tables created successfully
2026-01-09 14:22:18 - Tables created successfully
2026-01-09 14:22:18 - Tables created successfully
2026-01-09 14:22:34 - Tables created successfully
2026-01-09 14:22:34 - Tables created successfully
2026-01-09 14:23:50 - Tables created successfully
2026-01-09 14:23:51 - Tables created successfully
2026-01-09 14:23:51 - Tables created successfully
2026-01-09 14:23:52 - Tables created successfully
2026-01-09 14:23:52 - Tables created successfully
2026-01-09 14:24:20 - Tables created successfully
2026-01-09 14:26:25 - Tables created successfully
2026-01-09 14:26:25 - Tables created successfully
2026-01-09 14:26:31 - Tables created successfully
2026-01-09 14:26:33 - Tables created successfully
2026-01-09 14:26:33 - Tables created successfully
2026-01-09 14:26:33 - Tables created successfully
2026-01-09 14:26:33 - Tables created successfully
2026-01-09 14:26:35 - Tables created successfully
2026-01-09 14:26:38 - Tables created successfully
2026-01-09 14:26:38 - Tables created successfully
2026-01-09 14:26:41 - Tables created successfully
2026-01-09 14:26:41 - Tables created successfully
2026-01-09 14:30:15 - Tables created successfully
2026-01-09 14:30:18 - Tables created successfully
2026-01-09 14:30:18 - Tables created successfully
2026-01-09 14:30:18 - Tables created successfully
2026-01-09 14:31:02 - Tables created successfully
2026-01-09 14:31:04 - Tables created successfully
2026-01-09 14:31:05 - Tables created successfully
2026-01-09 14:31:18 - Tables created successfully
2026-01-09 14:31:28 - Tables created successfully
2026-01-09 14:31:31 - Tables created successfully
2026-01-09 14:31:31 - Tables created successfully
2026-01-09 14:31:35 - Tables created successfully
2026-01-09 14:31:35 - Tables created successfully
2026-01-09 14:31:35 - Tables created successfully
2026-01-09 14:31:38 - Tables created successfully
2026-01-09 14:31:42 - Tables created successfully
2026-01-09 14:31:42 - Tables created successfully
2026-01-09 14:31:42 - Tables created successfully
2026-01-09 14:31:48 - Tables created successfully
2026-01-09 14:32:15 - Tables created successfully
2026-01-09 14:32:17 - Tables created successfully
2026-01-09 14:32:17 - Tables created successfully
2026-01-09 14:32:17 - Tables created successfully
2026-01-09 14:32:23 - Tables created successfully
2026-01-09 14:32:25 - Tables created successfully
2026-01-09 14:32:26 - Tables created successfully
2026-01-09 14:32:26 - Tables created successfully
2026-01-09 14:32:26 - Tables created successfully
2026-01-09 14:32:46 - Tables created successfully
2026-01-09 14:32:55 - Tables created successfully
2026-01-09 14:32:55 - Tables created successfully
2026-01-09 14:32:55 - Tables created successfully
2026-01-09 15:09:46 - Tables created successfully
2026-01-09 15:09:47 - Tables created successfully
2026-01-09 15:14:48 - Tables created successfully
2026-01-09 15:19:49 - Tables created successfully
2026-01-09 15:52:13 - Tables created successfully
2026-01-09 16:07:34 - Tables created successfully
2026-01-09 16:07:34 - Form submission started - Array
(
    [fullName] => M UMESH
    [nicNo] => 999199128811V
    [telNo] => 0716652121
    [dob] => 2008-01-01
    [email] => umesh@gmail.com
    [address] => gampaha
    [occupation] => it
    [employerName] => Kasun Dilshan
    [beneficiaryName] => Array
        (
            [0] => kasun
        )

    [beneficiaryNIC] => Array
        (
            [0] => 200130400384
        )

    [beneficiaryPercentage] => Array
        (
            [0] => 100
        )

    [years] => 2
    [investmentAmount] => 10000000
    [investmentType] => green_bonds
    [signingDate] => 2026-01-09
    [accountNo] => 77777755
    [bank] => BOC
    [branch] => COLOMBO
    [declaration] => accepted
    [declarationDate] => 2026-01-09
)

2026-01-09 16:07:34 - Files received - Array
(
    [signatureUpload] => Array
        (
            [name] => ID_1.pdf
            [type] => application/pdf
            [tmp_name] => C:\xampp\tmp\php279F.tmp
            [error] => 0
            [size] => 149739
        )

    [investorId] => Array
        (
            [name] => ID_1 (3).pdf
            [type] => application/pdf
            [tmp_name] => C:\xampp\tmp\php27A0.tmp
            [error] => 0
            [size] => 149739
        )

    [beneficiaryId] => Array
        (
            [name] => ID_1 (2).pdf
            [type] => application/pdf
            [tmp_name] => C:\xampp\tmp\php27B1.tmp
            [error] => 0
            [size] => 149739
        )

    [passbook] => Array
        (
            [name] => ID_1 (1).pdf
            [type] => application/pdf
            [tmp_name] => C:\xampp\tmp\php27C1.tmp
            [error] => 0
            [size] => 149739
        )

    [paymentSlip] => Array
        (
            [name] => Bank_Slip_1.pdf
            [type] => application/pdf
            [tmp_name] => C:\xampp\tmp\php27C2.tmp
            [error] => 0
            [size] => 150243
        )

    [finalSignature] => Array
        (
            [name] => Bank_Slip_1.pdf
            [type] => application/pdf
            [tmp_name] => C:\xampp\tmp\php27D3.tmp
            [error] => 0
            [size] => 150243
        )

)

2026-01-09 16:07:34 - POST request received
2026-01-09 16:07:34 - Processing form data - Array
(
    [fullName] => M UMESH
    [nicNo] => 999199128811V
    [telNo] => 0716652121
    [dob] => 2008-01-01
    [email] => umesh@gmail.com
    [address] => gampaha
    [occupation] => it
    [employerName] => Kasun Dilshan
    [beneficiaryName] => Array
        (
            [0] => kasun
        )

    [beneficiaryNIC] => Array
        (
            [0] => 200130400384
        )

    [beneficiaryPercentage] => Array
        (
            [0] => 100
        )

    [years] => 2
    [investmentAmount] => 10000000
    [investmentType] => green_bonds
    [signingDate] => 2026-01-09
    [accountNo] => 77777755
    [bank] => BOC
    [branch] => COLOMBO
    [declaration] => accepted
    [declarationDate] => 2026-01-09
)

2026-01-09 16:07:34 - Form processing error - Please fill in all required fields. Missing: nameWithInitials
2026-01-09 16:07:34 - Redirecting back to index with error - Array
(
    [error] => Please fill in all required fields. Missing: nameWithInitials
)

2026-01-09 16:08:02 - Tables created successfully
2026-01-09 16:08:02 - Tables created successfully
2026-01-09 16:08:13 - Tables created successfully
2026-01-09 16:08:49 - Tables created successfully
2026-01-09 16:08:53 - Tables created successfully
2026-01-09 16:08:53 - Tables created successfully
2026-01-09 16:09:14 - Tables created successfully
2026-01-09 16:09:20 - Tables created successfully
2026-01-09 16:09:22 - Tables created successfully
2026-01-09 16:10:17 - Tables created successfully
2026-01-09 16:10:34 - Tables created successfully
2026-01-09 16:10:38 - Tables created successfully
2026-01-09 16:10:38 - Tables created successfully
2026-01-09 16:10:46 - Tables created successfully
2026-01-09 16:10:50 - Tables created successfully
2026-01-09 16:10:52 - Tables created successfully
2026-01-09 16:11:10 - Tables created successfully
2026-01-09 16:11:29 - Tables created successfully
2026-01-09 16:11:32 - Tables created successfully
2026-01-09 16:11:34 - Tables created successfully
2026-01-09 16:11:47 - Tables created successfully
2026-01-09 16:12:04 - Tables created successfully
2026-01-09 16:12:11 - Tables created successfully
2026-01-09 16:12:19 - Tables created successfully
2026-01-09 16:12:41 - Tables created successfully
2026-01-09 16:12:51 - Tables created successfully
2026-01-09 16:12:57 - Tables created successfully
2026-01-09 16:12:57 - Tables created successfully
2026-01-09 16:13:02 - Tables created successfully
2026-01-09 16:13:05 - Tables created successfully
2026-01-09 16:13:07 - Tables created successfully
2026-01-09 16:13:37 - Tables created successfully
2026-01-09 16:13:39 - Tables created successfully
2026-01-09 16:13:41 - Tables created successfully
2026-01-09 16:13:55 - Tables created successfully
2026-01-09 16:14:00 - Tables created successfully
2026-01-09 16:15:05 - Tables created successfully
2026-01-09 16:15:06 - Tables created successfully
2026-01-09 16:16:14 - Tables created successfully
2026-01-09 16:16:16 - Tables created successfully
2026-01-09 16:16:16 - Tables created successfully
2026-01-09 16:21:17 - Tables created successfully
2026-01-09 16:24:10 - Tables created successfully
2026-01-09 16:24:10 - Tables created successfully
2026-01-09 16:24:40 - Tables created successfully
2026-01-09 16:24:40 - Tables created successfully
2026-01-09 16:25:05 - Tables created successfully
2026-01-09 16:26:16 - Tables created successfully
2026-01-09 16:26:33 - Tables created successfully
2026-01-09 16:27:34 - Tables created successfully
2026-01-09 16:27:36 - Tables created successfully
2026-01-09 16:27:40 - Tables created successfully
2026-01-09 16:28:14 - Tables created successfully
2026-01-09 16:28:16 - Tables created successfully
2026-01-09 16:28:18 - Tables created successfully
2026-01-09 16:28:23 - Tables created successfully
2026-01-09 16:28:26 - Tables created successfully
2026-01-09 16:28:32 - Tables created successfully
2026-01-09 16:28:32 - Tables created successfully
2026-01-09 16:28:32 - Tables created successfully
2026-01-09 16:28:44 - Tables created successfully
2026-01-09 16:29:26 - Tables created successfully
2026-01-09 16:29:30 - Tables created successfully
2026-01-09 16:29:30 - Tables created successfully
2026-01-09 16:29:32 - Tables created successfully
2026-01-09 16:29:34 - Tables created successfully
2026-01-09 16:29:36 - Tables created successfully
2026-01-09 16:32:57 - Tables created successfully
2026-01-09 16:33:15 - Tables created successfully
2026-01-09 16:33:16 - Tables created successfully
2026-01-09 16:35:15 - Tables created successfully
2026-01-09 16:36:49 - Tables created successfully
2026-01-09 16:36:49 - Form submission started - Array
(
    [fullName] => K UMESH
    [nicNo] => 2001003721
    [telNo] => 071554212
    [dob] => 2008-01-02
    [email] => kasun@gmail.com
    [address] => gampaha
    [occupation] => IT
    [employerName] => UMEH
    [beneficiaryName] => Array
        (
            [0] => KASUN
        )

    [beneficiaryNIC] => Array
        (
            [0] => 20012008212
        )

    [beneficiaryPercentage] => Array
        (
            [0] => 100
        )

    [years] => 2
    [investmentAmount] => 12211111
    [investmentType] => green_real_estate
    [signingDate] => 2026-01-09
    [accountNo] => 20009812
    [bank] => BOC
    [branch] => COLOMBI
    [declaration] => accepted
    [declarationDate] => 2026-01-09
)

2026-01-09 16:36:49 - Files received - Array
(
    [signatureUpload] => Array
        (
            [name] => ID_1.pdf
            [type] => application/pdf
            [tmp_name] => C:\xampp\tmp\phpEE53.tmp
            [error] => 0
            [size] => 149739
        )

    [investorId] => Array
        (
            [name] => ID_1.pdf
            [type] => application/pdf
            [tmp_name] => C:\xampp\tmp\phpEE54.tmp
            [error] => 0
            [size] => 149739
        )

    [beneficiaryId] => Array
        (
            [name] => ID_1 (2).pdf
            [type] => application/pdf
            [tmp_name] => C:\xampp\tmp\phpEE64.tmp
            [error] => 0
            [size] => 149739
        )

    [passbook] => Array
        (
            [name] => ID_1.pdf
            [type] => application/pdf
            [tmp_name] => C:\xampp\tmp\phpEE65.tmp
            [error] => 0
            [size] => 149739
        )

    [paymentSlip] => Array
        (
            [name] => ID_1 (3).pdf
            [type] => application/pdf
            [tmp_name] => C:\xampp\tmp\phpEE66.tmp
            [error] => 0
            [size] => 149739
        )

    [finalSignature] => Array
        (
            [name] => ID_1.pdf
            [type] => application/pdf
            [tmp_name] => C:\xampp\tmp\phpEE67.tmp
            [error] => 0
            [size] => 149739
        )

)

2026-01-09 16:36:49 - POST request received
2026-01-09 16:36:49 - Processing form data - Array
(
    [fullName] => K UMESH
    [nicNo] => 2001003721
    [telNo] => 071554212
    [dob] => 2008-01-02
    [email] => kasun@gmail.com
    [address] => gampaha
    [occupation] => IT
    [employerName] => UMEH
    [beneficiaryName] => Array
        (
            [0] => KASUN
        )

    [beneficiaryNIC] => Array
        (
            [0] => 20012008212
        )

    [beneficiaryPercentage] => Array
        (
            [0] => 100
        )

    [years] => 2
    [investmentAmount] => 12211111
    [investmentType] => green_real_estate
    [signingDate] => 2026-01-09
    [accountNo] => 20009812
    [bank] => BOC
    [branch] => COLOMBI
    [declaration] => accepted
    [declarationDate] => 2026-01-09
)

2026-01-09 16:36:49 - Form processing error - Please fill in all required fields. Missing: nameWithInitials
2026-01-09 16:36:49 - Redirecting back to index with error - Array
(
    [error] => Please fill in all required fields. Missing: nameWithInitials
)

2026-01-09 16:40:16 - Tables created successfully
2026-01-09 16:45:17 - Tables created successfully
2026-01-09 16:50:18 - Tables created successfully
2026-01-09 16:55:19 - Tables created successfully
2026-01-09 17:00:20 - Tables created successfully
2026-01-09 17:05:21 - Tables created successfully
2026-01-09 17:10:22 - Tables created successfully
2026-01-09 17:15:23 - Tables created successfully
2026-01-09 21:25:03 - Tables created successfully
2026-01-09 21:25:03 - Form submission started - Array
(
    [fullName] => D ALLANA
    [nicNo] => 95667521V
    [telNo] => 0789991212
    [dob] => 2007-12-30
    [email] => dilini@gmail.com
    [address] => kalawana pothupitiya
    [occupation] => QA
    [employerName] => Pramaod
    [beneficiaryName] => Array
        (
            [0] => Sunil
        )

    [beneficiaryNIC] => Array
        (
            [0] => 898827211V
        )

    [beneficiaryPercentage] => Array
        (
            [0] => 100
        )

    [years] => 1
    [investmentAmount] => 100000000
    [investmentType] => sustainable_agriculture
    [signingDate] => 2026-01-09
    [accountNo] => 100129909
    [bank] => Peopls bank
    [branch] => colombo
    [declaration] => accepted
    [declarationDate] => 2026-01-09
)

2026-01-09 21:25:03 - Files received - Array
(
    [signatureUpload] => Array
        (
            [name] => ID_1.pdf
            [type] => application/pdf
            [tmp_name] => C:\xampp\tmp\php8F.tmp
            [error] => 0
            [size] => 149739
        )

    [investorId] => Array
        (
            [name] => ID_1 (2).pdf
            [type] => application/pdf
            [tmp_name] => C:\xampp\tmp\phpA0.tmp
            [error] => 0
            [size] => 149739
        )

    [beneficiaryId] => Array
        (
            [name] => ID_1 (2).pdf
            [type] => application/pdf
            [tmp_name] => C:\xampp\tmp\phpA1.tmp
            [error] => 0
            [size] => 149739
        )

    [passbook] => Array
        (
            [name] => ID_1 (1).pdf
            [type] => application/pdf
            [tmp_name] => C:\xampp\tmp\phpB1.tmp
            [error] => 0
            [size] => 149739
        )

    [paymentSlip] => Array
        (
            [name] => Bank_Slip_1.pdf
            [type] => application/pdf
            [tmp_name] => C:\xampp\tmp\phpC2.tmp
            [error] => 0
            [size] => 150243
        )

    [finalSignature] => Array
        (
            [name] => ID_1.pdf
            [type] => application/pdf
            [tmp_name] => C:\xampp\tmp\phpC3.tmp
            [error] => 0
            [size] => 149739
        )

)

2026-01-09 21:25:03 - POST request received
2026-01-09 21:25:03 - Processing form data - Array
(
    [fullName] => D ALLANA
    [nicNo] => 95667521V
    [telNo] => 0789991212
    [dob] => 2007-12-30
    [email] => dilini@gmail.com
    [address] => kalawana pothupitiya
    [occupation] => QA
    [employerName] => Pramaod
    [beneficiaryName] => Array
        (
            [0] => Sunil
        )

    [beneficiaryNIC] => Array
        (
            [0] => 898827211V
        )

    [beneficiaryPercentage] => Array
        (
            [0] => 100
        )

    [years] => 1
    [investmentAmount] => 100000000
    [investmentType] => sustainable_agriculture
    [signingDate] => 2026-01-09
    [accountNo] => 100129909
    [bank] => Peopls bank
    [branch] => colombo
    [declaration] => accepted
    [declarationDate] => 2026-01-09
)

2026-01-09 21:25:03 - Form processing error - Please fill in all required fields. Missing: nameWithInitials
2026-01-09 21:25:03 - Redirecting back to index with error - Array
(
    [error] => Please fill in all required fields. Missing: nameWithInitials
)

2026-01-09 21:29:48 - Tables created successfully
2026-01-09 21:29:48 - Form submission started - Array
(
    [fullName] => SA
    [nicNo] => 2221214
    [telNo] => 342352434523523
    [dob] => 2007-12-30
    [email] => ww@gmail.com
    [address] => 368/6 Rathnapura Road Kalawana
    [occupation] => QA
    [employerName] => Kasun Dilshan
    [beneficiaryName] => Array
        (
            [0] => qw
        )

    [beneficiaryNIC] => Array
        (
            [0] => swe1231221
        )

    [beneficiaryPercentage] => Array
        (
            [0] => 100
        )

    [years] => 2
    [investmentAmount] => 1000000000000
    [investmentType] => green_bonds
    [signingDate] => 2026-01-09
    [accountNo] => 2121
    [bank] => wdas
    [branch] => sdasd
    [declaration] => accepted
    [declarationDate] => 2026-01-09
)

2026-01-09 21:29:48 - Files received - Array
(
    [signatureUpload] => Array
        (
            [name] => V5.pdf
            [type] => application/pdf
            [tmp_name] => C:\xampp\tmp\php5876.tmp
            [error] => 0
            [size] => 149151
        )

    [investorId] => Array
        (
            [name] => 693fac4d48b43_1765780557_ID_1__2_.pdf
            [type] => application/pdf
            [tmp_name] => C:\xampp\tmp\php5886.tmp
            [error] => 0
            [size] => 149739
        )

    [beneficiaryId] => Array
        (
            [name] => 693fac4d48b43_1765780557_ID_1__2_.pdf
            [type] => application/pdf
            [tmp_name] => C:\xampp\tmp\php5887.tmp
            [error] => 0
            [size] => 149739
        )

    [passbook] => Array
        (
            [name] => V5.pdf
            [type] => application/pdf
            [tmp_name] => C:\xampp\tmp\php5898.tmp
            [error] => 0
            [size] => 149151
        )

    [paymentSlip] => Array
        (
            [name] => V6.pdf
            [type] => application/pdf
            [tmp_name] => C:\xampp\tmp\php58A8.tmp
            [error] => 0
            [size] => 149739
        )

    [finalSignature] => Array
        (
            [name] => approver_1_1767775478_Bank_Slip_1.pdf
            [type] => application/pdf
            [tmp_name] => C:\xampp\tmp\php58A9.tmp
            [error] => 0
            [size] => 150243
        )

)

2026-01-09 21:29:48 - POST request received
2026-01-09 21:29:48 - Processing form data - Array
(
    [fullName] => SA
    [nicNo] => 2221214
    [telNo] => 342352434523523
    [dob] => 2007-12-30
    [email] => ww@gmail.com
    [address] => 368/6 Rathnapura Road Kalawana
    [occupation] => QA
    [employerName] => Kasun Dilshan
    [beneficiaryName] => Array
        (
            [0] => qw
        )

    [beneficiaryNIC] => Array
        (
            [0] => swe1231221
        )

    [beneficiaryPercentage] => Array
        (
            [0] => 100
        )

    [years] => 2
    [investmentAmount] => 1000000000000
    [investmentType] => green_bonds
    [signingDate] => 2026-01-09
    [accountNo] => 2121
    [bank] => wdas
    [branch] => sdasd
    [declaration] => accepted
    [declarationDate] => 2026-01-09
)

2026-01-09 21:29:48 - Form processing error - Please fill in all required fields. Missing: nameWithInitials
2026-01-09 21:29:48 - Redirecting back to index with error - Array
(
    [error] => Please fill in all required fields. Missing: nameWithInitials
)

2026-01-09 21:35:35 - Tables created successfully
2026-01-09 21:35:35 - Form submission started - Array
(
    [fullName] => AAAS
    [nicNo] => 213131
    [telNo] => 131313
    [dob] => 2007-12-31
    [email] => wwwddw@gmail.com
    [address] => 368/6 Rathnapura Road Kalawana
    [occupation] => QA
    [employerName] => Kasun Dilshan
    [beneficiaryName] => Array
        (
            [0] => qw
        )

    [beneficiaryNIC] => Array
        (
            [0] => swe1231221
        )

    [beneficiaryPercentage] => Array
        (
            [0] => 100
        )

    [years] => 2
    [investmentAmount] => 1000000
    [investmentType] => green_bonds
    [signingDate] => 2026-01-09
    [accountNo] => qwqw
    [bank] => wdas
    [branch] => sdasd
    [declaration] => accepted
    [declarationDate] => 2026-01-09
)

2026-01-09 21:35:35 - Files received - Array
(
    [signatureUpload] => Array
        (
            [name] => approver_1_1767775478_Bank_Slip_1.pdf
            [type] => application/pdf
            [tmp_name] => C:\xampp\tmp\phpA55B.tmp
            [error] => 0
            [size] => 150243
        )

    [investorId] => Array
        (
            [name] => approver_1_1767775478_Bank_Slip_1.pdf
            [type] => application/pdf
            [tmp_name] => C:\xampp\tmp\phpA55C.tmp
            [error] => 0
            [size] => 150243
        )

    [beneficiaryId] => Array
        (
            [name] => 693fac4d48b43_1765780557_ID_1__2_.pdf
            [type] => application/pdf
            [tmp_name] => C:\xampp\tmp\phpA55D.tmp
            [error] => 0
            [size] => 149739
        )

    [passbook] => Array
        (
            [name] => Bank_Slip_3.pdf
            [type] => application/pdf
            [tmp_name] => C:\xampp\tmp\phpA56E.tmp
            [error] => 0
            [size] => 149739
        )

    [paymentSlip] => Array
        (
            [name] => ID_1 (3).pdf
            [type] => application/pdf
            [tmp_name] => C:\xampp\tmp\phpA56F.tmp
            [error] => 0
            [size] => 149739
        )

    [finalSignature] => Array
        (
            [name] => approver_1_1767775478_Bank_Slip_1.pdf
            [type] => application/pdf
            [tmp_name] => C:\xampp\tmp\phpA570.tmp
            [error] => 0
            [size] => 150243
        )

)

2026-01-09 21:35:35 - POST request received
2026-01-09 21:35:35 - Processing form data - Array
(
    [fullName] => AAAS
    [nicNo] => 213131
    [telNo] => 131313
    [dob] => 2007-12-31
    [email] => wwwddw@gmail.com
    [address] => 368/6 Rathnapura Road Kalawana
    [occupation] => QA
    [employerName] => Kasun Dilshan
    [beneficiaryName] => Array
        (
            [0] => qw
        )

    [beneficiaryNIC] => Array
        (
            [0] => swe1231221
        )

    [beneficiaryPercentage] => Array
        (
            [0] => 100
        )

    [years] => 2
    [investmentAmount] => 1000000
    [investmentType] => green_bonds
    [signingDate] => 2026-01-09
    [accountNo] => qwqw
    [bank] => wdas
    [branch] => sdasd
    [declaration] => accepted
    [declarationDate] => 2026-01-09
)

2026-01-09 21:35:35 - Form processing error - Please fill in all required fields. Missing: nameWithInitials
2026-01-09 21:35:35 - Redirecting back to index with error - Array
(
    [error] => Please fill in all required fields. Missing: nameWithInitials
)

2026-01-09 21:38:00 - Tables created successfully
2026-01-09 21:38:00 - Form submission started - Array
(
    [fullName] => aasas
    [nameWithInitials] => asasa
    [nicNo] => 2221214
    [telNo] => sdasdasd
    [dob] => 2008-01-04
    [email] => sdasd@gmail.com
    [address] => 368/6 Rathnapura Road Kalawana
    [occupation] => 1212
    [employerName] => ssas
    [beneficiaryName] => Array
        (
            [0] => 21212
        )

    [beneficiaryNIC] => Array
        (
            [0] => ss
        )

    [beneficiaryPercentage] => Array
        (
            [0] => 100
        )

    [years] => 2
    [signingDate] => 2026-01-09
    [accountNo] => 2121
    [bank] => wdas
    [branch] => sdasd
    [declaration] => accepted
    [declarationDate] => 2026-01-09
)

2026-01-09 21:38:00 - Files received - Array
(
    [signatureUpload] => Array
        (
            [name] => approver_1_1767775478_Bank_Slip_1.pdf
            [type] => application/pdf
            [tmp_name] => C:\xampp\tmp\phpDAA0.tmp
            [error] => 0
            [size] => 150243
        )

    [investorId] => Array
        (
            [name] => approver_1_1767775478_Bank_Slip_1.pdf
            [type] => application/pdf
            [tmp_name] => C:\xampp\tmp\phpDAA1.tmp
            [error] => 0
            [size] => 150243
        )

    [beneficiaryId] => Array
        (
            [name] => approver_1_1767775478_Bank_Slip_1.pdf
            [type] => application/pdf
            [tmp_name] => C:\xampp\tmp\phpDAA2.tmp
            [error] => 0
            [size] => 150243
        )

    [passbook] => Array
        (
            [name] => approver_1_1767775478_Bank_Slip_1.pdf
            [type] => application/pdf
            [tmp_name] => C:\xampp\tmp\phpDAB3.tmp
            [error] => 0
            [size] => 150243
        )

    [paymentSlip] => Array
        (
            [name] => approver_1_1767775478_Bank_Slip_1.pdf
            [type] => application/pdf
            [tmp_name] => C:\xampp\tmp\phpDAB4.tmp
            [error] => 0
            [size] => 150243
        )

    [finalSignature] => Array
        (
            [name] => approver_1_1767775478_Bank_Slip_1.pdf
            [type] => application/pdf
            [tmp_name] => C:\xampp\tmp\phpDAB5.tmp
            [error] => 0
            [size] => 150243
        )

)

2026-01-09 21:38:00 - POST request received
2026-01-09 21:38:00 - Processing form data - Array
(
    [fullName] => aasas
    [nameWithInitials] => asasa
    [nicNo] => 2221214
    [telNo] => sdasdasd
    [dob] => 2008-01-04
    [email] => sdasd@gmail.com
    [address] => 368/6 Rathnapura Road Kalawana
    [occupation] => 1212
    [employerName] => ssas
    [beneficiaryName] => Array
        (
            [0] => 21212
        )

    [beneficiaryNIC] => Array
        (
            [0] => ss
        )

    [beneficiaryPercentage] => Array
        (
            [0] => 100
        )

    [years] => 2
    [signingDate] => 2026-01-09
    [accountNo] => 2121
    [bank] => wdas
    [branch] => sdasd
    [declaration] => accepted
    [declarationDate] => 2026-01-09
)

2026-01-09 21:38:00 - Attempting to upload file - Array
(
    [source] => C:\xampp\tmp\phpDAA0.tmp
    [destination] => C:\xampp\htdocs\eco-wealth-portal/uploads/696127e073e1f_1767974880_approver_1_1767775478_Bank_Slip_1.pdf
    [file_size] => 150243
)

2026-01-09 21:38:00 - File uploaded successfully - 696127e073e1f_1767974880_approver_1_1767775478_Bank_Slip_1.pdf
2026-01-09 21:38:00 - Attempting to upload file - Array
(
    [source] => C:\xampp\tmp\phpDAA1.tmp
    [destination] => C:\xampp\htdocs\eco-wealth-portal/uploads/696127e0743d0_1767974880_approver_1_1767775478_Bank_Slip_1.pdf
    [file_size] => 150243
)

2026-01-09 21:38:00 - File uploaded successfully - 696127e0743d0_1767974880_approver_1_1767775478_Bank_Slip_1.pdf
2026-01-09 21:38:00 - Attempting to upload file - Array
(
    [source] => C:\xampp\tmp\phpDAA2.tmp
    [destination] => C:\xampp\htdocs\eco-wealth-portal/uploads/696127e074903_1767974880_approver_1_1767775478_Bank_Slip_1.pdf
    [file_size] => 150243
)

2026-01-09 21:38:00 - File uploaded successfully - 696127e074903_1767974880_approver_1_1767775478_Bank_Slip_1.pdf
2026-01-09 21:38:00 - Attempting to upload file - Array
(
    [source] => C:\xampp\tmp\phpDAB3.tmp
    [destination] => C:\xampp\htdocs\eco-wealth-portal/uploads/696127e074d96_1767974880_approver_1_1767775478_Bank_Slip_1.pdf
    [file_size] => 150243
)

2026-01-09 21:38:00 - File uploaded successfully - 696127e074d96_1767974880_approver_1_1767775478_Bank_Slip_1.pdf
2026-01-09 21:38:00 - Attempting to upload file - Array
(
    [source] => C:\xampp\tmp\phpDAB4.tmp
    [destination] => C:\xampp\htdocs\eco-wealth-portal/uploads/696127e075222_1767974880_approver_1_1767775478_Bank_Slip_1.pdf
    [file_size] => 150243
)

2026-01-09 21:38:00 - File uploaded successfully - 696127e075222_1767974880_approver_1_1767775478_Bank_Slip_1.pdf
2026-01-09 21:38:00 - Attempting to upload file - Array
(
    [source] => C:\xampp\tmp\phpDAB5.tmp
    [destination] => C:\xampp\htdocs\eco-wealth-portal/uploads/696127e076503_1767974880_approver_1_1767775478_Bank_Slip_1.pdf
    [file_size] => 150243
)

2026-01-09 21:38:00 - File uploaded successfully - 696127e076503_1767974880_approver_1_1767775478_Bank_Slip_1.pdf
2026-01-09 21:38:00 - Investor inserted successfully - Array
(
    [id] => 27
)

2026-01-09 21:38:00 - Beneficiary inserted - Array
(
    [investor_id] => 27
    [name] => 21212
)

2026-01-09 21:38:00 - Transaction committed successfully - Array
(
    [application_id] => 27
)

2026-01-09 21:38:02 - Email sending attempt - Array
(
    [sent] => 
    [to] => sdasd@gmail.com
)

2026-01-09 21:38:02 - Redirecting to submit.php - Array
(
    [application_id] => 27
)

2026-01-09 21:38:02 - Tables created successfully
2026-01-09 21:41:34 - Tables created successfully
2026-01-09 21:41:34 - Form submission started - Array
(
    [fullName] => DASDASDAS
    [nicNo] => 21113
    [telNo] => 2131312312
    [dob] => 2007-12-30
    [email] => shauh@gmail.com
    [address] => 368/6 Rathnapura Road Kalawana
    [occupation] => QA
    [employerName] => ssaasda
    [beneficiaryName] => Array
        (
            [0] => sasdasd
        )

    [beneficiaryNIC] => Array
        (
            [0] => 12321312
        )

    [beneficiaryPercentage] => Array
        (
            [0] => 100
        )

    [years] => 2
    [investmentAmount] => 2213123124
    [investmentType] => sustainable_etf
    [signingDate] => 2026-01-09
    [accountNo] => wqwqw
    [bank] => 12321312
    [branch] => 122
    [declaration] => accepted
    [declarationDate] => 2026-01-09
)

2026-01-09 21:41:34 - Files received - Array
(
    [signatureUpload] => Array
        (
            [name] => approver_1_1767775478_Bank_Slip_1.pdf
            [type] => application/pdf
            [tmp_name] => C:\xampp\tmp\php1D2F.tmp
            [error] => 0
            [size] => 150243
        )

    [investorId] => Array
        (
            [name] => approver_1_1767775478_Bank_Slip_1.pdf
            [type] => application/pdf
            [tmp_name] => C:\xampp\tmp\php1D3F.tmp
            [error] => 0
            [size] => 150243
        )

    [beneficiaryId] => Array
        (
            [name] => approver_1_1767775478_Bank_Slip_1.pdf
            [type] => application/pdf
            [tmp_name] => C:\xampp\tmp\php1D40.tmp
            [error] => 0
            [size] => 150243
        )

    [passbook] => Array
        (
            [name] => approver_1_1767775478_Bank_Slip_1.pdf
            [type] => application/pdf
            [tmp_name] => C:\xampp\tmp\php1D51.tmp
            [error] => 0
            [size] => 150243
        )

    [paymentSlip] => Array
        (
            [name] => approver_1_1767775478_Bank_Slip_1.pdf
            [type] => application/pdf
            [tmp_name] => C:\xampp\tmp\php1D52.tmp
            [error] => 0
            [size] => 150243
        )

    [finalSignature] => Array
        (
            [name] => approver_1_1767775478_Bank_Slip_1.pdf
            [type] => application/pdf
            [tmp_name] => C:\xampp\tmp\php1D63.tmp
            [error] => 0
            [size] => 150243
        )

)

2026-01-09 21:41:34 - POST request received
2026-01-09 21:41:34 - Processing form data - Array
(
    [fullName] => DASDASDAS
    [nicNo] => 21113
    [telNo] => 2131312312
    [dob] => 2007-12-30
    [email] => shauh@gmail.com
    [address] => 368/6 Rathnapura Road Kalawana
    [occupation] => QA
    [employerName] => ssaasda
    [beneficiaryName] => Array
        (
            [0] => sasdasd
        )

    [beneficiaryNIC] => Array
        (
            [0] => 12321312
        )

    [beneficiaryPercentage] => Array
        (
            [0] => 100
        )

    [years] => 2
    [investmentAmount] => 2213123124
    [investmentType] => sustainable_etf
    [signingDate] => 2026-01-09
    [accountNo] => wqwqw
    [bank] => 12321312
    [branch] => 122
    [declaration] => accepted
    [declarationDate] => 2026-01-09
)

2026-01-09 21:41:34 - Form processing error - Please fill in all required fields. Missing: nameWithInitials
2026-01-09 21:41:34 - Redirecting back to index with error - Array
(
    [error] => Please fill in all required fields. Missing: nameWithInitials
)

2026-01-09 21:42:20 - Tables created successfully
2026-01-09 21:42:27 - Tables created successfully
2026-01-09 21:42:27 - Tables created successfully
2026-01-09 21:42:33 - Tables created successfully
2026-01-09 21:42:37 - Tables created successfully
2026-01-09 21:42:37 - Tables created successfully
2026-01-09 21:42:44 - Tables created successfully
2026-01-09 21:42:50 - Tables created successfully
2026-01-09 21:42:59 - Tables created successfully
2026-01-09 21:43:06 - Tables created successfully
2026-01-09 21:43:06 - Tables created successfully
2026-01-09 21:48:07 - Tables created successfully
2026-01-09 21:48:07 - Tables created successfully
2026-01-09 21:48:07 - Form submission started - Array
(
    [fullName] => ASASDSAD
    [nameWithInitials] => DASDASDASD
    [nicNo] => 231231223
    [telNo] => 21312123123123
    [dob] => 2007-12-30
    [email] => sdadasda@gmail.com
    [address] => asssadasdas
    [occupation] => QA
    [employerName] => asdadas
    [beneficiaryName] => Array
        (
            [0] => ssasaS
        )

    [beneficiaryNIC] => Array
        (
            [0] => 123213123
        )

    [beneficiaryPercentage] => Array
        (
            [0] => 100
        )

    [years] => 2
    [investmentAmount] => 2212121212
    [investmentType] => green_real_estate
    [signingDate] => 2026-01-09
    [accountNo] => 22213123123
    [bank] => sdasddas
    [branch] => dasdasdasdas
    [declaration] => accepted
    [declarationDate] => 2026-01-09
)

2026-01-09 21:48:07 - Files received - Array
(
    [signatureUpload] => Array
        (
            [name] => approver_1_1767775478_Bank_Slip_1.pdf
            [type] => application/pdf
            [tmp_name] => C:\xampp\tmp\php1ECE.tmp
            [error] => 0
            [size] => 150243
        )

    [investorId] => Array
        (
            [name] => ID_1.pdf
            [type] => application/pdf
            [tmp_name] => C:\xampp\tmp\php1EDE.tmp
            [error] => 0
            [size] => 149739
        )

    [beneficiaryId] => Array
        (
            [name] => approver_1_1767775478_Bank_Slip_1.pdf
            [type] => application/pdf
            [tmp_name] => C:\xampp\tmp\php1EDF.tmp
            [error] => 0
            [size] => 150243
        )

    [passbook] => Array
        (
            [name] => ID_1 (3).pdf
            [type] => application/pdf
            [tmp_name] => C:\xampp\tmp\php1EF0.tmp
            [error] => 0
            [size] => 149739
        )

    [paymentSlip] => Array
        (
            [name] => ID_1 (2).pdf
            [type] => application/pdf
            [tmp_name] => C:\xampp\tmp\php1EF1.tmp
            [error] => 0
            [size] => 149739
        )

    [finalSignature] => Array
        (
            [name] => ID_1.pdf
            [type] => application/pdf
            [tmp_name] => C:\xampp\tmp\php1F02.tmp
            [error] => 0
            [size] => 149739
        )

)

2026-01-09 21:48:07 - POST request received
2026-01-09 21:48:07 - Processing form data - Array
(
    [fullName] => ASASDSAD
    [nameWithInitials] => DASDASDASD
    [nicNo] => 231231223
    [telNo] => 21312123123123
    [dob] => 2007-12-30
    [email] => sdadasda@gmail.com
    [address] => asssadasdas
    [occupation] => QA
    [employerName] => asdadas
    [beneficiaryName] => Array
        (
            [0] => ssasaS
        )

    [beneficiaryNIC] => Array
        (
            [0] => 123213123
        )

    [beneficiaryPercentage] => Array
        (
            [0] => 100
        )

    [years] => 2
    [investmentAmount] => 2212121212
    [investmentType] => green_real_estate
    [signingDate] => 2026-01-09
    [accountNo] => 22213123123
    [bank] => sdasddas
    [branch] => dasdasdasdas
    [declaration] => accepted
    [declarationDate] => 2026-01-09
)

2026-01-09 21:48:07 - Attempting to upload file - Array
(
    [source] => C:\xampp\tmp\php1ECE.tmp
    [destination] => C:\xampp\htdocs\eco-wealth-portal/uploads/69612a3fb0fe1_1767975487_approver_1_1767775478_Bank_Slip_1.pdf
    [file_size] => 150243
)

2026-01-09 21:48:07 - File uploaded successfully - 69612a3fb0fe1_1767975487_approver_1_1767775478_Bank_Slip_1.pdf
2026-01-09 21:48:07 - Attempting to upload file - Array
(
    [source] => C:\xampp\tmp\php1EDE.tmp
    [destination] => C:\xampp\htdocs\eco-wealth-portal/uploads/69612a3fb1a79_1767975487_ID_1.pdf
    [file_size] => 149739
)

2026-01-09 21:48:07 - File uploaded successfully - 69612a3fb1a79_1767975487_ID_1.pdf
2026-01-09 21:48:07 - Attempting to upload file - Array
(
    [source] => C:\xampp\tmp\php1EDF.tmp
    [destination] => C:\xampp\htdocs\eco-wealth-portal/uploads/69612a3fb214c_1767975487_approver_1_1767775478_Bank_Slip_1.pdf
    [file_size] => 150243
)

2026-01-09 21:48:07 - File uploaded successfully - 69612a3fb214c_1767975487_approver_1_1767775478_Bank_Slip_1.pdf
2026-01-09 21:48:07 - Attempting to upload file - Array
(
    [source] => C:\xampp\tmp\php1EF0.tmp
    [destination] => C:\xampp\htdocs\eco-wealth-portal/uploads/69612a3fb4144_1767975487_ID_1__3_.pdf
    [file_size] => 149739
)

2026-01-09 21:48:07 - File uploaded successfully - 69612a3fb4144_1767975487_ID_1__3_.pdf
2026-01-09 21:48:07 - Attempting to upload file - Array
(
    [source] => C:\xampp\tmp\php1EF1.tmp
    [destination] => C:\xampp\htdocs\eco-wealth-portal/uploads/69612a3fb5ba3_1767975487_ID_1__2_.pdf
    [file_size] => 149739
)

2026-01-09 21:48:07 - File uploaded successfully - 69612a3fb5ba3_1767975487_ID_1__2_.pdf
2026-01-09 21:48:07 - Attempting to upload file - Array
(
    [source] => C:\xampp\tmp\php1F02.tmp
    [destination] => C:\xampp\htdocs\eco-wealth-portal/uploads/69612a3fb62a1_1767975487_ID_1.pdf
    [file_size] => 149739
)

2026-01-09 21:48:07 - File uploaded successfully - 69612a3fb62a1_1767975487_ID_1.pdf
2026-01-09 21:48:07 - Investor inserted successfully - Array
(
    [id] => 28
)

2026-01-09 21:48:07 - Beneficiary inserted - Array
(
    [investor_id] => 28
    [name] => ssasaS
)

2026-01-09 21:48:07 - Transaction committed successfully - Array
(
    [application_id] => 28
)

2026-01-09 21:48:09 - Email sending attempt - Array
(
    [sent] => 
    [to] => sdadasda@gmail.com
)

2026-01-09 21:48:09 - Redirecting to submit.php - Array
(
    [application_id] => 28
)

2026-01-09 21:48:09 - Tables created successfully
2026-01-09 21:49:39 - Tables created successfully
2026-01-09 21:53:27 - Tables created successfully
2026-01-09 21:53:28 - Tables created successfully
2026-01-09 21:53:28 - Tables created successfully
2026-01-09 21:53:32 - Tables created successfully
2026-01-09 21:53:32 - Tables created successfully
2026-01-09 21:55:23 - Tables created successfully
2026-01-09 21:55:26 - Tables created successfully
2026-01-09 21:55:30 - Tables created successfully
2026-01-09 21:55:30 - Tables created successfully
2026-01-09 21:55:35 - Tables created successfully
2026-01-09 21:55:56 - Tables created successfully
2026-01-09 21:55:57 - Tables created successfully
2026-01-09 21:56:13 - Tables created successfully
2026-01-09 21:56:16 - Tables created successfully
2026-01-09 21:58:19 - Tables created successfully
2026-01-09 21:58:21 - Tables created successfully
2026-01-09 21:58:21 - Tables created successfully
2026-01-09 21:58:21 - Tables created successfully
2026-01-09 21:58:35 - Tables created successfully
2026-01-09 21:58:46 - Tables created successfully
2026-01-09 22:03:47 - Tables created successfully
2026-01-09 22:08:48 - Tables created successfully
2026-01-09 22:11:07 - Tables created successfully
2026-01-09 22:11:26 - Tables created successfully
2026-01-09 22:13:53 - Tables created successfully
2026-01-09 22:13:53 - Tables created successfully
2026-01-09 22:14:37 - Tables created successfully
2026-01-09 22:14:37 - Tables created successfully
2026-01-09 22:15:05 - Tables created successfully
2026-01-09 22:15:05 - Tables created successfully
2026-01-09 22:15:05 - Tables created successfully
2026-01-09 22:15:06 - Tables created successfully
2026-01-09 22:15:14 - Tables created successfully
2026-01-09 22:15:14 - Tables created successfully
2026-01-09 22:15:18 - Tables created successfully
2026-01-09 22:15:18 - Tables created successfully
2026-01-09 22:15:18 - Tables created successfully
2026-01-09 22:16:02 - Tables created successfully
2026-01-09 22:16:07 - Tables created successfully
2026-01-09 22:16:07 - Tables created successfully
2026-01-09 22:16:31 - Tables created successfully
2026-01-09 22:16:38 - Tables created successfully
2026-01-09 22:16:38 - Tables created successfully
2026-01-09 22:16:43 - Tables created successfully
2026-01-09 22:19:08 - Tables created successfully
2026-01-09 22:19:08 - Tables created successfully
2026-01-09 22:19:10 - Tables created successfully
2026-01-09 22:20:39 - Tables created successfully
2026-01-09 22:20:40 - Tables created successfully
2026-01-09 22:20:41 - Tables created successfully
2026-01-09 22:21:16 - Tables created successfully
2026-01-09 22:21:18 - Tables created successfully
2026-01-09 22:21:18 - Tables created successfully
2026-01-09 22:21:21 - Tables created successfully
2026-01-09 22:21:21 - Tables created successfully
2026-01-09 22:21:22 - Tables created successfully
2026-01-09 22:21:26 - Tables created successfully
2026-01-09 22:21:30 - Tables created successfully
2026-01-09 22:21:46 - Tables created successfully
2026-01-09 22:21:54 - Tables created successfully
2026-01-09 22:21:54 - Tables created successfully
2026-01-09 22:22:00 - Tables created successfully
2026-01-09 22:22:00 - Tables created successfully
2026-01-09 22:22:03 - Tables created successfully
2026-01-09 22:22:05 - Tables created successfully
2026-01-09 22:22:17 - Tables created successfully
2026-01-09 22:22:17 - Tables created successfully
2026-01-09 22:25:25 - Tables created successfully
2026-01-09 22:25:28 - Tables created successfully
2026-01-09 22:25:30 - Tables created successfully
2026-01-09 22:25:30 - Tables created successfully
2026-01-09 22:25:33 - Tables created successfully
2026-01-09 22:25:33 - Tables created successfully
2026-01-09 22:25:33 - Tables created successfully
2026-01-09 22:25:35 - Tables created successfully
2026-01-09 22:26:48 - Tables created successfully
2026-01-09 22:26:48 - Tables created successfully
2026-01-09 22:26:51 - Tables created successfully
2026-01-09 22:26:51 - Tables created successfully
2026-01-09 22:26:52 - Tables created successfully
2026-01-09 22:26:52 - Tables created successfully
2026-01-09 22:26:58 - Tables created successfully
2026-01-09 22:26:58 - Tables created successfully
2026-01-09 22:27:32 - Tables created successfully
2026-01-09 22:27:32 - Tables created successfully
2026-01-09 22:27:35 - Tables created successfully
2026-01-09 22:27:35 - Tables created successfully
2026-01-09 22:27:36 - Tables created successfully
2026-01-09 22:27:36 - Tables created successfully
2026-01-09 22:27:52 - Tables created successfully
2026-01-09 22:27:52 - Tables created successfully
2026-01-09 22:33:38 - Tables created successfully
2026-01-09 22:34:47 - Tables created successfully
2026-01-09 22:34:47 - Tables created successfully
2026-01-09 22:34:48 - Tables created successfully
2026-01-09 22:34:48 - Tables created successfully
2026-01-09 22:34:49 - Tables created successfully
2026-01-09 22:34:49 - Tables created successfully
2026-01-09 22:34:49 - Tables created successfully
2026-01-09 22:37:34 - Tables created successfully
2026-01-09 22:37:35 - Tables created successfully
2026-01-09 22:37:35 - Tables created successfully
2026-01-09 22:37:35 - Tables created successfully
2026-01-09 22:37:35 - Tables created successfully
2026-01-09 22:37:36 - Tables created successfully
2026-01-09 22:37:36 - Tables created successfully
2026-01-09 22:37:36 - Tables created successfully
2026-01-09 22:37:36 - Tables created successfully
2026-01-09 22:37:36 - Tables created successfully
2026-01-09 22:37:36 - Tables created successfully
2026-01-09 22:38:41 - Tables created successfully
2026-01-09 22:38:43 - Tables created successfully
2026-01-09 22:38:43 - Tables created successfully
2026-01-09 22:38:46 - Tables created successfully
2026-01-09 22:38:49 - Tables created successfully
2026-01-09 22:38:51 - Tables created successfully
2026-01-09 22:38:51 - Tables created successfully
2026-01-09 22:38:54 - Tables created successfully
2026-01-09 22:39:03 - Tables created successfully
2026-01-09 22:41:09 - Tables created successfully
2026-01-09 22:41:37 - Tables created successfully
2026-01-09 22:41:38 - Tables created successfully
2026-01-09 22:41:42 - Tables created successfully
2026-01-09 22:41:42 - Tables created successfully
2026-01-09 22:41:42 - Tables created successfully
2026-01-09 22:41:42 - Tables created successfully
2026-01-09 22:41:42 - Tables created successfully
2026-01-09 22:42:34 - Tables created successfully
2026-01-09 22:43:55 - Tables created successfully
2026-01-09 22:48:56 - Tables created successfully
2026-01-09 22:48:57 - Tables created successfully
2026-01-09 22:48:58 - Tables created successfully
2026-01-09 22:49:00 - Tables created successfully
2026-01-09 22:49:00 - Tables created successfully
2026-01-09 22:49:00 - Tables created successfully
2026-01-09 22:49:00 - Tables created successfully
2026-01-09 22:49:15 - Tables created successfully
2026-01-09 22:49:15 - Tables created successfully
2026-01-09 22:49:17 - Tables created successfully
2026-01-09 22:49:20 - Tables created successfully
2026-01-09 22:49:32 - Tables created successfully
2026-01-09 22:49:35 - Tables created successfully
2026-01-09 22:49:38 - Tables created successfully
2026-01-09 22:49:46 - Tables created successfully
2026-01-09 22:49:48 - Tables created successfully
2026-01-09 22:50:07 - Tables created successfully
2026-01-09 22:52:12 - Tables created successfully
2026-01-09 22:52:13 - Tables created successfully
2026-01-09 22:52:15 - Tables created successfully
2026-01-09 22:52:20 - Tables created successfully
2026-01-09 22:52:24 - Tables created successfully
2026-01-09 22:52:31 - Tables created successfully
2026-01-09 22:53:57 - Tables created successfully
2026-01-09 22:54:31 - Tables created successfully
2026-01-09 22:54:53 - Tables created successfully
2026-01-09 22:54:53 - Tables created successfully
2026-01-09 22:56:08 - Tables created successfully
2026-01-09 22:56:11 - Tables created successfully
2026-01-09 22:56:17 - Tables created successfully
2026-01-09 22:56:19 - Tables created successfully
2026-01-09 22:56:21 - Tables created successfully
2026-01-09 22:56:23 - Tables created successfully
2026-01-09 22:56:30 - Tables created successfully
2026-01-09 22:56:33 - Tables created successfully
2026-01-09 22:56:35 - Tables created successfully
2026-01-09 22:56:37 - Tables created successfully
2026-01-09 22:56:46 - Tables created successfully
2026-01-09 22:56:50 - Tables created successfully
2026-01-09 22:56:52 - Tables created successfully
2026-01-09 22:58:31 - Tables created successfully
2026-01-09 22:58:32 - Tables created successfully
2026-01-09 22:58:52 - Tables created successfully
2026-01-09 22:58:52 - Tables created successfully
2026-01-09 22:59:05 - Tables created successfully
2026-01-09 22:59:05 - Tables created successfully
2026-01-09 23:00:12 - Tables created successfully
2026-01-09 23:00:12 - Tables created successfully
2026-01-09 23:00:12 - Tables created successfully
2026-01-09 23:00:16 - Tables created successfully
2026-01-09 23:00:16 - Tables created successfully
2026-01-09 23:00:19 - Tables created successfully
2026-01-09 23:00:20 - Tables created successfully
2026-01-09 23:00:21 - Tables created successfully
2026-01-09 23:00:21 - Tables created successfully
2026-01-09 23:00:21 - Tables created successfully
2026-01-09 23:00:22 - Tables created successfully
2026-01-09 23:00:22 - Tables created successfully
2026-01-09 23:00:22 - Tables created successfully
2026-01-09 23:00:22 - Tables created successfully
2026-01-09 23:00:23 - Tables created successfully
2026-01-09 23:00:25 - Tables created successfully
2026-01-09 23:00:25 - Tables created successfully
2026-01-09 23:00:25 - Tables created successfully
2026-01-09 23:00:25 - Tables created successfully
2026-01-09 23:00:25 - Tables created successfully
2026-01-09 23:00:25 - Tables created successfully
2026-01-09 23:00:26 - Tables created successfully
2026-01-09 23:00:26 - Tables created successfully
2026-01-09 23:00:26 - Tables created successfully
2026-01-09 23:00:26 - Tables created successfully
2026-01-09 23:00:26 - Tables created successfully
2026-01-09 23:00:27 - Tables created successfully
2026-01-09 23:00:27 - Tables created successfully
2026-01-09 23:00:27 - Tables created successfully
2026-01-09 23:00:28 - Tables created successfully
2026-01-09 23:00:28 - Tables created successfully
2026-01-09 23:00:28 - Tables created successfully
2026-01-09 23:00:28 - Tables created successfully
2026-01-09 23:00:35 - Tables created successfully
2026-01-09 23:00:37 - Tables created successfully
2026-01-09 23:05:52 - Tables created successfully
2026-01-09 23:05:54 - Tables created successfully
2026-01-09 23:06:08 - Tables created successfully
2026-01-09 23:06:08 - Tables created successfully
2026-01-09 23:06:22 - Tables created successfully
2026-01-09 23:06:22 - Tables created successfully
2026-01-09 23:06:59 - Tables created successfully
2026-01-09 23:07:02 - Tables created successfully
2026-01-09 23:07:04 - Tables created successfully
2026-01-09 23:07:07 - Tables created successfully
2026-01-09 23:07:13 - Tables created successfully
2026-01-09 23:07:15 - Tables created successfully
2026-01-09 23:14:11 - Tables created successfully
2026-01-09 23:14:46 - Tables created successfully
2026-01-09 23:14:53 - Tables created successfully
2026-01-09 23:15:12 - Tables created successfully
2026-01-09 23:15:43 - Tables created successfully
2026-01-09 23:15:49 - Tables created successfully
2026-01-09 23:15:51 - Tables created successfully
2026-01-09 23:15:56 - Tables created successfully
2026-01-09 23:16:27 - Tables created successfully
2026-01-09 23:16:32 - Tables created successfully
2026-01-09 23:16:34 - Tables created successfully
2026-01-09 23:16:34 - Tables created successfully
2026-01-09 23:17:05 - Tables created successfully
2026-01-09 23:17:05 - Tables created successfully
2026-01-09 23:17:07 - Tables created successfully
2026-01-09 23:17:10 - Tables created successfully
2026-01-09 23:17:16 - Tables created successfully
2026-01-09 23:22:16 - Tables created successfully
2026-01-09 23:24:50 - Tables created successfully
2026-01-09 23:24:52 - Tables created successfully
2026-01-09 23:24:54 - Tables created successfully
2026-01-09 23:25:02 - Tables created successfully
2026-01-09 23:25:11 - Tables created successfully
2026-01-09 23:25:11 - Tables created successfully
2026-01-09 23:25:33 - Tables created successfully
2026-01-09 23:26:22 - Tables created successfully
2026-01-09 23:26:28 - Tables created successfully
2026-01-09 23:26:28 - Tables created successfully
2026-01-09 23:26:28 - Tables created successfully
2026-01-09 23:26:28 - Tables created successfully
2026-01-09 23:26:56 - Tables created successfully
2026-01-09 23:26:58 - Tables created successfully
2026-01-09 23:27:12 - Tables created successfully
2026-01-09 23:27:44 - Tables created successfully
2026-01-09 23:27:53 - Tables created successfully
2026-01-09 23:28:37 - Tables created successfully
2026-01-09 23:28:37 - Tables created successfully
2026-01-09 23:28:37 - Tables created successfully
2026-01-09 23:28:37 - Tables created successfully
2026-01-09 23:28:38 - Tables created successfully
2026-01-09 23:28:40 - Tables created successfully
2026-01-09 23:28:41 - Tables created successfully
2026-01-09 23:28:45 - Tables created successfully
2026-01-09 23:28:48 - Tables created successfully
2026-01-09 23:28:55 - Tables created successfully
2026-01-09 23:28:58 - Tables created successfully
2026-01-09 23:28:58 - Tables created successfully
2026-01-09 23:28:58 - Tables created successfully
2026-01-09 23:29:05 - Tables created successfully
2026-01-09 23:29:13 - Tables created successfully
2026-01-09 23:29:41 - Tables created successfully
2026-01-09 23:29:47 - Tables created successfully
2026-01-09 23:30:02 - Tables created successfully
2026-01-09 23:31:54 - Tables created successfully
2026-01-09 23:31:56 - Tables created successfully
2026-01-09 23:32:01 - Tables created successfully
2026-01-09 23:32:02 - Tables created successfully
2026-01-09 23:32:02 - Tables created successfully
2026-01-09 23:32:05 - Tables created successfully
2026-01-09 23:32:37 - Tables created successfully
2026-01-09 23:32:38 - Tables created successfully
2026-01-09 23:33:04 - Tables created successfully
2026-01-09 23:33:28 - Tables created successfully
2026-01-09 23:33:52 - Tables created successfully
2026-01-09 23:34:17 - Tables created successfully
2026-01-09 23:34:28 - Tables created successfully
2026-01-12 16:06:47 - Tables created successfully
2026-01-12 16:08:35 - Tables created successfully
2026-01-12 16:08:35 - Tables created successfully
2026-01-12 16:08:39 - Tables created successfully
2026-01-12 16:08:44 - Tables created successfully
2026-01-13 16:12:42 - Tables created successfully
2026-01-13 16:12:42 - Tables created successfully
2026-01-14 10:30:17 - Tables created successfully
2026-01-14 10:30:17 - Tables created successfully
2026-02-06 14:28:04 - Tables created successfully
2026-02-23 16:04:27 - Tables created successfully
2026-02-23 16:08:58 - Tables created successfully
2026-02-23 16:08:58 - Tables created successfully
2026-02-23 16:09:18 - Tables created successfully
2026-02-23 16:09:20 - Tables created successfully
2026-02-23 16:09:22 - Tables created successfully
2026-02-23 16:10:03 - Tables created successfully
2026-02-23 16:10:04 - Tables created successfully
2026-02-23 16:10:09 - Tables created successfully
2026-02-23 16:10:11 - Tables created successfully
2026-02-23 16:11:51 - Tables created successfully
2026-02-23 16:12:29 - Tables created successfully
2026-02-23 16:12:34 - Tables created successfully
2026-02-23 16:13:13 - Tables created successfully
2026-02-23 16:13:35 - Tables created successfully
2026-02-23 16:18:35 - Tables created successfully
2026-02-23 16:23:35 - Tables created successfully
2026-02-23 16:28:35 - Tables created successfully
2026-02-23 16:33:35 - Tables created successfully
2026-02-23 16:38:36 - Tables created successfully
2026-02-23 16:43:37 - Tables created successfully
2026-02-24 14:12:58 - Tables created successfully
2026-02-24 14:12:58 - Tables created successfully
2026-02-24 17:02:17 - Tables created successfully
2026-02-24 17:02:17 - Tables created successfully
2026-03-16 15:00:38 - Tables created successfully
2026-03-16 15:01:12 - Tables created successfully
2026-03-16 15:01:25 - Tables created successfully
2026-03-16 15:01:33 - Tables created successfully
2026-03-16 15:01:33 - Tables created successfully
2026-03-16 15:01:44 - Tables created successfully
2026-03-16 15:01:46 - Tables created successfully
2026-03-16 15:01:50 - Tables created successfully
2026-03-16 15:01:59 - Tables created successfully
2026-03-16 15:02:22 - Tables created successfully
2026-03-16 15:02:46 - Tables created successfully
2026-03-16 15:02:51 - Tables created successfully
2026-03-16 15:02:58 - Tables created successfully
2026-03-16 15:03:05 - Tables created successfully
2026-03-16 15:03:07 - Tables created successfully
2026-03-16 15:03:07 - Tables created successfully
2026-03-16 15:03:10 - Tables created successfully
2026-03-16 15:03:20 - Tables created successfully
2026-03-16 15:03:22 - Tables created successfully
2026-03-16 15:03:24 - Tables created successfully
2026-03-16 15:03:31 - Tables created successfully
2026-03-16 15:03:31 - Tables created successfully
2026-03-16 15:03:31 - Tables created successfully
2026-03-16 15:03:34 - Tables created successfully
2026-03-16 15:03:35 - Tables created successfully
2026-03-16 15:03:39 - Tables created successfully
2026-03-16 15:03:40 - Tables created successfully
2026-03-16 15:03:52 - Tables created successfully
2026-03-16 15:03:58 - Tables created successfully
2026-03-16 15:03:58 - Tables created successfully
2026-03-16 15:03:58 - Tables created successfully
2026-03-16 15:04:01 - Tables created successfully
2026-03-16 15:04:03 - Tables created successfully
2026-03-16 15:04:03 - Tables created successfully
2026-03-16 15:04:03 - Tables created successfully
2026-03-16 15:04:05 - Tables created successfully
2026-03-16 15:04:07 - Tables created successfully
2026-03-16 15:04:12 - Tables created successfully
2026-03-16 15:04:12 - Tables created successfully
2026-03-16 15:04:12 - Tables created successfully
2026-03-16 15:04:15 - Tables created successfully
2026-03-16 15:04:20 - Tables created successfully
2026-03-16 15:09:42 - Tables created successfully
2026-03-16 15:14:49 - Tables created successfully
2026-03-16 15:19:50 - Tables created successfully
2026-03-16 15:24:51 - Tables created successfully
2026-03-16 15:25:29 - Tables created successfully
2026-03-16 15:25:29 - Form submission started - Array
(
    [fullName] => NIMAL PREMARATHNA
    [nameWithInitials] => N PREMARATHNA
    [nicNo] => 601161311V
    [telNo] => 0717488891
    [dob] => 1960-04-11
    [email] => premarathna@gmail.com
    [address] => AKURAGODA,THISSAMAHARAMAYA
    [occupation] => DRIVER
    [employerName] => NEW
    [beneficiaryName] => Array
        (
            [0] => PADMAWATHI
        )

    [beneficiaryNIC] => Array
        (
            [0] => 565283181V
        )

    [beneficiaryPercentage] => Array
        (
            [0] => 100
        )

    [years] => 5
    [investmentAmount] => 100000
    [investmentType] => green_bonds
    [signingDate] => 2026-03-16
    [accountNo] => 03700407030101
    [bank] => SAYLAN BANK
    [branch] => THISSAMAHARAMA BRANCH
    [declaration] => accepted
    [declarationDate] => 2026-03-16
)

2026-03-16 15:25:29 - Files received - Array
(
    [signatureUpload] => Array
        (
            [name] => NAMAL.pdf
            [type] => application/pdf
            [tmp_name] => C:\xampp\tmp\phpF90D.tmp
            [error] => 0
            [size] => 770848
        )

    [investorId] => Array
        (
            [name] => NAMAL.pdf
            [type] => application/pdf
            [tmp_name] => C:\xampp\tmp\phpF90E.tmp
            [error] => 0
            [size] => 770848
        )

    [beneficiaryId] => Array
        (
            [name] => NAMAL.pdf
            [type] => application/pdf
            [tmp_name] => C:\xampp\tmp\phpF90F.tmp
            [error] => 0
            [size] => 770848
        )

    [passbook] => Array
        (
            [name] => NAMAL.pdf
            [type] => application/pdf
            [tmp_name] => C:\xampp\tmp\phpF920.tmp
            [error] => 0
            [size] => 770848
        )

    [paymentSlip] => Array
        (
            [name] => NAMAL.pdf
            [type] => application/pdf
            [tmp_name] => C:\xampp\tmp\phpF921.tmp
            [error] => 0
            [size] => 770848
        )

    [finalSignature] => Array
        (
            [name] => NAMAL.pdf
            [type] => application/pdf
            [tmp_name] => C:\xampp\tmp\phpF922.tmp
            [error] => 0
            [size] => 770848
        )

)

2026-03-16 15:25:29 - POST request received
2026-03-16 15:25:29 - Processing form data - Array
(
    [fullName] => NIMAL PREMARATHNA
    [nameWithInitials] => N PREMARATHNA
    [nicNo] => 601161311V
    [telNo] => 0717488891
    [dob] => 1960-04-11
    [email] => premarathna@gmail.com
    [address] => AKURAGODA,THISSAMAHARAMAYA
    [occupation] => DRIVER
    [employerName] => NEW
    [beneficiaryName] => Array
        (
            [0] => PADMAWATHI
        )

    [beneficiaryNIC] => Array
        (
            [0] => 565283181V
        )

    [beneficiaryPercentage] => Array
        (
            [0] => 100
        )

    [years] => 5
    [investmentAmount] => 100000
    [investmentType] => green_bonds
    [signingDate] => 2026-03-16
    [accountNo] => 03700407030101
    [bank] => SAYLAN BANK
    [branch] => THISSAMAHARAMA BRANCH
    [declaration] => accepted
    [declarationDate] => 2026-03-16
)

2026-03-16 15:25:29 - Attempting to upload file - Array
(
    [source] => C:\xampp\tmp\phpF90D.tmp
    [destination] => C:\xampp\htdocs\eco-wealth-portal/uploads/69b7d3910efd1_1773654929_NAMAL.pdf
    [file_size] => 770848
)

2026-03-16 15:25:29 - File uploaded successfully - 69b7d3910efd1_1773654929_NAMAL.pdf
2026-03-16 15:25:29 - Attempting to upload file - Array
(
    [source] => C:\xampp\tmp\phpF90E.tmp
    [destination] => C:\xampp\htdocs\eco-wealth-portal/uploads/69b7d3911261c_1773654929_NAMAL.pdf
    [file_size] => 770848
)

2026-03-16 15:25:29 - File uploaded successfully - 69b7d3911261c_1773654929_NAMAL.pdf
2026-03-16 15:25:29 - Attempting to upload file - Array
(
    [source] => C:\xampp\tmp\phpF90F.tmp
    [destination] => C:\xampp\htdocs\eco-wealth-portal/uploads/69b7d39112f37_1773654929_NAMAL.pdf
    [file_size] => 770848
)

2026-03-16 15:25:29 - File uploaded successfully - 69b7d39112f37_1773654929_NAMAL.pdf
2026-03-16 15:25:29 - Attempting to upload file - Array
(
    [source] => C:\xampp\tmp\phpF920.tmp
    [destination] => C:\xampp\htdocs\eco-wealth-portal/uploads/69b7d39113619_1773654929_NAMAL.pdf
    [file_size] => 770848
)

2026-03-16 15:25:29 - File uploaded successfully - 69b7d39113619_1773654929_NAMAL.pdf
2026-03-16 15:25:29 - Attempting to upload file - Array
(
    [source] => C:\xampp\tmp\phpF921.tmp
    [destination] => C:\xampp\htdocs\eco-wealth-portal/uploads/69b7d39113a92_1773654929_NAMAL.pdf
    [file_size] => 770848
)

2026-03-16 15:25:29 - File uploaded successfully - 69b7d39113a92_1773654929_NAMAL.pdf
2026-03-16 15:25:29 - Attempting to upload file - Array
(
    [source] => C:\xampp\tmp\phpF922.tmp
    [destination] => C:\xampp\htdocs\eco-wealth-portal/uploads/69b7d39113fce_1773654929_NAMAL.pdf
    [file_size] => 770848
)

2026-03-16 15:25:29 - File uploaded successfully - 69b7d39113fce_1773654929_NAMAL.pdf
2026-03-16 15:25:29 - Investor inserted successfully - Array
(
    [id] => 29
)

2026-03-16 15:25:29 - Beneficiary inserted - Array
(
    [investor_id] => 29
    [name] => PADMAWATHI
)

2026-03-16 15:25:29 - Transaction committed successfully - Array
(
    [application_id] => 29
)

2026-03-16 15:25:31 - Email sending attempt - Array
(
    [sent] => 
    [to] => premarathna@gmail.com
)

2026-03-16 15:25:31 - Redirecting to submit.php - Array
(
    [application_id] => 29
)

2026-03-16 15:25:31 - Tables created successfully
2026-03-16 15:26:35 - Tables created successfully
2026-03-16 15:26:37 - Tables created successfully
2026-03-16 15:26:40 - Tables created successfully
2026-03-16 15:26:46 - Tables created successfully
2026-03-16 15:26:56 - Tables created successfully
2026-03-16 15:26:57 - Tables created successfully
2026-03-16 15:26:57 - Tables created successfully
2026-03-16 15:27:00 - Tables created successfully
2026-03-16 15:27:56 - Tables created successfully
2026-03-16 15:28:10 - Tables created successfully
2026-03-16 15:28:16 - Tables created successfully
2026-03-16 15:29:01 - Tables created successfully
2026-03-16 15:31:17 - Tables created successfully
2026-03-16 15:31:17 - Tables created successfully
2026-03-16 15:32:05 - Tables created successfully
2026-03-16 15:32:10 - Tables created successfully
2026-03-16 15:32:10 - Tables created successfully
2026-03-16 15:32:40 - Tables created successfully
2026-03-16 15:32:44 - Tables created successfully
2026-03-16 15:32:46 - Tables created successfully
2026-03-16 15:32:47 - Tables created successfully
2026-03-16 15:32:56 - Tables created successfully
2026-03-16 15:33:06 - Tables created successfully
2026-03-16 15:33:12 - Tables created successfully
2026-03-16 15:33:17 - Tables created successfully
2026-03-16 15:33:19 - Tables created successfully
2026-03-16 15:33:56 - Tables created successfully
2026-03-16 15:34:12 - Tables created successfully
2026-03-16 15:34:14 - Tables created successfully
2026-03-16 15:34:16 - Tables created successfully
2026-03-16 15:34:52 - Tables created successfully
2026-03-16 15:34:53 - Tables created successfully
2026-03-16 15:34:58 - Tables created successfully
2026-03-16 15:35:28 - Tables created successfully
2026-03-16 15:35:33 - Tables created successfully
2026-03-16 15:36:30 - Tables created successfully
2026-03-16 15:36:35 - Tables created successfully
2026-03-16 15:36:47 - Tables created successfully
2026-03-16 15:37:07 - Tables created successfully
2026-03-16 15:37:19 - Tables created successfully
2026-03-16 15:37:19 - Tables created successfully
2026-03-16 15:37:26 - Tables created successfully
2026-03-16 15:37:31 - Tables created successfully
2026-03-16 15:51:29 - Tables created successfully
2026-03-16 15:51:36 - Tables created successfully
2026-03-16 15:51:45 - Tables created successfully
2026-03-16 15:52:08 - Tables created successfully
2026-03-16 15:52:13 - Tables created successfully
2026-03-16 15:52:13 - Tables created successfully
2026-03-16 15:52:16 - Tables created successfully
2026-03-16 15:52:22 - Tables created successfully
2026-03-16 15:52:28 - Tables created successfully
2026-03-16 15:52:53 - Tables created successfully
2026-03-16 15:52:59 - Tables created successfully
2026-03-16 15:53:16 - Tables created successfully
2026-03-16 15:53:21 - Tables created successfully
2026-03-16 15:53:27 - Tables created successfully
2026-03-16 15:53:33 - Tables created successfully
2026-03-16 15:55:25 - Tables created successfully
2026-03-16 15:55:36 - Tables created successfully
2026-03-16 15:55:36 - Tables created successfully
2026-03-16 15:55:44 - Tables created successfully
2026-03-16 15:55:49 - Tables created successfully
2026-03-16 15:55:54 - Tables created successfully
2026-03-16 15:56:05 - Tables created successfully
2026-03-16 15:56:11 - Tables created successfully
2026-03-16 15:59:22 - Tables created successfully
2026-03-16 15:59:22 - Tables created successfully
2026-03-16 15:59:26 - Tables created successfully
2026-03-16 15:59:26 - Tables created successfully
2026-03-16 15:59:35 - Tables created successfully
2026-03-16 15:59:39 - Tables created successfully
2026-03-16 16:00:19 - Tables created successfully
2026-03-16 16:00:25 - Tables created successfully
2026-03-16 16:00:30 - Tables created successfully
2026-03-16 16:01:02 - Tables created successfully
2026-03-16 16:01:22 - Tables created successfully
2026-03-16 16:06:43 - Tables created successfully
2026-03-16 16:07:37 - Tables created successfully
2026-03-16 16:19:32 - Tables created successfully
2026-03-16 16:19:36 - Tables created successfully
2026-03-16 16:25:41 - Tables created successfully
2026-03-16 16:25:52 - Tables created successfully
2026-03-16 16:25:57 - Tables created successfully
2026-03-16 16:26:02 - Tables created successfully
2026-03-16 16:28:29 - Tables created successfully
2026-03-16 16:28:33 - Tables created successfully
2026-03-16 16:28:39 - Tables created successfully
2026-03-16 16:28:46 - Tables created successfully
2026-03-16 16:28:46 - Tables created successfully
2026-03-16 16:29:04 - Tables created successfully
2026-03-16 16:29:04 - Tables created successfully
2026-03-16 16:29:07 - Tables created successfully
2026-03-16 16:29:17 - Tables created successfully
2026-03-16 16:29:17 - Tables created successfully
2026-03-16 16:29:26 - Tables created successfully
2026-03-16 16:30:05 - Tables created successfully
2026-03-16 16:30:12 - Tables created successfully
2026-03-16 16:30:29 - Tables created successfully
2026-03-16 16:30:33 - Tables created successfully
2026-03-16 16:30:40 - Tables created successfully
2026-03-16 16:30:45 - Tables created successfully
2026-03-16 16:31:18 - Tables created successfully
2026-03-16 16:31:18 - Tables created successfully
2026-03-16 16:33:36 - Tables created successfully
2026-03-16 16:33:41 - Tables created successfully
2026-03-16 16:34:01 - Tables created successfully
2026-03-16 16:34:04 - Tables created successfully
2026-03-16 16:35:01 - Tables created successfully
2026-03-16 16:35:12 - Tables created successfully
2026-03-16 16:35:19 - Tables created successfully
2026-03-16 16:35:27 - Tables created successfully
2026-03-16 16:37:03 - Tables created successfully
2026-03-16 16:37:13 - Tables created successfully
2026-03-16 16:37:23 - Tables created successfully
2026-03-16 16:37:23 - Tables created successfully
2026-03-16 16:37:32 - Tables created successfully
2026-03-16 16:37:32 - Tables created successfully
2026-03-16 16:38:14 - Tables created successfully
2026-03-16 16:38:14 - Tables created successfully
2026-03-16 16:38:43 - Tables created successfully
2026-03-16 16:38:45 - Tables created successfully
2026-03-16 16:38:49 - Tables created successfully
2026-03-16 16:38:53 - Tables created successfully
2026-03-16 16:39:15 - Tables created successfully
2026-03-16 16:39:22 - Tables created successfully
2026-03-16 16:39:27 - Tables created successfully
2026-03-16 16:39:27 - Tables created successfully
2026-03-16 16:39:50 - Tables created successfully
2026-03-16 16:39:55 - Tables created successfully
2026-03-16 16:39:55 - Tables created successfully
2026-03-16 16:40:04 - Tables created successfully
2026-03-16 16:40:14 - Tables created successfully
2026-03-16 16:40:14 - Tables created successfully
2026-03-16 16:40:18 - Tables created successfully
2026-03-16 16:40:20 - Tables created successfully
2026-03-16 16:40:22 - Tables created successfully
2026-03-16 16:40:26 - Tables created successfully
2026-03-16 16:40:28 - Tables created successfully
2026-03-16 16:40:30 - Tables created successfully
2026-03-16 16:40:54 - Tables created successfully
2026-03-16 16:40:59 - Tables created successfully
2026-03-16 16:40:59 - Tables created successfully
2026-03-16 16:41:08 - Tables created successfully
2026-03-16 16:41:12 - Tables created successfully
2026-03-16 16:41:12 - Tables created successfully
2026-03-16 16:41:16 - Tables created successfully
2026-03-16 16:41:19 - Tables created successfully
2026-03-16 16:41:21 - Tables created successfully
2026-03-16 16:41:25 - Tables created successfully
2026-03-16 16:41:27 - Tables created successfully
2026-03-16 16:41:29 - Tables created successfully
2026-03-16 16:41:36 - Tables created successfully
2026-03-16 16:41:38 - Tables created successfully
2026-03-16 16:41:40 - Tables created successfully
2026-03-16 16:41:56 - Tables created successfully
2026-03-16 16:42:05 - Tables created successfully
2026-03-16 16:42:05 - Tables created successfully
2026-03-16 16:42:14 - Tables created successfully
2026-03-16 16:42:14 - Tables created successfully
2026-03-16 16:42:19 - Tables created successfully
2026-03-16 16:42:19 - Tables created successfully
2026-03-16 16:42:20 - Tables created successfully
2026-03-16 16:42:21 - Tables created successfully
2026-03-16 16:42:21 - Tables created successfully
2026-03-16 16:42:23 - Tables created successfully
2026-03-16 16:42:33 - Tables created successfully
2026-03-16 16:42:38 - Tables created successfully
2026-03-16 16:42:38 - Tables created successfully
2026-03-16 16:42:42 - Tables created successfully
2026-03-16 16:42:53 - Tables created successfully
2026-03-16 16:42:57 - Tables created successfully
2026-03-16 16:42:57 - Tables created successfully
2026-03-16 16:43:00 - Tables created successfully
2026-03-16 16:43:00 - Tables created successfully
2026-03-16 16:43:02 - Tables created successfully
2026-03-16 16:43:09 - Tables created successfully
2026-03-16 16:43:09 - Tables created successfully
2026-03-16 16:43:16 - Tables created successfully
2026-03-16 16:43:44 - Tables created successfully
2026-03-21 20:41:27 - Tables created successfully
2026-03-23 21:13:20 - Tables created successfully
2026-03-23 21:13:20 - Tables created successfully
2026-03-23 21:15:04 - Tables created successfully
2026-03-23 21:20:29 - Tables created successfully
2026-03-23 21:20:29 - Form submission started - Array
(
    [fullName] => ANBDAS
    [nameWithInitials] => DASDASDAS
    [nicNo] => 2221214
    [telNo] => 342352434523523
    [dob] => 2008-03-14
    [email] => dkasun558@gmail.com
    [address] => 368/6 RATHNAPURA ROAD KALAWANA
    [occupation] => 3EWEEWWE
    [employerName] => EWRWR
    [beneficiaryName] => Array
        (
            [0] => WERWR
            [1] => 11
        )

    [beneficiaryNIC] => Array
        (
            [0] => 13
            [1] => 21312
        )

    [beneficiaryPercentage] => Array
        (
            [0] => 20
            [1] => 80
        )

    [years] => 12
    [investmentAmount] => 1000000
    [investmentType] => carbon_credits
    [signingDate] => 2026-03-23
    [accountNo] => KAWDNSLD
    [bank] => KZDVNDKX
    [branch] => AL;MFDSLDMS
    [declaration] => accepted
    [declarationDate] => 2026-03-23
)

2026-03-23 21:20:29 - Files received - Array
(
    [signatureUpload] => Array
        (
            [name] => Zo.pdf
            [type] => application/pdf
            [tmp_name] => C:\xampp\tmp\php94A2.tmp
            [error] => 0
            [size] => 1719826
        )

    [investorId] => Array
        (
            [name] => Zo.pdf
            [type] => application/pdf
            [tmp_name] => C:\xampp\tmp\php94D2.tmp
            [error] => 0
            [size] => 1719826
        )

    [beneficiaryId] => Array
        (
            [name] => Zo.pdf
            [type] => application/pdf
            [tmp_name] => C:\xampp\tmp\php94D3.tmp
            [error] => 0
            [size] => 1719826
        )

    [passbook] => Array
        (
            [name] => Zo.pdf
            [type] => application/pdf
            [tmp_name] => C:\xampp\tmp\php94E3.tmp
            [error] => 0
            [size] => 1719826
        )

    [paymentSlip] => Array
        (
            [name] => Zo.pdf
            [type] => application/pdf
            [tmp_name] => C:\xampp\tmp\php94F4.tmp
            [error] => 0
            [size] => 1719826
        )

    [finalSignature] => Array
        (
            [name] => Zo.pdf
            [type] => application/pdf
            [tmp_name] => C:\xampp\tmp\php94F5.tmp
            [error] => 0
            [size] => 1719826
        )

)

2026-03-23 21:20:29 - POST request received
2026-03-23 21:20:29 - Processing form data - Array
(
    [fullName] => ANBDAS
    [nameWithInitials] => DASDASDAS
    [nicNo] => 2221214
    [telNo] => 342352434523523
    [dob] => 2008-03-14
    [email] => dkasun558@gmail.com
    [address] => 368/6 RATHNAPURA ROAD KALAWANA
    [occupation] => 3EWEEWWE
    [employerName] => EWRWR
    [beneficiaryName] => Array
        (
            [0] => WERWR
            [1] => 11
        )

    [beneficiaryNIC] => Array
        (
            [0] => 13
            [1] => 21312
        )

    [beneficiaryPercentage] => Array
        (
            [0] => 20
            [1] => 80
        )

    [years] => 12
    [investmentAmount] => 1000000
    [investmentType] => carbon_credits
    [signingDate] => 2026-03-23
    [accountNo] => KAWDNSLD
    [bank] => KZDVNDKX
    [branch] => AL;MFDSLDMS
    [declaration] => accepted
    [declarationDate] => 2026-03-23
)

2026-03-23 21:20:29 - Attempting to upload file - Array
(
    [source] => C:\xampp\tmp\php94A2.tmp
    [destination] => C:\xampp\htdocs\eco-wealth-portal/uploads/69c16145cd7bd_1774281029_Zo.pdf
    [file_size] => 1719826
)

2026-03-23 21:20:29 - File uploaded successfully - 69c16145cd7bd_1774281029_Zo.pdf
2026-03-23 21:20:29 - Attempting to upload file - Array
(
    [source] => C:\xampp\tmp\php94D2.tmp
    [destination] => C:\xampp\htdocs\eco-wealth-portal/uploads/69c16145cf7b7_1774281029_Zo.pdf
    [file_size] => 1719826
)

2026-03-23 21:20:29 - File uploaded successfully - 69c16145cf7b7_1774281029_Zo.pdf
2026-03-23 21:20:29 - Attempting to upload file - Array
(
    [source] => C:\xampp\tmp\php94D3.tmp
    [destination] => C:\xampp\htdocs\eco-wealth-portal/uploads/69c16145d079e_1774281029_Zo.pdf
    [file_size] => 1719826
)

2026-03-23 21:20:29 - File uploaded successfully - 69c16145d079e_1774281029_Zo.pdf
2026-03-23 21:20:29 - Attempting to upload file - Array
(
    [source] => C:\xampp\tmp\php94E3.tmp
    [destination] => C:\xampp\htdocs\eco-wealth-portal/uploads/69c16145d1270_1774281029_Zo.pdf
    [file_size] => 1719826
)

2026-03-23 21:20:29 - File uploaded successfully - 69c16145d1270_1774281029_Zo.pdf
2026-03-23 21:20:29 - Attempting to upload file - Array
(
    [source] => C:\xampp\tmp\php94F4.tmp
    [destination] => C:\xampp\htdocs\eco-wealth-portal/uploads/69c16145d1b5d_1774281029_Zo.pdf
    [file_size] => 1719826
)

2026-03-23 21:20:29 - File uploaded successfully - 69c16145d1b5d_1774281029_Zo.pdf
2026-03-23 21:20:29 - Attempting to upload file - Array
(
    [source] => C:\xampp\tmp\php94F5.tmp
    [destination] => C:\xampp\htdocs\eco-wealth-portal/uploads/69c16145d232d_1774281029_Zo.pdf
    [file_size] => 1719826
)

2026-03-23 21:20:29 - File uploaded successfully - 69c16145d232d_1774281029_Zo.pdf
2026-03-23 21:20:29 - Cleaned up file on error - C:\xampp\htdocs\eco-wealth-portal/uploads/69c16145cd7bd_1774281029_Zo.pdf
2026-03-23 21:20:29 - Cleaned up file on error - C:\xampp\htdocs\eco-wealth-portal/uploads/69c16145cf7b7_1774281029_Zo.pdf
2026-03-23 21:20:29 - Cleaned up file on error - C:\xampp\htdocs\eco-wealth-portal/uploads/69c16145d079e_1774281029_Zo.pdf
2026-03-23 21:20:29 - Cleaned up file on error - C:\xampp\htdocs\eco-wealth-portal/uploads/69c16145d1270_1774281029_Zo.pdf
2026-03-23 21:20:29 - Cleaned up file on error - C:\xampp\htdocs\eco-wealth-portal/uploads/69c16145d1b5d_1774281029_Zo.pdf
2026-03-23 21:20:29 - Cleaned up file on error - C:\xampp\htdocs\eco-wealth-portal/uploads/69c16145d232d_1774281029_Zo.pdf
2026-03-23 21:20:29 - Form processing error - SQLSTATE[23000]: Integrity constraint violation: 1062 Duplicate entry '2221214' for key 'nic_no'
2026-03-23 21:20:29 - Redirecting back to index with error - Array
(
    [error] => SQLSTATE[23000]: Integrity constraint violation: 1062 Duplicate entry '2221214' for key 'nic_no'
)

2026-03-23 21:22:08 - Tables created successfully
2026-03-23 21:22:08 - Form submission started - Array
(
    [fullName] => DILSHAN
    [nameWithInitials] => KASUN
    [nicNo] => 2221214
    [telNo] => sdasdasd
    [dob] => 2008-02-26
    [email] => dkasun558@gmail.com
    [address] => 368/6 RATHNAPURA ROAD KALAWANA
    [occupation] => QA
    [employerName] => KASUN DILSHAN
    [beneficiaryName] => Array
        (
            [0] => SSASAS
        )

    [beneficiaryNIC] => Array
        (
            [0] => SWE1231221
        )

    [beneficiaryPercentage] => Array
        (
            [0] => 100
        )

    [years] => 1
    [investmentAmount] => 12232312
    [investmentType] => sustainable_etf
    [signingDate] => 2026-03-23
    [accountNo] => 1W
    [bank] => WDAS
    [branch] => THISSAMAHARAMA BRANCH
    [declaration] => accepted
    [declarationDate] => 2026-03-23
)

2026-03-23 21:22:08 - Files received - Array
(
    [signatureUpload] => Array
        (
            [name] => Zo.pdf
            [type] => application/pdf
            [tmp_name] => C:\xampp\tmp\php18B8.tmp
            [error] => 0
            [size] => 1719826
        )

    [investorId] => Array
        (
            [name] => Zo.pdf
            [type] => application/pdf
            [tmp_name] => C:\xampp\tmp\php18B9.tmp
            [error] => 0
            [size] => 1719826
        )

    [beneficiaryId] => Array
        (
            [name] => Zo.pdf
            [type] => application/pdf
            [tmp_name] => C:\xampp\tmp\php18C9.tmp
            [error] => 0
            [size] => 1719826
        )

    [passbook] => Array
        (
            [name] => Zo.pdf
            [type] => application/pdf
            [tmp_name] => C:\xampp\tmp\php18DA.tmp
            [error] => 0
            [size] => 1719826
        )

    [paymentSlip] => Array
        (
            [name] => Zo.pdf
            [type] => application/pdf
            [tmp_name] => C:\xampp\tmp\php18DB.tmp
            [error] => 0
            [size] => 1719826
        )

    [finalSignature] => Array
        (
            [name] => Zo.pdf
            [type] => application/pdf
            [tmp_name] => C:\xampp\tmp\php18EC.tmp
            [error] => 0
            [size] => 1719826
        )

)

2026-03-23 21:22:08 - POST request received
2026-03-23 21:22:08 - Processing form data - Array
(
    [fullName] => DILSHAN
    [nameWithInitials] => KASUN
    [nicNo] => 2221214
    [telNo] => sdasdasd
    [dob] => 2008-02-26
    [email] => dkasun558@gmail.com
    [address] => 368/6 RATHNAPURA ROAD KALAWANA
    [occupation] => QA
    [employerName] => KASUN DILSHAN
    [beneficiaryName] => Array
        (
            [0] => SSASAS
        )

    [beneficiaryNIC] => Array
        (
            [0] => SWE1231221
        )

    [beneficiaryPercentage] => Array
        (
            [0] => 100
        )

    [years] => 1
    [investmentAmount] => 12232312
    [investmentType] => sustainable_etf
    [signingDate] => 2026-03-23
    [accountNo] => 1W
    [bank] => WDAS
    [branch] => THISSAMAHARAMA BRANCH
    [declaration] => accepted
    [declarationDate] => 2026-03-23
)

2026-03-23 21:22:08 - Attempting to upload file - Array
(
    [source] => C:\xampp\tmp\php18B8.tmp
    [destination] => C:\xampp\htdocs\eco-wealth-portal/uploads/69c161a8f39d4_1774281128_Zo.pdf
    [file_size] => 1719826
)

2026-03-23 21:22:08 - File uploaded successfully - 69c161a8f39d4_1774281128_Zo.pdf
2026-03-23 21:22:08 - Attempting to upload file - Array
(
    [source] => C:\xampp\tmp\php18B9.tmp
    [destination] => C:\xampp\htdocs\eco-wealth-portal/uploads/69c161a8f3dcc_1774281128_Zo.pdf
    [file_size] => 1719826
)

2026-03-23 21:22:08 - File uploaded successfully - 69c161a8f3dcc_1774281128_Zo.pdf
2026-03-23 21:22:08 - Attempting to upload file - Array
(
    [source] => C:\xampp\tmp\php18C9.tmp
    [destination] => C:\xampp\htdocs\eco-wealth-portal/uploads/69c161a8f41af_1774281128_Zo.pdf
    [file_size] => 1719826
)

2026-03-23 21:22:09 - File uploaded successfully - 69c161a8f41af_1774281128_Zo.pdf
2026-03-23 21:22:09 - Attempting to upload file - Array
(
    [source] => C:\xampp\tmp\php18DA.tmp
    [destination] => C:\xampp\htdocs\eco-wealth-portal/uploads/69c161a90031d_1774281129_Zo.pdf
    [file_size] => 1719826
)

2026-03-23 21:22:09 - File uploaded successfully - 69c161a90031d_1774281129_Zo.pdf
2026-03-23 21:22:09 - Attempting to upload file - Array
(
    [source] => C:\xampp\tmp\php18DB.tmp
    [destination] => C:\xampp\htdocs\eco-wealth-portal/uploads/69c161a900641_1774281129_Zo.pdf
    [file_size] => 1719826
)

2026-03-23 21:22:09 - File uploaded successfully - 69c161a900641_1774281129_Zo.pdf
2026-03-23 21:22:09 - Attempting to upload file - Array
(
    [source] => C:\xampp\tmp\php18EC.tmp
    [destination] => C:\xampp\htdocs\eco-wealth-portal/uploads/69c161a9009fa_1774281129_Zo.pdf
    [file_size] => 1719826
)

2026-03-23 21:22:09 - File uploaded successfully - 69c161a9009fa_1774281129_Zo.pdf
2026-03-23 21:22:09 - Cleaned up file on error - C:\xampp\htdocs\eco-wealth-portal/uploads/69c161a8f39d4_1774281128_Zo.pdf
2026-03-23 21:22:09 - Cleaned up file on error - C:\xampp\htdocs\eco-wealth-portal/uploads/69c161a8f3dcc_1774281128_Zo.pdf
2026-03-23 21:22:09 - Cleaned up file on error - C:\xampp\htdocs\eco-wealth-portal/uploads/69c161a8f41af_1774281128_Zo.pdf
2026-03-23 21:22:09 - Cleaned up file on error - C:\xampp\htdocs\eco-wealth-portal/uploads/69c161a90031d_1774281129_Zo.pdf
2026-03-23 21:22:09 - Cleaned up file on error - C:\xampp\htdocs\eco-wealth-portal/uploads/69c161a900641_1774281129_Zo.pdf
2026-03-23 21:22:09 - Cleaned up file on error - C:\xampp\htdocs\eco-wealth-portal/uploads/69c161a9009fa_1774281129_Zo.pdf
2026-03-23 21:22:09 - Form processing error - SQLSTATE[23000]: Integrity constraint violation: 1062 Duplicate entry '2221214' for key 'nic_no'
2026-03-23 21:22:09 - Redirecting back to index with error - Array
(
    [error] => SQLSTATE[23000]: Integrity constraint violation: 1062 Duplicate entry '2221214' for key 'nic_no'
)

2026-03-23 21:24:53 - Tables created successfully
2026-03-23 21:24:53 - Form submission started - Array
(
    [fullName] => DILSHAN
    [nameWithInitials] => KASUN
    [nicNo] => 213131
    [telNo] => 342352434523523
    [dob] => 2008-03-22
    [email] => dkasun558@gmail.com
    [address] => 368/6 Rathnapura Road Kalawana
    [occupation] => QA
    [employerName] => Kasun Dilshan
    [beneficiaryName] => Array
        (
            [0] => ssasaS
        )

    [beneficiaryNIC] => Array
        (
            [0] => 12321312
        )

    [beneficiaryPercentage] => Array
        (
            [0] => 100
        )

    [years] => 2
    [investmentAmount] => 100000
    [investmentType] => esg_funds
    [signingDate] => 2026-03-23
    [accountNo] => 2121
    [bank] => wdas
    [branch] => dasdasdasdas
    [declaration] => accepted
    [declarationDate] => 2026-03-23
)

2026-03-23 21:24:53 - Files received - Array
(
    [signatureUpload] => Array
        (
            [name] => Zo.pdf
            [type] => application/pdf
            [tmp_name] => C:\xampp\tmp\php9AE4.tmp
            [error] => 0
            [size] => 1719826
        )

    [investorId] => Array
        (
            [name] => Zo.pdf
            [type] => application/pdf
            [tmp_name] => C:\xampp\tmp\php9AF5.tmp
            [error] => 0
            [size] => 1719826
        )

    [beneficiaryId] => Array
        (
            [name] => MF6794.pdf
            [type] => application/pdf
            [tmp_name] => C:\xampp\tmp\php9AF6.tmp
            [error] => 0
            [size] => 989860
        )

    [passbook] => Array
        (
            [name] => Zo.pdf
            [type] => application/pdf
            [tmp_name] => C:\xampp\tmp\php9B07.tmp
            [error] => 0
            [size] => 1719826
        )

    [paymentSlip] => Array
        (
            [name] => MF6794.pdf
            [type] => application/pdf
            [tmp_name] => C:\xampp\tmp\php9B17.tmp
            [error] => 0
            [size] => 989860
        )

    [finalSignature] => Array
        (
            [name] => sere.pdf
            [type] => application/pdf
            [tmp_name] => C:\xampp\tmp\php9B28.tmp
            [error] => 0
            [size] => 788862
        )

)

2026-03-23 21:24:53 - POST request received
2026-03-23 21:24:53 - Processing form data - Array
(
    [fullName] => DILSHAN
    [nameWithInitials] => KASUN
    [nicNo] => 213131
    [telNo] => 342352434523523
    [dob] => 2008-03-22
    [email] => dkasun558@gmail.com
    [address] => 368/6 Rathnapura Road Kalawana
    [occupation] => QA
    [employerName] => Kasun Dilshan
    [beneficiaryName] => Array
        (
            [0] => ssasaS
        )

    [beneficiaryNIC] => Array
        (
            [0] => 12321312
        )

    [beneficiaryPercentage] => Array
        (
            [0] => 100
        )

    [years] => 2
    [investmentAmount] => 100000
    [investmentType] => esg_funds
    [signingDate] => 2026-03-23
    [accountNo] => 2121
    [bank] => wdas
    [branch] => dasdasdasdas
    [declaration] => accepted
    [declarationDate] => 2026-03-23
)

2026-03-23 21:24:53 - Attempting to upload file - Array
(
    [source] => C:\xampp\tmp\php9AE4.tmp
    [destination] => C:\xampp\htdocs\eco-wealth-portal/uploads/69c1624d5b10a_1774281293_Zo.pdf
    [file_size] => 1719826
)

2026-03-23 21:24:53 - File uploaded successfully - 69c1624d5b10a_1774281293_Zo.pdf
2026-03-23 21:24:53 - Attempting to upload file - Array
(
    [source] => C:\xampp\tmp\php9AF5.tmp
    [destination] => C:\xampp\htdocs\eco-wealth-portal/uploads/69c1624d5b4ef_1774281293_Zo.pdf
    [file_size] => 1719826
)

2026-03-23 21:24:53 - File uploaded successfully - 69c1624d5b4ef_1774281293_Zo.pdf
2026-03-23 21:24:53 - Attempting to upload file - Array
(
    [source] => C:\xampp\tmp\php9AF6.tmp
    [destination] => C:\xampp\htdocs\eco-wealth-portal/uploads/69c1624d5b828_1774281293_MF6794.pdf
    [file_size] => 989860
)

2026-03-23 21:24:53 - File uploaded successfully - 69c1624d5b828_1774281293_MF6794.pdf
2026-03-23 21:24:53 - Attempting to upload file - Array
(
    [source] => C:\xampp\tmp\php9B07.tmp
    [destination] => C:\xampp\htdocs\eco-wealth-portal/uploads/69c1624d5bc0c_1774281293_Zo.pdf
    [file_size] => 1719826
)

2026-03-23 21:24:53 - File uploaded successfully - 69c1624d5bc0c_1774281293_Zo.pdf
2026-03-23 21:24:53 - Attempting to upload file - Array
(
    [source] => C:\xampp\tmp\php9B17.tmp
    [destination] => C:\xampp\htdocs\eco-wealth-portal/uploads/69c1624d5c08b_1774281293_MF6794.pdf
    [file_size] => 989860
)

2026-03-23 21:24:53 - File uploaded successfully - 69c1624d5c08b_1774281293_MF6794.pdf
2026-03-23 21:24:53 - Attempting to upload file - Array
(
    [source] => C:\xampp\tmp\php9B28.tmp
    [destination] => C:\xampp\htdocs\eco-wealth-portal/uploads/69c1624d5c589_1774281293_sere.pdf
    [file_size] => 788862
)

2026-03-23 21:24:53 - File uploaded successfully - 69c1624d5c589_1774281293_sere.pdf
2026-03-23 21:24:53 - Investor inserted successfully - Array
(
    [id] => 32
)

2026-03-23 21:24:53 - Beneficiary inserted - Array
(
    [investor_id] => 32
    [name] => ssasaS
)

2026-03-23 21:24:53 - Transaction committed successfully - Array
(
    [application_id] => 32
)

2026-03-23 21:24:55 - Email sending attempt - Array
(
    [sent] => 
    [to] => dkasun558@gmail.com
)

2026-03-23 21:24:55 - Redirecting to submit.php - Array
(
    [application_id] => 32
)

2026-03-23 21:24:55 - Tables created successfully
2026-03-23 21:26:01 - Tables created successfully
2026-03-23 21:27:38 - Tables created successfully
2026-03-23 21:27:38 - Form submission started - Array
(
    [fullName] => DILSHAN
    [nameWithInitials] => KASUN
    [nicNo] => 213131
    [telNo] => 342352434523523
    [dob] => 2008-03-01
    [email] => dkasun558@gmail.com
    [address] => 368/6 RATHNAPURA ROAD KALAWANA
    [occupation] => DRIVER
    [employerName] => KASUN DILSHAN
    [beneficiaryName] => Array
        (
            [0] => PADMAWATHI
        )

    [beneficiaryNIC] => Array
        (
            [0] => 12321312
        )

    [beneficiaryPercentage] => Array
        (
            [0] => 100
        )

    [years] => 2
    [investmentAmount] => 100000
    [investmentType] => renewable_energy
    [signingDate] => 2026-03-23
    [accountNo] => 2121
    [bank] => SDASDDAS
    [branch] => DASDASDASDAS
    [declaration] => accepted
    [declarationDate] => 2026-03-23
)

2026-03-23 21:27:38 - Files received - Array
(
    [signatureUpload] => Array
        (
            [name] => Zo.pdf
            [type] => application/pdf
            [tmp_name] => C:\xampp\tmp\php1EB7.tmp
            [error] => 0
            [size] => 1719826
        )

    [investorId] => Array
        (
            [name] => MF6794.pdf
            [type] => application/pdf
            [tmp_name] => C:\xampp\tmp\php1EC7.tmp
            [error] => 0
            [size] => 989860
        )

    [beneficiaryId] => Array
        (
            [name] => Zo.pdf
            [type] => application/pdf
            [tmp_name] => C:\xampp\tmp\php1ED8.tmp
            [error] => 0
            [size] => 1719826
        )

    [passbook] => Array
        (
            [name] => sere.pdf
            [type] => application/pdf
            [tmp_name] => C:\xampp\tmp\php1EF8.tmp
            [error] => 0
            [size] => 788862
        )

    [paymentSlip] => Array
        (
            [name] => MF6794.pdf
            [type] => application/pdf
            [tmp_name] => C:\xampp\tmp\php1EF9.tmp
            [error] => 0
            [size] => 989860
        )

    [finalSignature] => Array
        (
            [name] => Zo.pdf
            [type] => application/pdf
            [tmp_name] => C:\xampp\tmp\php1F0A.tmp
            [error] => 0
            [size] => 1719826
        )

)

2026-03-23 21:27:38 - POST request received
2026-03-23 21:27:38 - Processing form data - Array
(
    [fullName] => DILSHAN
    [nameWithInitials] => KASUN
    [nicNo] => 213131
    [telNo] => 342352434523523
    [dob] => 2008-03-01
    [email] => dkasun558@gmail.com
    [address] => 368/6 RATHNAPURA ROAD KALAWANA
    [occupation] => DRIVER
    [employerName] => KASUN DILSHAN
    [beneficiaryName] => Array
        (
            [0] => PADMAWATHI
        )

    [beneficiaryNIC] => Array
        (
            [0] => 12321312
        )

    [beneficiaryPercentage] => Array
        (
            [0] => 100
        )

    [years] => 2
    [investmentAmount] => 100000
    [investmentType] => renewable_energy
    [signingDate] => 2026-03-23
    [accountNo] => 2121
    [bank] => SDASDDAS
    [branch] => DASDASDASDAS
    [declaration] => accepted
    [declarationDate] => 2026-03-23
)

2026-03-23 21:27:38 - Attempting to upload file - Array
(
    [source] => C:\xampp\tmp\php1EB7.tmp
    [destination] => C:\xampp\htdocs\eco-wealth-portal/uploads/69c162f23064d_1774281458_Zo.pdf
    [file_size] => 1719826
)

2026-03-23 21:27:38 - File uploaded successfully - 69c162f23064d_1774281458_Zo.pdf
2026-03-23 21:27:38 - Attempting to upload file - Array
(
    [source] => C:\xampp\tmp\php1EC7.tmp
    [destination] => C:\xampp\htdocs\eco-wealth-portal/uploads/69c162f230b10_1774281458_MF6794.pdf
    [file_size] => 989860
)

2026-03-23 21:27:38 - File uploaded successfully - 69c162f230b10_1774281458_MF6794.pdf
2026-03-23 21:27:38 - Attempting to upload file - Array
(
    [source] => C:\xampp\tmp\php1ED8.tmp
    [destination] => C:\xampp\htdocs\eco-wealth-portal/uploads/69c162f230f37_1774281458_Zo.pdf
    [file_size] => 1719826
)

2026-03-23 21:27:38 - File uploaded successfully - 69c162f230f37_1774281458_Zo.pdf
2026-03-23 21:27:38 - Attempting to upload file - Array
(
    [source] => C:\xampp\tmp\php1EF8.tmp
    [destination] => C:\xampp\htdocs\eco-wealth-portal/uploads/69c162f231344_1774281458_sere.pdf
    [file_size] => 788862
)

2026-03-23 21:27:38 - File uploaded successfully - 69c162f231344_1774281458_sere.pdf
2026-03-23 21:27:38 - Attempting to upload file - Array
(
    [source] => C:\xampp\tmp\php1EF9.tmp
    [destination] => C:\xampp\htdocs\eco-wealth-portal/uploads/69c162f231769_1774281458_MF6794.pdf
    [file_size] => 989860
)

2026-03-23 21:27:38 - File uploaded successfully - 69c162f231769_1774281458_MF6794.pdf
2026-03-23 21:27:38 - Attempting to upload file - Array
(
    [source] => C:\xampp\tmp\php1F0A.tmp
    [destination] => C:\xampp\htdocs\eco-wealth-portal/uploads/69c162f231bb0_1774281458_Zo.pdf
    [file_size] => 1719826
)

2026-03-23 21:27:38 - File uploaded successfully - 69c162f231bb0_1774281458_Zo.pdf
2026-03-23 21:27:38 - Cleaned up file on error - C:\xampp\htdocs\eco-wealth-portal/uploads/69c162f23064d_1774281458_Zo.pdf
2026-03-23 21:27:38 - Cleaned up file on error - C:\xampp\htdocs\eco-wealth-portal/uploads/69c162f230b10_1774281458_MF6794.pdf
2026-03-23 21:27:38 - Cleaned up file on error - C:\xampp\htdocs\eco-wealth-portal/uploads/69c162f230f37_1774281458_Zo.pdf
2026-03-23 21:27:38 - Cleaned up file on error - C:\xampp\htdocs\eco-wealth-portal/uploads/69c162f231344_1774281458_sere.pdf
2026-03-23 21:27:38 - Cleaned up file on error - C:\xampp\htdocs\eco-wealth-portal/uploads/69c162f231769_1774281458_MF6794.pdf
2026-03-23 21:27:38 - Cleaned up file on error - C:\xampp\htdocs\eco-wealth-portal/uploads/69c162f231bb0_1774281458_Zo.pdf
2026-03-23 21:27:38 - Form processing error - SQLSTATE[23000]: Integrity constraint violation: 1062 Duplicate entry '213131' for key 'nic_no'
2026-03-23 21:27:38 - Redirecting back to index with error - Array
(
    [error] => SQLSTATE[23000]: Integrity constraint violation: 1062 Duplicate entry '213131' for key 'nic_no'
)

2026-03-25 10:30:12 - Tables created successfully
2026-03-25 10:30:26 - Tables created successfully
2026-03-25 10:32:12 - Tables created successfully
2026-03-25 10:32:12 - Form submission started - Array
(
    [fullName] => DILSHAN
    [nameWithInitials] => KASUN
    [nicNo] => 21113
    [telNo] => 131313
    [dob] => 2008-03-20
    [email] => dkasun558@gmail.com
    [address] => 368/6 Rathnapura Road Kalawana
    [occupation] => 1212
    [employerName] => Kasun Dilshan
    [beneficiaryName] => Array
        (
            [0] => qw
        )

    [beneficiaryNIC] => Array
        (
            [0] => swe1231221
        )

    [beneficiaryPercentage] => Array
        (
            [0] => 100
        )

    [years] => 2
    [investmentAmount] => 100000
    [investmentType] => green_bonds
    [signingDate] => 2026-03-25
    [accountNo] => 2121
    [bank] => wdas
    [branch] => sdasd
    [declaration] => accepted
    [declarationDate] => 2026-03-25
)

2026-03-25 10:32:12 - Files received - Array
(
    [signatureUpload] => Array
        (
            [name] => Zo.pdf
            [type] => application/pdf
            [tmp_name] => C:\xampp\tmp\php1425.tmp
            [error] => 0
            [size] => 1719826
        )

    [investorId] => Array
        (
            [name] => MF6794.pdf
            [type] => application/pdf
            [tmp_name] => C:\xampp\tmp\php1455.tmp
            [error] => 0
            [size] => 989860
        )

    [beneficiaryId] => Array
        (
            [name] => Zo.pdf
            [type] => application/pdf
            [tmp_name] => C:\xampp\tmp\php1466.tmp
            [error] => 0
            [size] => 1719826
        )

    [passbook] => Array
        (
            [name] => Zo.pdf
            [type] => application/pdf
            [tmp_name] => C:\xampp\tmp\php1476.tmp
            [error] => 0
            [size] => 1719826
        )

    [paymentSlip] => Array
        (
            [name] => MF6794.pdf
            [type] => application/pdf
            [tmp_name] => C:\xampp\tmp\php1477.tmp
            [error] => 0
            [size] => 989860
        )

    [finalSignature] => Array
        (
            [name] => Zo.pdf
            [type] => application/pdf
            [tmp_name] => C:\xampp\tmp\php1488.tmp
            [error] => 0
            [size] => 1719826
        )

)

2026-03-25 10:32:12 - POST request received
2026-03-25 10:32:12 - Processing form data - Array
(
    [fullName] => DILSHAN
    [nameWithInitials] => KASUN
    [nicNo] => 21113
    [telNo] => 131313
    [dob] => 2008-03-20
    [email] => dkasun558@gmail.com
    [address] => 368/6 Rathnapura Road Kalawana
    [occupation] => 1212
    [employerName] => Kasun Dilshan
    [beneficiaryName] => Array
        (
            [0] => qw
        )

    [beneficiaryNIC] => Array
        (
            [0] => swe1231221
        )

    [beneficiaryPercentage] => Array
        (
            [0] => 100
        )

    [years] => 2
    [investmentAmount] => 100000
    [investmentType] => green_bonds
    [signingDate] => 2026-03-25
    [accountNo] => 2121
    [bank] => wdas
    [branch] => sdasd
    [declaration] => accepted
    [declarationDate] => 2026-03-25
)

2026-03-25 10:32:12 - Attempting to upload file - Array
(
    [source] => C:\xampp\tmp\php1425.tmp
    [destination] => C:\xampp\htdocs\eco-wealth-portal/uploads/69c36c543e730_1774414932_Zo.pdf
    [file_size] => 1719826
)

2026-03-25 10:32:12 - File uploaded successfully - 69c36c543e730_1774414932_Zo.pdf
2026-03-25 10:32:12 - Attempting to upload file - Array
(
    [source] => C:\xampp\tmp\php1455.tmp
    [destination] => C:\xampp\htdocs\eco-wealth-portal/uploads/69c36c5440675_1774414932_MF6794.pdf
    [file_size] => 989860
)

2026-03-25 10:32:12 - File uploaded successfully - 69c36c5440675_1774414932_MF6794.pdf
2026-03-25 10:32:12 - Attempting to upload file - Array
(
    [source] => C:\xampp\tmp\php1466.tmp
    [destination] => C:\xampp\htdocs\eco-wealth-portal/uploads/69c36c5440ab8_1774414932_Zo.pdf
    [file_size] => 1719826
)

2026-03-25 10:32:12 - File uploaded successfully - 69c36c5440ab8_1774414932_Zo.pdf
2026-03-25 10:32:12 - Attempting to upload file - Array
(
    [source] => C:\xampp\tmp\php1476.tmp
    [destination] => C:\xampp\htdocs\eco-wealth-portal/uploads/69c36c5440d83_1774414932_Zo.pdf
    [file_size] => 1719826
)

2026-03-25 10:32:12 - File uploaded successfully - 69c36c5440d83_1774414932_Zo.pdf
2026-03-25 10:32:12 - Attempting to upload file - Array
(
    [source] => C:\xampp\tmp\php1477.tmp
    [destination] => C:\xampp\htdocs\eco-wealth-portal/uploads/69c36c544107b_1774414932_MF6794.pdf
    [file_size] => 989860
)

2026-03-25 10:32:12 - File uploaded successfully - 69c36c544107b_1774414932_MF6794.pdf
2026-03-25 10:32:12 - Attempting to upload file - Array
(
    [source] => C:\xampp\tmp\php1488.tmp
    [destination] => C:\xampp\htdocs\eco-wealth-portal/uploads/69c36c54413b2_1774414932_Zo.pdf
    [file_size] => 1719826
)

2026-03-25 10:32:12 - File uploaded successfully - 69c36c54413b2_1774414932_Zo.pdf
2026-03-25 10:32:12 - Investor inserted successfully - Array
(
    [id] => 34
)

2026-03-25 10:32:12 - Beneficiary inserted - Array
(
    [investor_id] => 34
    [name] => qw
)

2026-03-25 10:32:12 - Transaction committed successfully - Array
(
    [application_id] => 34
)

2026-03-25 10:32:14 - Email sending attempt - Array
(
    [sent] => 
    [to] => dkasun558@gmail.com
)

2026-03-25 10:32:14 - Redirecting to submit.php - Array
(
    [application_id] => 34
)

2026-03-25 10:32:14 - Tables created successfully
2026-03-25 12:12:48 - Tables created successfully
2026-03-25 13:33:58 - Tables created successfully
2026-03-25 13:35:25 - Tables created successfully
2026-03-25 13:35:25 - Form submission started - Array
(
    [fullName] => KASUN
    [nameWithInitials] => KASUN
    [nicNo] => 111111
    [telNo] => aq1111
    [dob] => 2008-02-26
    [email] => kasun@gmail.com
    [address] => 368/6qwq
    [occupation] => qw
    [employerName] => qw
    [beneficiaryName] => Array
        (
            [0] => qw
        )

    [beneficiaryNIC] => Array
        (
            [0] => qw
        )

    [beneficiaryPercentage] => Array
        (
            [0] => 100
        )

    [years] => 2
    [investmentAmount] => 100000
    [investmentType] => sustainable_agriculture
    [signingDate] => 2026-03-25
    [accountNo] => 2121
    [bank] => wdas
    [branch] => AL;MFDSLDMS
    [declaration] => accepted
)

2026-03-25 13:35:25 - Files received - Array
(
    [investorId] => Array
        (
            [name] => Zo.pdf
            [type] => application/pdf
            [tmp_name] => C:\xampp\tmp\phpD2BC.tmp
            [error] => 0
            [size] => 1719826
        )

    [beneficiaryId] => Array
        (
            [name] => MF6794.pdf
            [type] => application/pdf
            [tmp_name] => C:\xampp\tmp\phpD2FC.tmp
            [error] => 0
            [size] => 989860
        )

    [passbook] => Array
        (
            [name] => Zo.pdf
            [type] => application/pdf
            [tmp_name] => C:\xampp\tmp\phpD30C.tmp
            [error] => 0
            [size] => 1719826
        )

    [paymentSlip] => Array
        (
            [name] => MF6794.pdf
            [type] => application/pdf
            [tmp_name] => C:\xampp\tmp\phpD31D.tmp
            [error] => 0
            [size] => 989860
        )

    [proofDocuments] => Array
        (
            [name] => Zo.pdf
            [type] => application/pdf
            [tmp_name] => C:\xampp\tmp\phpD31E.tmp
            [error] => 0
            [size] => 1719826
        )

    [otherDocuments] => Array
        (
            [name] => MF6794.pdf
            [type] => application/pdf
            [tmp_name] => C:\xampp\tmp\phpD32E.tmp
            [error] => 0
            [size] => 989860
        )

)

2026-03-25 13:35:25 - POST request received
2026-03-25 13:35:25 - Processing form data - Array
(
    [fullName] => KASUN
    [nameWithInitials] => KASUN
    [nicNo] => 111111
    [telNo] => aq1111
    [dob] => 2008-02-26
    [email] => kasun@gmail.com
    [address] => 368/6qwq
    [occupation] => qw
    [employerName] => qw
    [beneficiaryName] => Array
        (
            [0] => qw
        )

    [beneficiaryNIC] => Array
        (
            [0] => qw
        )

    [beneficiaryPercentage] => Array
        (
            [0] => 100
        )

    [years] => 2
    [investmentAmount] => 100000
    [investmentType] => sustainable_agriculture
    [signingDate] => 2026-03-25
    [accountNo] => 2121
    [bank] => wdas
    [branch] => AL;MFDSLDMS
    [declaration] => accepted
)

2026-03-25 13:35:25 - Form processing error - Please fill in all required fields. Missing: declarationDate
2026-03-25 13:35:25 - Redirecting back to index with error - Array
(
    [error] => Please fill in all required fields. Missing: declarationDate
)

2026-03-25 13:41:49 - Tables created successfully
2026-03-25 13:43:06 - Tables created successfully
2026-03-25 13:43:06 - Form submission started - Array
(
    [declarationDate] => 2026-03-25
    [fullName] => KASUN
    [nameWithInitials] => QW
    [nicNo] => 121
    [telNo] => 211
    [dob] => 2008-03-19
    [email] => aqw@gmail.com
    [address] => wwqe
    [occupation] => x
    [employerName] => a
    [beneficiaryName] => Array
        (
            [0] => a
        )

    [beneficiaryNIC] => Array
        (
            [0] => a
        )

    [beneficiaryPercentage] => Array
        (
            [0] => 100
        )

    [years] => 2
    [investmentAmount] => 10000000
    [investmentType] => sustainable_agriculture
    [signingDate] => 2026-03-25
    [accountNo] => 22213123123
    [bank] => SAYLAN BANK
    [branch] => 122122
    [declaration] => accepted
)

2026-03-25 13:43:06 - Files received - Array
(
    [investorId] => Array
        (
            [name] => Zo.pdf
            [type] => application/pdf
            [tmp_name] => C:\xampp\tmp\phpDB7A.tmp
            [error] => 0
            [size] => 1719826
        )

    [beneficiaryId] => Array
        (
            [name] => MF6794.pdf
            [type] => application/pdf
            [tmp_name] => C:\xampp\tmp\phpDB9B.tmp
            [error] => 0
            [size] => 989860
        )

    [passbook] => Array
        (
            [name] => Zo.pdf
            [type] => application/pdf
            [tmp_name] => C:\xampp\tmp\phpDBAB.tmp
            [error] => 0
            [size] => 1719826
        )

    [paymentSlip] => Array
        (
            [name] => Travel_itinerary_IT15799_260131_170804 THJEN260301 CHANNA x4.pdf
            [type] => application/pdf
            [tmp_name] => C:\xampp\tmp\phpDBBC.tmp
            [error] => 0
            [size] => 287974
        )

    [proofDocuments] => Array
        (
            [name] => NAMAL.pdf
            [type] => application/pdf
            [tmp_name] => C:\xampp\tmp\phpDBBD.tmp
            [error] => 0
            [size] => 770848
        )

    [otherDocuments] => Array
        (
            [name] => si.pdf
            [type] => application/pdf
            [tmp_name] => C:\xampp\tmp\phpDBCE.tmp
            [error] => 0
            [size] => 2501641
        )

)

2026-03-25 13:43:06 - POST request received
2026-03-25 13:43:06 - Processing form data - Array
(
    [declarationDate] => 2026-03-25
    [fullName] => KASUN
    [nameWithInitials] => QW
    [nicNo] => 121
    [telNo] => 211
    [dob] => 2008-03-19
    [email] => aqw@gmail.com
    [address] => wwqe
    [occupation] => x
    [employerName] => a
    [beneficiaryName] => Array
        (
            [0] => a
        )

    [beneficiaryNIC] => Array
        (
            [0] => a
        )

    [beneficiaryPercentage] => Array
        (
            [0] => 100
        )

    [years] => 2
    [investmentAmount] => 10000000
    [investmentType] => sustainable_agriculture
    [signingDate] => 2026-03-25
    [accountNo] => 22213123123
    [bank] => SAYLAN BANK
    [branch] => 122122
    [declaration] => accepted
)

2026-03-25 13:43:06 - Attempting to upload file - Array
(
    [source] => C:\xampp\tmp\phpDB7A.tmp
    [destination] => C:\xampp\htdocs\eco-wealth-portal/uploads/69c39912451c0_1774426386_Zo.pdf
    [file_size] => 1719826
)

2026-03-25 13:43:06 - File uploaded successfully - 69c39912451c0_1774426386_Zo.pdf
2026-03-25 13:43:06 - Attempting to upload file - Array
(
    [source] => C:\xampp\tmp\phpDB9B.tmp
    [destination] => C:\xampp\htdocs\eco-wealth-portal/uploads/69c399124647e_1774426386_MF6794.pdf
    [file_size] => 989860
)

2026-03-25 13:43:06 - File uploaded successfully - 69c399124647e_1774426386_MF6794.pdf
2026-03-25 13:43:06 - Attempting to upload file - Array
(
    [source] => C:\xampp\tmp\phpDBAB.tmp
    [destination] => C:\xampp\htdocs\eco-wealth-portal/uploads/69c3991246c9f_1774426386_Zo.pdf
    [file_size] => 1719826
)

2026-03-25 13:43:06 - File uploaded successfully - 69c3991246c9f_1774426386_Zo.pdf
2026-03-25 13:43:06 - Attempting to upload file - Array
(
    [source] => C:\xampp\tmp\phpDBBC.tmp
    [destination] => C:\xampp\htdocs\eco-wealth-portal/uploads/69c3991247197_1774426386_Travel_itinerary_IT15799_260131_170804_THJEN260301_CHANNA_x4.pdf
    [file_size] => 287974
)

2026-03-25 13:43:06 - File uploaded successfully - 69c3991247197_1774426386_Travel_itinerary_IT15799_260131_170804_THJEN260301_CHANNA_x4.pdf
2026-03-25 13:43:06 - Attempting to upload file - Array
(
    [source] => C:\xampp\tmp\phpDBBD.tmp
    [destination] => C:\xampp\htdocs\eco-wealth-portal/uploads/69c3991247606_1774426386_NAMAL.pdf
    [file_size] => 770848
)

2026-03-25 13:43:06 - File uploaded successfully - 69c3991247606_1774426386_NAMAL.pdf
2026-03-25 13:43:06 - Attempting to upload file - Array
(
    [source] => C:\xampp\tmp\phpDBCE.tmp
    [destination] => C:\xampp\htdocs\eco-wealth-portal/uploads/69c3991247a64_1774426386_si.pdf
    [file_size] => 2501641
)

2026-03-25 13:43:06 - File uploaded successfully - 69c3991247a64_1774426386_si.pdf
2026-03-25 13:43:06 - Investor inserted successfully - Array
(
    [id] => 35
)

2026-03-25 13:43:07 - Beneficiary inserted - Array
(
    [investor_id] => 35
    [name] => a
)

2026-03-25 13:43:07 - Transaction committed successfully - Array
(
    [application_id] => 35
)

2026-03-25 13:43:09 - Email sending attempt - Array
(
    [sent] => 
    [to] => aqw@gmail.com
)

2026-03-25 13:43:09 - Redirecting to submit.php - Array
(
    [application_id] => 35
)

2026-03-25 13:43:09 - Tables created successfully
2026-03-25 13:55:26 - Tables created successfully
2026-03-25 13:57:00 - Tables created successfully
2026-03-25 13:58:28 - Tables created successfully
2026-03-25 13:58:28 - Form submission started - Array
(
    [declarationDate] => 2026-03-25
    [fullName] => DAS
    [nameWithInitials] => DSD
    [nicNo] => 601161311V
    [telNo] => 342352434523523
    [dob] => 2008-03-25
    [email] => asdj@gmail.com
    [address] => rer
    [occupation] => 1212
    [employerName] => Kasun Dilshan
    [beneficiaryName] => Array
        (
            [0] => WERWR
        )

    [beneficiaryNIC] => Array
        (
            [0] => 112232V
        )

    [beneficiaryPercentage] => Array
        (
            [0] => 100
        )

    [years] => 2
    [investmentAmount] => 100000
    [investmentType] => sustainable_agriculture
    [signingDate] => 2026-03-25
    [accountNo] => 2121
    [bank] => SAYLAN BANK
    [branch] => THISSAMAHARAMA BRANCH
    [declaration] => accepted
)

2026-03-25 13:58:28 - Files received - Array
(
    [investorId] => Array
        (
            [name] => Zo.pdf
            [type] => application/pdf
            [tmp_name] => C:\xampp\tmp\phpEEB6.tmp
            [error] => 0
            [size] => 1719826
        )

    [beneficiaryId] => Array
        (
            [name] => Travel_itinerary_IT15799_260131_170804 THJEN260301 CHANNA x4.pdf
            [type] => application/pdf
            [tmp_name] => C:\xampp\tmp\phpEED7.tmp
            [error] => 0
            [size] => 287974
        )

    [passbook] => Array
        (
            [name] => Zo.pdf
            [type] => application/pdf
            [tmp_name] => C:\xampp\tmp\phpEEE7.tmp
            [error] => 0
            [size] => 1719826
        )

    [paymentSlip] => Array
        (
            [name] => sere.pdf
            [type] => application/pdf
            [tmp_name] => C:\xampp\tmp\phpEEE8.tmp
            [error] => 0
            [size] => 788862
        )

    [proofDocuments] => Array
        (
            [name] => 
            [type] => 
            [tmp_name] => 
            [error] => 4
            [size] => 0
        )

    [otherDocuments] => Array
        (
            [name] => 
            [type] => 
            [tmp_name] => 
            [error] => 4
            [size] => 0
        )

)

2026-03-25 13:58:28 - POST request received
2026-03-25 13:58:28 - Processing form data - Array
(
    [declarationDate] => 2026-03-25
    [fullName] => DAS
    [nameWithInitials] => DSD
    [nicNo] => 601161311V
    [telNo] => 342352434523523
    [dob] => 2008-03-25
    [email] => asdj@gmail.com
    [address] => rer
    [occupation] => 1212
    [employerName] => Kasun Dilshan
    [beneficiaryName] => Array
        (
            [0] => WERWR
        )

    [beneficiaryNIC] => Array
        (
            [0] => 112232V
        )

    [beneficiaryPercentage] => Array
        (
            [0] => 100
        )

    [years] => 2
    [investmentAmount] => 100000
    [investmentType] => sustainable_agriculture
    [signingDate] => 2026-03-25
    [accountNo] => 2121
    [bank] => SAYLAN BANK
    [branch] => THISSAMAHARAMA BRANCH
    [declaration] => accepted
)

2026-03-25 13:58:28 - Attempting to upload file - Array
(
    [source] => C:\xampp\tmp\phpEEB6.tmp
    [destination] => C:\xampp\htdocs\eco-wealth-portal/uploads/69c39cac6e446_1774427308_Zo.pdf
    [file_size] => 1719826
)

2026-03-25 13:58:28 - File uploaded successfully - 69c39cac6e446_1774427308_Zo.pdf
2026-03-25 13:58:28 - Attempting to upload file - Array
(
    [source] => C:\xampp\tmp\phpEED7.tmp
    [destination] => C:\xampp\htdocs\eco-wealth-portal/uploads/69c39cac6eb5b_1774427308_Travel_itinerary_IT15799_260131_170804_THJEN260301_CHANNA_x4.pdf
    [file_size] => 287974
)

2026-03-25 13:58:28 - File uploaded successfully - 69c39cac6eb5b_1774427308_Travel_itinerary_IT15799_260131_170804_THJEN260301_CHANNA_x4.pdf
2026-03-25 13:58:28 - Attempting to upload file - Array
(
    [source] => C:\xampp\tmp\phpEEE7.tmp
    [destination] => C:\xampp\htdocs\eco-wealth-portal/uploads/69c39cac6f5f9_1774427308_Zo.pdf
    [file_size] => 1719826
)

2026-03-25 13:58:28 - File uploaded successfully - 69c39cac6f5f9_1774427308_Zo.pdf
2026-03-25 13:58:28 - Attempting to upload file - Array
(
    [source] => C:\xampp\tmp\phpEEE8.tmp
    [destination] => C:\xampp\htdocs\eco-wealth-portal/uploads/69c39cac6fe0d_1774427308_sere.pdf
    [file_size] => 788862
)

2026-03-25 13:58:28 - File uploaded successfully - 69c39cac6fe0d_1774427308_sere.pdf
2026-03-25 13:58:29 - Cleaned up file on error - C:\xampp\htdocs\eco-wealth-portal/uploads/69c39cac6e446_1774427308_Zo.pdf
2026-03-25 13:58:29 - Cleaned up file on error - C:\xampp\htdocs\eco-wealth-portal/uploads/69c39cac6eb5b_1774427308_Travel_itinerary_IT15799_260131_170804_THJEN260301_CHANNA_x4.pdf
2026-03-25 13:58:29 - Cleaned up file on error - C:\xampp\htdocs\eco-wealth-portal/uploads/69c39cac6f5f9_1774427308_Zo.pdf
2026-03-25 13:58:29 - Cleaned up file on error - C:\xampp\htdocs\eco-wealth-portal/uploads/69c39cac6fe0d_1774427308_sere.pdf
2026-03-25 13:58:29 - Form processing error - proofDocuments is required. Please upload the file.
2026-03-25 13:58:29 - Redirecting back to index with error - Array
(
    [error] => proofDocuments is required. Please upload the file.
)

2026-03-25 14:01:06 - Tables created successfully
2026-03-25 14:01:06 - Form submission started - Array
(
    [declarationDate] => 2026-03-25
    [fullName] => CX
    [nameWithInitials] => MK
    [nicNo] => 213131
    [telNo] => 07176333299
    [dob] => 2008-03-07
    [email] => ahs@gmail.com
    [address] => asdq
    [occupation] => DRIVER
    [employerName] => Kasun Dilshan
    [beneficiaryName] => Array
        (
            [0] => PADMAWATHI
        )

    [beneficiaryNIC] => Array
        (
            [0] => 565283181V
        )

    [beneficiaryPercentage] => Array
        (
            [0] => 100
        )

    [years] => 2
    [investmentAmount] => 200000
    [investmentType] => sustainable_agriculture
    [signingDate] => 2026-03-25
    [accountNo] => 12221
    [bank] => 12321312
    [branch] => THISSAMAHARAMA BRANCH
    [declaration] => accepted
)

2026-03-25 14:01:06 - Files received - Array
(
    [investorId] => Array
        (
            [name] => MF6794.pdf
            [type] => application/pdf
            [tmp_name] => C:\xampp\tmp\php575E.tmp
            [error] => 0
            [size] => 989860
        )

    [beneficiaryId] => Array
        (
            [name] => Travel_itinerary_IT15799_260131_170804 THJEN260301 CHANNA x4.pdf
            [type] => application/pdf
            [tmp_name] => C:\xampp\tmp\php578E.tmp
            [error] => 0
            [size] => 287974
        )

    [passbook] => Array
        (
            [name] => NAMAL.pdf
            [type] => application/pdf
            [tmp_name] => C:\xampp\tmp\php57AE.tmp
            [error] => 0
            [size] => 770848
        )

    [paymentSlip] => Array
        (
            [name] => Travel_itinerary_IT15799_260131_170804 THJEN260301 CHANNA x4.pdf
            [type] => application/pdf
            [tmp_name] => C:\xampp\tmp\php57AF.tmp
            [error] => 0
            [size] => 287974
        )

    [proofDocuments] => Array
        (
            [name] => MF6794.pdf
            [type] => application/pdf
            [tmp_name] => C:\xampp\tmp\php57BF.tmp
            [error] => 0
            [size] => 989860
        )

    [otherDocuments] => Array
        (
            [name] => Zo.pdf
            [type] => application/pdf
            [tmp_name] => C:\xampp\tmp\php57C0.tmp
            [error] => 0
            [size] => 1719826
        )

)

2026-03-25 14:01:06 - POST request received
2026-03-25 14:01:06 - Processing form data - Array
(
    [declarationDate] => 2026-03-25
    [fullName] => CX
    [nameWithInitials] => MK
    [nicNo] => 213131
    [telNo] => 07176333299
    [dob] => 2008-03-07
    [email] => ahs@gmail.com
    [address] => asdq
    [occupation] => DRIVER
    [employerName] => Kasun Dilshan
    [beneficiaryName] => Array
        (
            [0] => PADMAWATHI
        )

    [beneficiaryNIC] => Array
        (
            [0] => 565283181V
        )

    [beneficiaryPercentage] => Array
        (
            [0] => 100
        )

    [years] => 2
    [investmentAmount] => 200000
    [investmentType] => sustainable_agriculture
    [signingDate] => 2026-03-25
    [accountNo] => 12221
    [bank] => 12321312
    [branch] => THISSAMAHARAMA BRANCH
    [declaration] => accepted
)

2026-03-25 14:01:06 - Attempting to upload file - Array
(
    [source] => C:\xampp\tmp\php575E.tmp
    [destination] => C:\xampp\htdocs\eco-wealth-portal/uploads/69c39d4a5fbcb_1774427466_MF6794.pdf
    [file_size] => 989860
)

2026-03-25 14:01:06 - File uploaded successfully - 69c39d4a5fbcb_1774427466_MF6794.pdf
2026-03-25 14:01:06 - Attempting to upload file - Array
(
    [source] => C:\xampp\tmp\php578E.tmp
    [destination] => C:\xampp\htdocs\eco-wealth-portal/uploads/69c39d4a688c3_1774427466_Travel_itinerary_IT15799_260131_170804_THJEN260301_CHANNA_x4.pdf
    [file_size] => 287974
)

2026-03-25 14:01:06 - File uploaded successfully - 69c39d4a688c3_1774427466_Travel_itinerary_IT15799_260131_170804_THJEN260301_CHANNA_x4.pdf
2026-03-25 14:01:06 - Attempting to upload file - Array
(
    [source] => C:\xampp\tmp\php57AE.tmp
    [destination] => C:\xampp\htdocs\eco-wealth-portal/uploads/69c39d4a69970_1774427466_NAMAL.pdf
    [file_size] => 770848
)

2026-03-25 14:01:06 - File uploaded successfully - 69c39d4a69970_1774427466_NAMAL.pdf
2026-03-25 14:01:06 - Attempting to upload file - Array
(
    [source] => C:\xampp\tmp\php57AF.tmp
    [destination] => C:\xampp\htdocs\eco-wealth-portal/uploads/69c39d4a6a8ac_1774427466_Travel_itinerary_IT15799_260131_170804_THJEN260301_CHANNA_x4.pdf
    [file_size] => 287974
)

2026-03-25 14:01:06 - File uploaded successfully - 69c39d4a6a8ac_1774427466_Travel_itinerary_IT15799_260131_170804_THJEN260301_CHANNA_x4.pdf
2026-03-25 14:01:06 - Attempting to upload file - Array
(
    [source] => C:\xampp\tmp\php57BF.tmp
    [destination] => C:\xampp\htdocs\eco-wealth-portal/uploads/69c39d4a6b6c9_1774427466_MF6794.pdf
    [file_size] => 989860
)

2026-03-25 14:01:06 - File uploaded successfully - 69c39d4a6b6c9_1774427466_MF6794.pdf
2026-03-25 14:01:06 - Attempting to upload file - Array
(
    [source] => C:\xampp\tmp\php57C0.tmp
    [destination] => C:\xampp\htdocs\eco-wealth-portal/uploads/69c39d4a717e3_1774427466_Zo.pdf
    [file_size] => 1719826
)

2026-03-25 14:01:06 - File uploaded successfully - 69c39d4a717e3_1774427466_Zo.pdf
2026-03-25 14:01:06 - Cleaned up file on error - C:\xampp\htdocs\eco-wealth-portal/uploads/69c39d4a5fbcb_1774427466_MF6794.pdf
2026-03-25 14:01:06 - Cleaned up file on error - C:\xampp\htdocs\eco-wealth-portal/uploads/69c39d4a688c3_1774427466_Travel_itinerary_IT15799_260131_170804_THJEN260301_CHANNA_x4.pdf
2026-03-25 14:01:06 - Cleaned up file on error - C:\xampp\htdocs\eco-wealth-portal/uploads/69c39d4a69970_1774427466_NAMAL.pdf
2026-03-25 14:01:06 - Cleaned up file on error - C:\xampp\htdocs\eco-wealth-portal/uploads/69c39d4a6a8ac_1774427466_Travel_itinerary_IT15799_260131_170804_THJEN260301_CHANNA_x4.pdf
2026-03-25 14:01:06 - Cleaned up file on error - C:\xampp\htdocs\eco-wealth-portal/uploads/69c39d4a6b6c9_1774427466_MF6794.pdf
2026-03-25 14:01:06 - Cleaned up file on error - C:\xampp\htdocs\eco-wealth-portal/uploads/69c39d4a717e3_1774427466_Zo.pdf
2026-03-25 14:01:06 - Form processing error - SQLSTATE[23000]: Integrity constraint violation: 1062 Duplicate entry '213131' for key 'nic_no'
2026-03-25 14:01:06 - Redirecting back to index with error - Array
(
    [error] => SQLSTATE[23000]: Integrity constraint violation: 1062 Duplicate entry '213131' for key 'nic_no'
)

2026-03-25 14:01:37 - Tables created successfully
2026-03-25 14:04:01 - Tables created successfully
2026-03-25 14:04:01 - Form submission started - Array
(
    [declarationDate] => 2026-03-25
    [fullName] => UMESH
    [nameWithInitials] => UMESHQ
    [nicNo] => 957778162V
    [telNo] => 07122131229
    [dob] => 2008-02-24
    [email] => umesh@gmail.com
    [address] => gampaha
    [occupation] => IT
    [employerName] => serendib
    [beneficiaryName] => Array
        (
            [0] => sasa
        )

    [beneficiaryNIC] => Array
        (
            [0] => 987761310V
        )

    [beneficiaryPercentage] => Array
        (
            [0] => 100
        )

    [years] => 3
    [investmentAmount] => 500000
    [investmentType] => green_real_estate
    [signingDate] => 2026-03-25
    [accountNo] => 889377720
    [bank] => Peoples bank
    [branch] => gampaha
    [declaration] => accepted
)

2026-03-25 14:04:01 - Files received - Array
(
    [investorId] => Array
        (
            [name] => SerendibGroups.pdf
            [type] => application/pdf
            [tmp_name] => C:\xampp\tmp\php473.tmp
            [error] => 0
            [size] => 2236591
        )

    [beneficiaryId] => Array
        (
            [name] => java.pdf
            [type] => application/pdf
            [tmp_name] => C:\xampp\tmp\php4B2.tmp
            [error] => 0
            [size] => 2471157
        )

    [passbook] => Array
        (
            [name] => WhatsApp Image 2026-02-13 at 2.17.11 PM.jpeg
            [type] => image/jpeg
            [tmp_name] => C:\xampp\tmp\php4F2.tmp
            [error] => 0
            [size] => 85520
        )

    [paymentSlip] => Array
        (
            [name] => error.PNG
            [type] => image/png
            [tmp_name] => C:\xampp\tmp\php4F3.tmp
            [error] => 0
            [size] => 114538
        )

    [proofDocuments] => Array
        (
            [name] => qwq.PNG
            [type] => image/png
            [tmp_name] => C:\xampp\tmp\php503.tmp
            [error] => 0
            [size] => 73533
        )

    [otherDocuments] => Array
        (
            [name] => s2.PNG
            [type] => image/png
            [tmp_name] => C:\xampp\tmp\php504.tmp
            [error] => 0
            [size] => 662963
        )

)

2026-03-25 14:04:01 - POST request received
2026-03-25 14:04:01 - Processing form data - Array
(
    [declarationDate] => 2026-03-25
    [fullName] => UMESH
    [nameWithInitials] => UMESHQ
    [nicNo] => 957778162V
    [telNo] => 07122131229
    [dob] => 2008-02-24
    [email] => umesh@gmail.com
    [address] => gampaha
    [occupation] => IT
    [employerName] => serendib
    [beneficiaryName] => Array
        (
            [0] => sasa
        )

    [beneficiaryNIC] => Array
        (
            [0] => 987761310V
        )

    [beneficiaryPercentage] => Array
        (
            [0] => 100
        )

    [years] => 3
    [investmentAmount] => 500000
    [investmentType] => green_real_estate
    [signingDate] => 2026-03-25
    [accountNo] => 889377720
    [bank] => Peoples bank
    [branch] => gampaha
    [declaration] => accepted
)

2026-03-25 14:04:01 - Attempting to upload file - Array
(
    [source] => C:\xampp\tmp\php473.tmp
    [destination] => C:\xampp\htdocs\eco-wealth-portal/uploads/69c39df9c1a9c_1774427641_SerendibGroups.pdf
    [file_size] => 2236591
)

2026-03-25 14:04:01 - File uploaded successfully - 69c39df9c1a9c_1774427641_SerendibGroups.pdf
2026-03-25 14:04:01 - Attempting to upload file - Array
(
    [source] => C:\xampp\tmp\php4B2.tmp
    [destination] => C:\xampp\htdocs\eco-wealth-portal/uploads/69c39df9c6c79_1774427641_java.pdf
    [file_size] => 2471157
)

2026-03-25 14:04:01 - File uploaded successfully - 69c39df9c6c79_1774427641_java.pdf
2026-03-25 14:04:01 - Attempting to upload file - Array
(
    [source] => C:\xampp\tmp\php4F2.tmp
    [destination] => C:\xampp\htdocs\eco-wealth-portal/uploads/69c39df9c73e9_1774427641_WhatsApp_Image_2026_02_13_at_2.17.11_PM.jpeg
    [file_size] => 85520
)

2026-03-25 14:04:01 - File uploaded successfully - 69c39df9c73e9_1774427641_WhatsApp_Image_2026_02_13_at_2.17.11_PM.jpeg
2026-03-25 14:04:01 - Attempting to upload file - Array
(
    [source] => C:\xampp\tmp\php4F3.tmp
    [destination] => C:\xampp\htdocs\eco-wealth-portal/uploads/69c39df9c7dda_1774427641_error.PNG
    [file_size] => 114538
)

2026-03-25 14:04:01 - File uploaded successfully - 69c39df9c7dda_1774427641_error.PNG
2026-03-25 14:04:01 - Attempting to upload file - Array
(
    [source] => C:\xampp\tmp\php503.tmp
    [destination] => C:\xampp\htdocs\eco-wealth-portal/uploads/69c39df9c8e5f_1774427641_qwq.PNG
    [file_size] => 73533
)

2026-03-25 14:04:01 - File uploaded successfully - 69c39df9c8e5f_1774427641_qwq.PNG
2026-03-25 14:04:01 - Attempting to upload file - Array
(
    [source] => C:\xampp\tmp\php504.tmp
    [destination] => C:\xampp\htdocs\eco-wealth-portal/uploads/69c39df9c980a_1774427641_s2.PNG
    [file_size] => 662963
)

2026-03-25 14:04:01 - File uploaded successfully - 69c39df9c980a_1774427641_s2.PNG
2026-03-25 14:04:01 - Investor inserted successfully - Array
(
    [id] => 37
)

2026-03-25 14:04:01 - Beneficiary inserted - Array
(
    [investor_id] => 37
    [name] => sasa
)

2026-03-25 14:04:01 - Transaction committed successfully - Array
(
    [application_id] => 37
)

2026-03-25 14:04:03 - Email sending attempt - Array
(
    [sent] => 
    [to] => umesh@gmail.com
)

2026-03-25 14:04:03 - Redirecting to submit.php - Array
(
    [application_id] => 37
)

2026-03-25 14:04:04 - Tables created successfully
2026-03-25 14:17:01 - Tables created successfully
